recv_tsec,recv_tnsec,venue,stream_kind,shard_id,conn_epoch,conn_seq,symbol,payload_json
1780792020|24613000|binance|depth|0|0|0|BTCUSDT|"""{""lastUpdateId"":95220197983,""bids"":[[""60826.92000000"",""0.15953000""],[""60826.91000000"",""0.00081000""],[""60826.68000000"",""0.00009000""],[""60826.64000000"",""0.00675000""],[""60826.63000000"",""0.00589000""]],""asks"":[[""60826.93000000"",""4.41726000""],[""60826.94000000"",""0.00155000""],[""60826.95000000"",""0.00017000""],[""60828.12000000"",""0.00018000""],[""60828.13000000"",""0.11780000""]]}"""
1780792020|24763000|binance|depth|0|0|1|BTCUSDT|"""{""e"":""depthUpdate"",""E"":1780791932614,""s"":""BTCUSDT"",""U"":95220197971,""u"":95220197983,""b"":[[""60819.46000000"",""0.00000000""],[""60818.90000000"",""0.00910000""],[""54744.23000000"",""0.00500000""],[""48661.54000000"",""0.00000000""]],""a"":[[""60835.50000000"",""0.02400000""],[""60836.10000000"",""0.04000000""],[""60836.71000000"",""0.04000000""],[""60836.75000000"",""0.02000000""],[""60839.85000000"",""0.00000000""],[""60842.29000000"",""0.00000000""],[""60883.71000000"",""0.00000000""]]}"""
1780792020|24770000|binance|depth|0|0|2|BTCUSDT|"""{""e"":""trade"",""E"":1780791932711,""s"":""BTCUSDT"",""t"":6380215105,""p"":""60826.92000000"",""q"":""0.00200000"",""T"":1780791932711,""m"":true,""M"":true}"""
1780792020|24772000|binance|depth|0|0|3|BTCUSDT|"""{""lastUpdateId"":95220198000,""bids"":[[""60826.92000000"",""0.15753000""],[""60826.91000000"",""0.00081000""],[""60826.68000000"",""0.00009000""],[""60826.64000000"",""0.00675000""],[""60826.63000000"",""0.00589000""]],""asks"":[[""60826.93000000"",""4.41726000""],[""60826.94000000"",""0.00155000""],[""60826.95000000"",""0.00017000""],[""60828.12000000"",""0.00018000""],[""60828.13000000"",""0.11780000""]]}"""
1780792020|24781000|binance|depth|0|0|4|BTCUSDT|"""{""e"":""depthUpdate"",""E"":1780791932714,""s"":""BTCUSDT"",""U"":95220197984,""u"":95220198000,""b"":[[""60826.92000000"",""0.15753000""],[""60826.91000000"",""0.00081000""],[""54744.23000000"",""0.00500000""],[""48661.54000000"",""0.00000000""]],""a"":[[""60839.90000000"",""0.00000000""],[""60841.68000000"",""0.00000000""],[""60842.95000000"",""0.00000000""],[""60884.97000000"",""0.00000000""]]}"""
1780792020|24785000|binance|depth|0|0|5|BTCUSDT|"""{""e"":""trade"",""E"":1780791932724,""s"":""BTCUSDT"",""t"":6380215106,""p"":""60826.92000000"",""q"":""0.00044000"",""T"":1780791932724,""m"":true,""M"":true}"""
1780792020|24788000|binance|depth|0|0|6|BTCUSDT|"""{""lastUpdateId"":95220198023,""bids"":[[""60826.92000000"",""0.15499000""],[""60826.91000000"",""0.00081000""],[""60826.68000000"",""0.00009000""],[""60826.64000000"",""0.00675000""],[""60826.63000000"",""0.00589000""]],""asks"":[[""60826.93000000"",""4.41726000""],[""60826.94000000"",""0.00155000""],[""60826.95000000"",""0.00017000""],[""60828.12000000"",""0.00018000""],[""60828.13000000"",""0.11780000""]]}"""
1780792020|24795000|binance|depth|0|0|7|BTCUSDT|"""{""e"":""depthUpdate"",""E"":1780791932814,""s"":""BTCUSDT"",""U"":95220198001,""u"":95220198023,""b"":[[""60826.92000000"",""0.15499000""],[""60825.61000000"",""0.00000000""],[""60825.60000000"",""0.00018000""],[""60822.62000000"",""0.00018000""],[""60822.61000000"",""0.30123000""],[""60818.59000000"",""0.00024000""],[""60808.13000000"",""0.85586000""],[""60806.54000000"",""0.00010000""],[""60800.25000000"",""0.00000000""],[""60798.66000000"",""0.00210000""],[""54744.23000000"",""0.00500000""]],""a"":[[""60842.90000000"",""0.00000000""],[""60847.33000000"",""0.00200000""],[""60848.92000000"",""0.00000000""],[""60892.08000000"",""0.11244000""],[""81537.94000000"",""0.00052000""]]}"""
1780792020|24800000|binance|depth|0|0|8|BTCUSDT|"""{""lastUpdateId"":95220198039,""bids"":[[""60826.92000000"",""0.15490000""],[""60826.91000000"",""0.00081000""],[""60826.68000000"",""0.00009000""],[""60826.64000000"",""0.00675000""],[""60826.63000000"",""0.00589000""]],""asks"":[[""60826.93000000"",""4.41726000""],[""60826.94000000"",""0.00155000""],[""60826.95000000"",""0.00017000""],[""60828.12000000"",""0.00018000""],[""60828.13000000"",""0.11780000""]]}"""
1780792020|24808000|binance|depth|0|0|9|BTCUSDT|"""{""e"":""depthUpdate"",""E"":1780791932914,""s"":""BTCUSDT"",""U"":95220198024,""u"":95220198039,""b"":[[""60826.92000000"",""0.15490000""],[""60826.63000000"",""0.00589000""],[""60825.60000000"",""0.00000000""],[""60822.60000000"",""0.11403000""],[""60818.59000000"",""1.57876000""],[""54744.23000000"",""0.00500000""]],""a"":[[""60848.28000000"",""0.02000000""],[""60883.91000000"",""0.02000000""]]}"""
1780792020|24812000|binance|depth|0|0|10|BTCUSDT|"""{""e"":""trade"",""E"":1780791932943,""s"":""BTCUSDT"",""t"":6380215107,""p"":""60826.92000000"",""q"":""0.00200000"",""T"":1780791932943,""m"":true,""M"":true}"""
1780792020|24828000|binance|depth|0|0|11|BTCUSDT|"""{""lastUpdateId"":95220198049,""bids"":[[""60826.92000000"",""0.15290000""],[""60826.91000000"",""0.00081000""],[""60826.68000000"",""0.00009000""],[""60826.64000000"",""0.00675000""],[""60826.63000000"",""0.00589000""]],""asks"":[[""60826.93000000"",""4.41726000""],[""60826.94000000"",""0.00155000""],[""60826.95000000"",""0.00017000""],[""60828.12000000"",""0.00018000""],[""60828.13000000"",""0.11780000""]]}"""
1780792020|24835000|binance|depth|0|0|12|BTCUSDT|"""{""e"":""depthUpdate"",""E"":1780791933014,""s"":""BTCUSDT"",""U"":95220198040,""u"":95220198049,""b"":[[""60826.92000000"",""0.15290000""],[""54744.23000000"",""0.00500000""],[""48662.00000000"",""0.00000000""],[""48661.54000000"",""0.00041000""]],""a"":[[""60883.91000000"",""0.00000000""],[""85069.31000000"",""0.00057000""]]}"""
1780792020|24839000|binance|depth|0|0|13|BTCUSDT|"""{""lastUpdateId"":95220198066,""bids"":[[""60826.92000000"",""0.15527000""],[""60826.91000000"",""0.00098000""],[""60826.90000000"",""0.00017000""],[""60826.68000000"",""0.00009000""],[""60826.64000000"",""0.00675000""]],""asks"":[[""60826.93000000"",""4.41745000""],[""60826.94000000"",""0.00155000""],[""60826.95000000"",""0.00017000""],[""60828.12000000"",""0.00018000""],[""60828.13000000"",""0.11780000""]]}"""
1780792020|24846000|binance|depth|0|0|14|BTCUSDT|"""{""e"":""depthUpdate"",""E"":1780791933114,""s"":""BTCUSDT"",""U"":95220198050,""u"":95220198066,""b"":[[""60826.92000000"",""0.15527000""],[""60826.91000000"",""0.00098000""],[""60826.90000000"",""0.00017000""],[""60522.79000000"",""0.10000000""],[""60504.63000000"",""0.30000000""],[""60486.47000000"",""0.50000000""],[""54744.23000000"",""0.00500000""]],""a"":[[""60826.93000000"",""4.41745000""]]}"""
1780792020|24849000|binance|depth|0|0|15|BTCUSDT|"""{""e"":""trade"",""E"":1780791933171,""s"":""BTCUSDT"",""t"":6380215108,""p"":""60826.92000000"",""q"":""0.00200000"",""T"":1780791933171,""m"":true,""M"":true}"""
1780792020|24852000|binance|depth|0|0|16|BTCUSDT|"""{""lastUpdateId"":95220198099,""bids"":[[""60826.92000000"",""0.15318000""],[""60826.91000000"",""0.00098000""],[""60826.90000000"",""0.00017000""],[""60826.68000000"",""0.00009000""],[""60826.64000000"",""0.00675000""]],""asks"":[[""60826.93000000"",""4.41745000""],[""60826.94000000"",""0.00155000""],[""60826.95000000"",""0.00017000""],[""60828.12000000"",""0.00018000""],[""60828.13000000"",""0.11780000""]]}"""
1780792020|24859000|binance|depth|0|0|17|BTCUSDT|"""{""e"":""depthUpdate"",""E"":1780791933214,""s"":""BTCUSDT"",""U"":95220198067,""u"":95220198099,""b"":[[""60826.92000000"",""0.15318000""],[""60826.91000000"",""0.00098000""],[""60822.62000000"",""0.00000000""],[""60822.61000000"",""0.00036000""],[""60822.28000000"",""0.00019000""],[""60816.40000000"",""0.00009000""],[""60468.31000000"",""0.70000000""],[""58290.00000000"",""0.13332000""],[""58000.00000000"",""366.52731000""],[""54744.23000000"",""0.00500000""],[""54744.22000000"",""0.00010000""],[""48661.54000000"",""0.00000000""]],""a"":[[""60828.98000000"",""0.15642000""],[""60830.09000000"",""0.00000000""],[""60830.98000000"",""0.00000000""],[""60832.50000000"",""0.00031000""],[""60832.51000000"",""0.00000000""],[""60833.00000000"",""0.10000000""],[""60833.89000000"",""0.00905000""],[""60840.74000000"",""0.00009000""],[""60851.24000000"",""0.30000000""],[""60869.49000000"",""0.50000000""],[""60881.59000000"",""0.58980000""],[""60887.74000000"",""0.70000000""],[""61374.36000000"",""0.00010000""]]}"""
1780792020|24866000|binance|depth|0|0|18|BTCUSDT|"""{""e"":""trade"",""E"":1780791933242,""s"":""BTCUSDT"",""t"":6380215109,""p"":""60826.92000000"",""q"":""0.00011000"",""T"":1780791933241,""m"":true,""M"":true}"""
1780792020|24869000|binance|depth|0|0|19|BTCUSDT|"""{""lastUpdateId"":95220198314,""bids"":[[""60826.92000000"",""0.01826000""],[""60826.91000000"",""0.00098000""],[""60826.90000000"",""0.00017000""],[""60826.68000000"",""0.00009000""],[""60826.64000000"",""0.00675000""]],""asks"":[[""60826.93000000"",""4.43745000""],[""60826.94000000"",""0.00155000""],[""60826.95000000"",""0.00017000""],[""60828.13000000"",""0.11771000""],[""60828.21000000"",""0.00400000""]]}"""
1780792020|24887000|binance|depth|0|0|20|BTCUSDT|"""{""e"":""depthUpdate"",""E"":1780791933314,""s"":""BTCUSDT"",""U"":95220198100,""u"":95220198314,""b"":[[""60826.92000000"",""0.01826000""],[""60826.91000000"",""0.00098000""],[""60824.92000000"",""0.00166000""],[""60824.29000000"",""0.00000000""],[""60824.28000000"",""0.00018000""],[""60824.22000000"",""0.00000000""],[""60823.19000000"",""0.00000000""],[""60823.18000000"",""0.00036000""],[""60822.75000000"",""0.00028000""],[""60822.74000000"",""0.11581000""],[""60822.61000000"",""0.00000000""],[""60822.60000000"",""0.00027000""],[""60822.58000000"",""0.00028000""],[""60822.57000000"",""0.01738000""],[""60822.28000000"",""0.00010000""],[""60822.27000000"",""0.00009000""],[""60822.18000000"",""0.00000000""],[""60822.17000000"",""0.00000000""],[""60821.38000000"",""0.00000000""],[""60821.02000000"",""0.00000000""],[""60820.56000000"",""0.00009000""],[""60820.55000000"",""0.00000000""],[""60820.54000000"",""0.00300000""],[""60820.50000000"",""0.00018000""],[""60820.47000000"",""0.00018000""],[""60820.33000000"",""0.00043000""],[""60820.32000000"",""0.11378000""],[""60820.19000000"",""0.00000000""],[""60820.18000000"",""0.00000000""],[""60820.11000000"",""0.00010000""],[""60820.10000000"",""0.00000000""],[""60819.94000000"",""0.00009000""],[""60819.70000000"",""0.10614000""],[""60819.66000000"",""0.00000000""],[""60819.65000000"",""0.00000000""],[""60819.63000000"",""0.28298000""],[""60819.62000000"",""0.17764000""],[""60819.50000000"",""0.00000000""],[""60819.45000000"",""0.00000000""],[""60818.93000000"",""0.00000000""],[""60818.90000000"",""0.07579000""],[""60818.86000000"",""0.00000000""],[""60818.85000000"",""0.00000000""],[""60818.64000000"",""0.00658000""],[""60818.63000000"",""0.00658000""],[""60818.62000000"",""0.00000000""],[""60818.61000000"",""0.00000000""],[""60818.60000000"",""0.00000000""],[""60818.59000000"",""0.00034000""],[""60818.57000000"",""0.00000000""],[""60818.46000000"",""0.00000000""],[""60818.35000000"",""0.00000000""],[""60817.68000000"",""0.11378000""],[""60817.52000000"",""0.00328000""],[""60817.50000000"",""0.00409000""],[""60817.18000000"",""0.00010000""],[""60816.86000000"",""0.00925000""],[""60816.85000000"",""0.00000000""],[""60816.66000000"",""0.00010000""],[""60816.36000000"",""0.11378000""],[""60816.22000000"",""0.00822000""],[""60816.13000000"",""0.00000000""],[""60815.79000000"",""0.75267000""],[""60815.78000000"",""1.57852000""],[""60815.77000000"",""0.00000000""],[""60815.76000000"",""0.00000000""],[""60815.75000000"",""0.00000000""],[""60815.58000000"",""0.24273000""],[""60815.40000000"",""0.06737000""],[""60815.05000000"",""0.00000000""],[""60814.35000000"",""0.00000000""],[""60814.01000000"",""0.00822000""],[""60813.33000000"",""0.00333000""],[""60812.79000000"",""0.49432000""],[""60812.77000000"",""0.00000000""],[""60812.64000000"",""0.15000000""],[""60812.43000000"",""1.57862000""],[""60812.42000000"",""0.00000000""],[""60810.11000000"",""0.01644000""],[""60809.89000000"",""0.00000000""],[""60809.71000000"",""0.58549000""],[""60809.70000000"",""1.57863000""],[""60808.14000000"",""2.63044000""],[""60808.12000000"",""0.82245000""],[""60808.11000000"",""0.00000000""],[""60806.54000000"",""0.00000000""],[""60803.06000000"",""2.63034000""],[""60795.05000000"",""0.59242000""],[""60794.55000000"",""0.00400000""],[""60765.90000000"",""0.00000000""],[""60765.04000000"",""0.00000000""],[""60729.07000000"",""0.00000000""],[""60728.87000000"",""0.00000000""],[""60728.86000000"",""0.00000000""],[""60727.50000000"",""0.00000000""],[""60726.80000000"",""0.00000000""],[""60577.16000000"",""0.00000000""],[""60569.29000000"",""0.00047000""],[""54744.23000000"",""0.00480000""]],""a"":[[""60826.93000000"",""4.43745000""],[""60827.47000000"",""0.00000000""],[""60828.12000000"",""0.00000000""],[""60828.13000000"",""0.11771000""],[""60828.22000000"",""0.00010000""],[""60828.24000000"",""0.00000000""],[""60828.40000000"",""0.00417000""],[""60828.55000000"",""0.02000000""],[""60828.98000000"",""0.15235000""],[""60831.11000000"",""0.33846000""],[""60832.85000000"",""0.13009000""],[""60836.34000000"",""0.01370000""],[""60837.16000000"",""0.11388000""],[""60837.35000000"",""0.00000000""],[""60838.41000000"",""0.11388000""],[""60838.75000000"",""0.00000000""],[""60842.80000000"",""0.00193000""],[""60843.33000000"",""0.59195000""],[""60844.88000000"",""0.00000000""],[""60849.27000000"",""0.00624000""],[""60851.10000000"",""0.00435000""],[""60853.41000000"",""1.43657000""],[""60853.57000000"",""0.00428000""],[""60853.90000000"",""0.00427000""],[""60854.06000000"",""0.00000000""],[""60854.35000000"",""1.62759000""],[""60856.62000000"",""0.00000000""],[""60858.36000000"",""0.00000000""],[""60860.95000000"",""0.00000000""],[""60861.51000000"",""0.00000000""],[""60878.16000000"",""0.00000000""],[""60879.13000000"",""0.17438000""],[""60879.84000000"",""0.00000000""],[""60881.59000000"",""0.02000000""],[""60964.96000000"",""0.00000000""],[""60992.02000000"",""0.02575000""],[""60998.39000000"",""0.00009000""],[""61024.42000000"",""0.00000000""],[""77799.46000000"",""0.00000000""],[""85805.22000000"",""0.00028000""]]}"""
1780792020|24923000|binance|depth|0|0|21|BTCUSDT|"""{""e"":""trade"",""E"":1780791933401,""s"":""BTCUSDT"",""t"":6380215110,""p"":""60826.92000000"",""q"":""0.00132000"",""T"":1780791933400,""m"":true,""M"":true}"""
1780792020|24926000|binance|depth|0|0|22|BTCUSDT|"""{""e"":""trade"",""E"":1780791933401,""s"":""BTCUSDT"",""t"":6380215111,""p"":""60826.92000000"",""q"":""0.00068000"",""T"":1780791933400,""m"":true,""M"":true}"""
1780792020|24928000|binance|depth|0|0|23|BTCUSDT|"""{""lastUpdateId"":95220198364,""bids"":[[""60826.92000000"",""0.01836000""],[""60826.91000000"",""0.00098000""],[""60826.90000000"",""0.00017000""],[""60826.68000000"",""0.00009000""],[""60826.64000000"",""0.00675000""]],""asks"":[[""60826.93000000"",""4.43745000""],[""60826.94000000"",""0.00155000""],[""60826.95000000"",""0.00017000""],[""60828.13000000"",""0.11771000""],[""60828.21000000"",""0.00400000""]]}"""
1780792020|24935000|binance|depth|0|0|24|BTCUSDT|"""{""e"":""depthUpdate"",""E"":1780791933414,""s"":""BTCUSDT"",""U"":95220198315,""u"":95220198364,""b"":[[""60826.92000000"",""0.01836000""],[""60826.63000000"",""0.00589000""],[""60824.52000000"",""0.00009000""],[""60824.28000000"",""0.00000000""],[""60823.81000000"",""0.00586000""],[""60823.18000000"",""0.00018000""],[""60822.74000000"",""0.11581000""],[""60822.60000000"",""0.00009000""],[""60822.57000000"",""0.01738000""],[""60820.49000000"",""0.02618000""],[""60820.46000000"",""0.02418000""],[""60820.32000000"",""0.11396000""],[""60806.49000000"",""0.00000000""],[""60805.51000000"",""0.00200000""],[""60789.18000000"",""0.56006000""],[""60759.18000000"",""0.00000000""],[""60743.43000000"",""0.00000000""],[""54744.23000000"",""0.00480000""]],""a"":[[""60842.02000000"",""0.00200000""],[""60842.99000000"",""0.00000000""],[""60848.90000000"",""0.04000000""],[""60866.99000000"",""0.38043000""],[""60870.42000000"",""0.56990000""],[""60881.81000000"",""0.02000000""],[""60882.94000000"",""0.02000000""],[""61016.49000000"",""0.00046000""]]}"""
1780792020|24943000|binance|depth|0|0|25|BTCUSDT|"""{""lastUpdateId"":95220198390,""bids"":[[""60826.92000000"",""0.01922000""],[""60826.91000000"",""0.00098000""],[""60826.90000000"",""0.00017000""],[""60826.68000000"",""0.00009000""],[""60826.64000000"",""0.00675000""]],""asks"":[[""60826.93000000"",""4.43756000""],[""60826.94000000"",""0.00155000""],[""60826.95000000"",""0.00017000""],[""60828.13000000"",""0.11771000""],[""60828.21000000"",""0.00400000""]]}"""
1780792020|24952000|binance|depth|0|0|26|BTCUSDT|"""{""e"":""depthUpdate"",""E"":1780791933514,""s"":""BTCUSDT"",""U"":95220198365,""u"":95220198390,""b"":[[""60826.92000000"",""0.01922000""],[""60813.54000000"",""0.14030000""],[""60761.32000000"",""0.00000000""],[""60725.95000000"",""1.48554000""],[""60711.40000000"",""2.92631000""],[""54744.23000000"",""0.00500000""],[""48661.54000000"",""0.00041000""]],""a"":[[""60826.93000000"",""4.43756000""],[""60828.40000000"",""0.00407000""],[""60828.97000000"",""0.00010000""],[""60830.14000000"",""0.00836000""],[""60831.09000000"",""0.00000000""],[""60832.84000000"",""0.00010000""],[""60848.93000000"",""0.02000000""],[""60852.64000000"",""0.00010000""],[""60881.81000000"",""0.00000000""],[""60881.86000000"",""0.00000000""],[""60882.94000000"",""0.00000000""],[""60938.13000000"",""0.00000000""],[""60946.07000000"",""0.90288000""],[""60947.44000000"",""2.91498000""]]}"""
1780792020|24967000|binance|depth|0|0|27|BTCUSDT|"""{""lastUpdateId"":95220198424,""bids"":[[""60826.92000000"",""0.01703000""],[""60826.91000000"",""0.00089000""],[""60826.90000000"",""0.00017000""],[""60826.68000000"",""0.00009000""],[""60826.64000000"",""0.00675000""]],""asks"":[[""60826.93000000"",""4.43756000""],[""60826.94000000"",""0.00155000""],[""60826.95000000"",""0.00017000""],[""60828.12000000"",""0.00822000""],[""60828.13000000"",""0.11771000""]]}"""
1780792020|24975000|binance|depth|0|0|28|BTCUSDT|"""{""e"":""depthUpdate"",""E"":1780791933614,""s"":""BTCUSDT"",""U"":95220198391,""u"":95220198424,""b"":[[""60826.92000000"",""0.01703000""],[""60826.91000000"",""0.00089000""],[""60824.92000000"",""0.00000000""],[""60822.57000000"",""0.00018000""],[""60821.83000000"",""0.01201000""],[""60818.59000000"",""1.57886000""],[""60817.68000000"",""0.00000000""],[""60816.36000000"",""0.00000000""],[""60802.58000000"",""0.00000000""],[""60759.31000000"",""0.00332000""],[""60747.22000000"",""0.05098000""],[""60741.57000000"",""0.00000000""],[""59834.61000000"",""0.24771000""],[""54744.23000000"",""0.00500000""],[""54744.00000000"",""0.00020000""],[""48661.54000000"",""0.00000000""]],""a"":[[""60828.12000000"",""0.00822000""],[""60829.22000000"",""0.16440000""],[""60829.55000000"",""0.00000000""],[""60831.11000000"",""0.33024000""],[""60832.27000000"",""0.00911000""],[""60850.72000000"",""0.02400000""],[""60851.33000000"",""0.02000000""],[""60851.94000000"",""0.02000000""],[""60851.97000000"",""0.02000000""],[""60864.01000000"",""0.00000000""],[""60883.70000000"",""0.00000000""],[""60884.97000000"",""0.02000000""],[""60929.74000000"",""0.05226000""],[""60951.46000000"",""0.00163000""],[""60955.58000000"",""0.00000000""],[""86293.87000000"",""0.00020000""]]}"""
1780792020|24983000|binance|depth|0|0|29|BTCUSDT|"""{""e"":""trade"",""E"":1780791933629,""s"":""BTCUSDT"",""t"":6380215112,""p"":""60826.92000000"",""q"":""0.01462000"",""T"":1780791933628,""m"":true,""M"":true}"""
1780792020|24986000|binance|depth|0|0|30|BTCUSDT|"""{""e"":""trade"",""E"":1780791933629,""s"":""BTCUSDT"",""t"":6380215113,""p"":""60826.92000000"",""q"":""0.00009000"",""T"":1780791933628,""m"":true,""M"":true}"""
1780792020|24988000|binance|depth|0|0|31|BTCUSDT|"""{""e"":""trade"",""E"":1780791933629,""s"":""BTCUSDT"",""t"":6380215114,""p"":""60826.92000000"",""q"":""0.00009000"",""T"":1780791933628,""m"":true,""M"":true}"""
1780792020|24990000|binance|depth|0|0|32|BTCUSDT|"""{""e"":""trade"",""E"":1780791933629,""s"":""BTCUSDT"",""t"":6380215115,""p"":""60826.92000000"",""q"":""0.00009000"",""T"":1780791933628,""m"":true,""M"":true}"""
1780792020|24992000|binance|depth|0|0|33|BTCUSDT|"""{""e"":""trade"",""E"":1780791933629,""s"":""BTCUSDT"",""t"":6380215116,""p"":""60826.92000000"",""q"":""0.00010000"",""T"":1780791933628,""m"":true,""M"":true}"""
1780792020|24995000|binance|depth|0|0|34|BTCUSDT|"""{""e"":""trade"",""E"":1780791933629,""s"":""BTCUSDT"",""t"":6380215117,""p"":""60826.92000000"",""q"":""0.00009000"",""T"":1780791933628,""m"":true,""M"":true}"""
1780792020|24997000|binance|depth|0|0|35|BTCUSDT|"""{""e"":""trade"",""E"":1780791933629,""s"":""BTCUSDT"",""t"":6380215118,""p"":""60826.92000000"",""q"":""0.00009000"",""T"":1780791933628,""m"":true,""M"":true}"""
1780792020|24999000|binance|depth|0|0|36|BTCUSDT|"""{""e"":""trade"",""E"":1780791933629,""s"":""BTCUSDT"",""t"":6380215119,""p"":""60826.92000000"",""q"":""0.00009000"",""T"":1780791933628,""m"":true,""M"":true}"""
1780792020|25008000|binance|depth|0|0|37|BTCUSDT|"""{""e"":""trade"",""E"":1780791933629,""s"":""BTCUSDT"",""t"":6380215120,""p"":""60826.92000000"",""q"":""0.00009000"",""T"":1780791933628,""m"":true,""M"":true}"""
1780792020|25011000|binance|depth|0|0|38|BTCUSDT|"""{""e"":""trade"",""E"":1780791933629,""s"":""BTCUSDT"",""t"":6380215121,""p"":""60826.92000000"",""q"":""0.00009000"",""T"":1780791933628,""m"":true,""M"":true}"""
1780792020|25013000|binance|depth|0|0|39|BTCUSDT|"""{""e"":""trade"",""E"":1780791933629,""s"":""BTCUSDT"",""t"":6380215122,""p"":""60826.92000000"",""q"":""0.00009000"",""T"":1780791933628,""m"":true,""M"":true}"""
1780792020|25015000|binance|depth|0|0|40|BTCUSDT|"""{""e"":""trade"",""E"":1780791933629,""s"":""BTCUSDT"",""t"":6380215123,""p"":""60826.92000000"",""q"":""0.00009000"",""T"":1780791933628,""m"":true,""M"":true}"""
1780792020|25017000|binance|depth|0|0|41|BTCUSDT|"""{""e"":""trade"",""E"":1780791933629,""s"":""BTCUSDT"",""t"":6380215124,""p"":""60826.92000000"",""q"":""0.00010000"",""T"":1780791933628,""m"":true,""M"":true}"""
1780792020|25019000|binance|depth|0|0|42|BTCUSDT|"""{""e"":""trade"",""E"":1780791933629,""s"":""BTCUSDT"",""t"":6380215125,""p"":""60826.92000000"",""q"":""0.00009000"",""T"":1780791933628,""m"":true,""M"":true}"""
1780792020|25022000|binance|depth|0|0|43|BTCUSDT|"""{""e"":""trade"",""E"":1780791933629,""s"":""BTCUSDT"",""t"":6380215126,""p"":""60826.92000000"",""q"":""0.00010000"",""T"":1780791933628,""m"":true,""M"":true}"""
1780792020|25024000|binance|depth|0|0|44|BTCUSDT|"""{""e"":""trade"",""E"":1780791933629,""s"":""BTCUSDT"",""t"":6380215127,""p"":""60826.92000000"",""q"":""0.00017000"",""T"":1780791933628,""m"":true,""M"":true}"""
1780792020|25026000|binance|depth|0|0|45|BTCUSDT|"""{""e"":""trade"",""E"":1780791933629,""s"":""BTCUSDT"",""t"":6380215128,""p"":""60826.92000000"",""q"":""0.00086000"",""T"":1780791933628,""m"":true,""M"":true}"""
1780792020|25028000|binance|depth|0|0|46|BTCUSDT|"""{""e"":""trade"",""E"":1780791933629,""s"":""BTCUSDT"",""t"":6380215129,""p"":""60826.92000000"",""q"":""0.00009000"",""T"":1780791933628,""m"":true,""M"":true}"""
1780792020|25030000|binance|depth|0|0|47|BTCUSDT|"""{""e"":""trade"",""E"":1780791933629,""s"":""BTCUSDT"",""t"":6380215130,""p"":""60826.91000000"",""q"":""0.00009000"",""T"":1780791933628,""m"":true,""M"":true}"""
1780792020|25033000|binance|depth|0|0|48|BTCUSDT|"""{""e"":""trade"",""E"":1780791933629,""s"":""BTCUSDT"",""t"":6380215131,""p"":""60826.91000000"",""q"":""0.00009000"",""T"":1780791933628,""m"":true,""M"":true}"""
1780792020|25035000|binance|depth|0|0|49|BTCUSDT|"""{""e"":""trade"",""E"":1780791933629,""s"":""BTCUSDT"",""t"":6380215132,""p"":""60826.91000000"",""q"":""0.00009000"",""T"":1780791933628,""m"":true,""M"":true}"""
1780792020|25037000|binance|depth|0|0|50|BTCUSDT|"""{""e"":""trade"",""E"":1780791933629,""s"":""BTCUSDT"",""t"":6380215133,""p"":""60826.91000000"",""q"":""0.00009000"",""T"":1780791933628,""m"":true,""M"":true}"""
1780792020|25039000|binance|depth|0|0|51|BTCUSDT|"""{""e"":""trade"",""E"":1780791933629,""s"":""BTCUSDT"",""t"":6380215134,""p"":""60826.91000000"",""q"":""0.00009000"",""T"":1780791933628,""m"":true,""M"":true}"""
1780792020|25041000|binance|depth|0|0|52|BTCUSDT|"""{""e"":""trade"",""E"":1780791933629,""s"":""BTCUSDT"",""t"":6380215135,""p"":""60826.91000000"",""q"":""0.00009000"",""T"":1780791933628,""m"":true,""M"":true}"""
1780792020|25043000|binance|depth|0|0|53|BTCUSDT|"""{""e"":""trade"",""E"":1780791933629,""s"":""BTCUSDT"",""t"":6380215136,""p"":""60826.91000000"",""q"":""0.00017000"",""T"":1780791933628,""m"":true,""M"":true}"""
1780792020|25046000|binance|depth|0|0|54|BTCUSDT|"""{""e"":""trade"",""E"":1780791933629,""s"":""BTCUSDT"",""t"":6380215137,""p"":""60826.91000000"",""q"":""0.00009000"",""T"":1780791933628,""m"":true,""M"":true}"""
1780792020|25048000|binance|depth|0|0|55|BTCUSDT|"""{""e"":""trade"",""E"":1780791933629,""s"":""BTCUSDT"",""t"":6380215138,""p"":""60826.91000000"",""q"":""0.00009000"",""T"":1780791933628,""m"":true,""M"":true}"""
1780792020|25056000|binance|depth|0|0|56|BTCUSDT|"""{""e"":""trade"",""E"":1780791933629,""s"":""BTCUSDT"",""t"":6380215139,""p"":""60826.90000000"",""q"":""0.00017000"",""T"":1780791933628,""m"":true,""M"":true}"""
1780792020|25058000|binance|depth|0|0|57|BTCUSDT|"""{""e"":""trade"",""E"":1780791933629,""s"":""BTCUSDT"",""t"":6380215140,""p"":""60826.68000000"",""q"":""0.00009000"",""T"":1780791933628,""m"":true,""M"":true}"""
1780792020|25061000|binance|depth|0|0|58|BTCUSDT|"""{""e"":""trade"",""E"":1780791933629,""s"":""BTCUSDT"",""t"":6380215141,""p"":""60826.64000000"",""q"":""0.00657000"",""T"":1780791933628,""m"":true,""M"":true}"""
1780792020|25063000|binance|depth|0|0|59|BTCUSDT|"""{""e"":""trade"",""E"":1780791933629,""s"":""BTCUSDT"",""t"":6380215142,""p"":""60826.64000000"",""q"":""0.00009000"",""T"":1780791933628,""m"":true,""M"":true}"""
1780792020|25065000|binance|depth|0|0|60|BTCUSDT|"""{""e"":""trade"",""E"":1780791933629,""s"":""BTCUSDT"",""t"":6380215143,""p"":""60826.64000000"",""q"":""0.00009000"",""T"":1780791933628,""m"":true,""M"":true}"""
1780792020|25067000|binance|depth|0|0|61|BTCUSDT|"""{""e"":""trade"",""E"":1780791933629,""s"":""BTCUSDT"",""t"":6380215144,""p"":""60826.63000000"",""q"":""0.00289000"",""T"":1780791933628,""m"":true,""M"":true}"""
1780792020|25070000|binance|depth|0|0|62|BTCUSDT|"""{""e"":""trade"",""E"":1780791933629,""s"":""BTCUSDT"",""t"":6380215145,""p"":""60826.63000000"",""q"":""0.00282000"",""T"":1780791933628,""m"":true,""M"":true}"""
1780792020|25072000|binance|depth|0|0|63|BTCUSDT|"""{""e"":""trade"",""E"":1780791933629,""s"":""BTCUSDT"",""t"":6380215146,""p"":""60826.63000000"",""q"":""0.00009000"",""T"":1780791933628,""m"":true,""M"":true}"""
1780792020|25074000|binance|depth|0|0|64|BTCUSDT|"""{""e"":""trade"",""E"":1780791933629,""s"":""BTCUSDT"",""t"":6380215147,""p"":""60826.63000000"",""q"":""0.00009000"",""T"":1780791933628,""m"":true,""M"":true}"""
1780792020|25077000|binance|depth|0|0|65|BTCUSDT|"""{""e"":""trade"",""E"":1780791933629,""s"":""BTCUSDT"",""t"":6380215148,""p"":""60825.71000000"",""q"":""0.00067000"",""T"":1780791933628,""m"":true,""M"":true}"""
1780792020|25095000|binance|depth|0|0|66|BTCUSDT|"""{""lastUpdateId"":95220198858,""bids"":[[""60825.54000000"",""0.27807000""],[""60825.53000000"",""0.00081000""],[""60825.17000000"",""0.00028000""],[""60825.01000000"",""0.00009000""],[""60824.70000000"",""0.00019000""]],""asks"":[[""60825.55000000"",""4.29126000""],[""60825.56000000"",""0.00027000""],[""60825.57000000"",""0.00017000""],[""60825.70000000"",""0.03000000""],[""60825.71000000"",""0.00199000""]]}"""
1780792020|25148000|binance|depth|0|0|67|BTCUSDT|"""{""e"":""depthUpdate"",""E"":1780791933714,""s"":""BTCUSDT"",""U"":95220198425,""u"":95220198858,""b"":[[""60826.92000000"",""0.00000000""],[""60826.91000000"",""0.00000000""],[""60826.90000000"",""0.00000000""],[""60826.68000000"",""0.00000000""],[""60826.64000000"",""0.00000000""],[""60826.63000000"",""0.00000000""],[""60825.71000000"",""0.00000000""],[""60825.54000000"",""0.27807000""],[""60825.53000000"",""0.00081000""],[""60825.31000000"",""0.00000000""],[""60824.70000000"",""0.00019000""],[""60823.71000000"",""0.00000000""],[""60823.18000000"",""0.00009000""],[""60822.74000000"",""0.00036000""],[""60822.60000000"",""0.00000000""],[""60822.59000000"",""0.00000000""],[""60822.58000000"",""0.00010000""],[""60822.57000000"",""0.00000000""],[""60822.27000000"",""0.00000000""],[""60821.83000000"",""0.00018000""],[""60821.65000000"",""0.00018000""],[""60821.64000000"",""0.01857000""],[""60821.34000000"",""0.00000000""],[""60820.70000000"",""0.00000000""],[""60820.33000000"",""0.00034000""],[""60820.32000000"",""0.00018000""],[""60819.94000000"",""0.00018000""],[""60819.93000000"",""0.02618000""],[""60819.92000000"",""0.02218000""],[""60819.88000000"",""0.02400000""],[""60819.70000000"",""0.00000000""],[""60819.69000000"",""0.00000000""],[""60818.59000000"",""0.00034000""],[""60818.58000000"",""0.41189000""],[""60817.62000000"",""0.11378000""],[""60817.53000000"",""0.00328000""],[""60817.52000000"",""0.00000000""],[""60816.65000000"",""0.00000000""],[""60816.30000000"",""0.11378000""],[""60815.81000000"",""0.77271000""],[""60815.80000000"",""1.57852000""],[""60815.79000000"",""0.00010000""],[""60815.78000000"",""0.00000000""],[""60814.34000000"",""0.00000000""],[""60813.61000000"",""0.00000000""],[""60813.54000000"",""0.00000000""],[""60812.81000000"",""0.66417000""],[""60812.80000000"",""1.57852000""],[""60812.78000000"",""0.00000000""],[""60812.43000000"",""0.00010000""],[""60810.57000000"",""0.00000000""],[""60810.11000000"",""0.00000000""],[""60804.68000000"",""0.28425000""],[""60798.29000000"",""0.47314000""],[""60796.08000000"",""0.00009000""],[""60790.42000000"",""0.00016000""],[""60789.04000000"",""0.00616000""],[""60769.77000000"",""0.00009000""],[""60768.10000000"",""0.00000000""],[""60767.39000000"",""0.00410000""],[""60762.76000000"",""0.00000000""],[""60747.22000000"",""0.00000000""],[""60724.52000000"",""0.00000000""],[""60707.61000000"",""0.00000000""],[""60705.89000000"",""0.00164000""],[""60656.82000000"",""0.00009000""],[""60653.78000000"",""0.00009000""],[""59834.61000000"",""0.00000000""],[""54744.23000000"",""0.00000000""],[""54744.00000000"",""0.00000000""],[""54742.99000000"",""0.00040000""],[""48661.54000000"",""0.00000000""]],""a"":[[""60825.55000000"",""4.29126000""],[""60825.56000000"",""0.00027000""],[""60825.57000000"",""0.00017000""],[""60825.70000000"",""0.03000000""],[""60825.71000000"",""0.00199000""],[""60825.72000000"",""0.00000000""],[""60826.64000000"",""0.00000000""],[""60826.65000000"",""0.00000000""],[""60826.68000000"",""0.00409000""],[""60826.69000000"",""0.00000000""],[""60826.87000000"",""0.11387000""],[""60826.91000000"",""0.79935000""],[""60826.92000000"",""2.07274000""],[""60826.93000000"",""1.31631000""],[""60826.94000000"",""0.00000000""],[""60826.95000000"",""0.00000000""],[""60828.13000000"",""0.00009000""],[""60828.22000000"",""0.00000000""],[""60828.23000000"",""0.00000000""],[""60828.25000000"",""0.11394000""],[""60828.33000000"",""0.00000000""],[""60828.40000000"",""0.16020000""],[""60828.41000000"",""0.16469000""],[""60828.43000000"",""0.12199000""],[""60828.84000000"",""0.00000000""],[""60828.97000000"",""0.00000000""],[""60828.98000000"",""0.00009000""],[""60829.18000000"",""0.00009000""],[""60829.22000000"",""0.00000000""],[""60830.88000000"",""0.00010000""],[""60831.04000000"",""0.00009000""],[""60831.11000000"",""0.32963000""],[""60831.89000000"",""0.00000000""],[""60832.40000000"",""0.00000000""],[""60833.02000000"",""0.00300000""],[""60833.47000000"",""0.00000000""],[""60833.52000000"",""0.00000000""],[""60833.53000000"",""0.00000000""],[""60834.06000000"",""0.00010000""],[""60834.34000000"",""0.00010000""],[""60834.93000000"",""0.00000000""],[""60835.96000000"",""0.00000000""],[""60836.18000000"",""0.00009000""],[""60837.16000000"",""0.00010000""],[""60837.97000000"",""0.00000000""],[""60838.41000000"",""0.00010000""],[""60839.62000000"",""0.00000000""],[""60840.64000000"",""0.00000000""],[""60841.01000000"",""0.00000000""],[""60845.96000000"",""0.00010000""],[""60850.05000000"",""0.00616000""],[""60851.16000000"",""0.00009000""],[""60851.27000000"",""0.00000000""],[""60852.64000000"",""0.00000000""],[""60857.28000000"",""0.00000000""],[""60867.05000000"",""0.00000000""],[""60869.74000000"",""0.00411000""],[""60871.36000000"",""0.00000000""],[""60883.81000000"",""0.00000000""],[""60884.32000000"",""0.00000000""],[""60884.97000000"",""0.00000000""],[""60895.24000000"",""0.00576000""],[""60899.45000000"",""0.00000000""],[""60929.74000000"",""0.00000000""]]}"""
1780792020|25201000|binance|depth|0|0|68|BTCUSDT|"""{""lastUpdateId"":95220198962,""bids"":[[""60825.54000000"",""0.00172000""],[""60825.53000000"",""0.00090000""],[""60825.17000000"",""0.00028000""],[""60825.01000000"",""0.00009000""],[""60824.70000000"",""0.00019000""]],""asks"":[[""60825.55000000"",""4.31053000""],[""60825.56000000"",""0.00027000""],[""60825.57000000"",""0.00017000""],[""60825.70000000"",""0.03000000""],[""60825.71000000"",""0.00199000""]]}"""
1780792020|25219000|binance|depth|0|0|69|BTCUSDT|"""{""e"":""depthUpdate"",""E"":1780791933814,""s"":""BTCUSDT"",""U"":95220198859,""u"":95220198962,""b"":[[""60825.54000000"",""0.00172000""],[""60825.53000000"",""0.00090000""],[""60823.87000000"",""0.00000000""],[""60823.81000000"",""0.00586000""],[""60823.18000000"",""0.00000000""],[""60822.75000000"",""0.00010000""],[""60822.74000000"",""0.00000000""],[""60821.83000000"",""0.00000000""],[""60821.65000000"",""0.00000000""],[""60821.64000000"",""0.00018000""],[""60821.36000000"",""0.11563000""],[""60820.80000000"",""0.00627000""],[""60820.69000000"",""0.00000000""],[""60820.46000000"",""0.02418000""],[""60820.32000000"",""0.00000000""],[""60820.27000000"",""0.00018000""],[""60820.26000000"",""0.11387000""],[""60819.93000000"",""0.02627000""],[""60819.88000000"",""0.02418000""],[""60819.85000000"",""0.02618000""],[""60819.63000000"",""0.28325000""],[""60819.03000000"",""0.00000000""],[""60818.94000000"",""0.11378000""],[""60818.31000000"",""0.09637000""],[""60817.62000000"",""0.00000000""],[""60816.22000000"",""0.00000000""],[""60815.27000000"",""0.07710000""],[""60814.82000000"",""0.00822000""],[""60814.01000000"",""0.00000000""],[""60813.20000000"",""0.00822000""],[""60812.23000000"",""0.05782000""],[""60809.19000000"",""0.03855000""],[""60808.15000000"",""1.49950000""],[""60808.13000000"",""0.00000000""],[""60807.10000000"",""0.00000000""],[""60802.01000000"",""0.40296000""],[""60796.08000000"",""0.00409000""],[""60783.53000000"",""0.00000000""],[""60781.21000000"",""0.00000000""],[""60762.56000000"",""0.00000000""],[""60759.49000000"",""0.05098000""],[""60724.34000000"",""0.08570000""],[""60653.78000000"",""0.00000000""],[""54742.99000000"",""0.00080000""]],""a"":[[""60825.55000000"",""4.31053000""],[""60826.38000000"",""0.16440000""],[""60826.86000000"",""0.00407000""],[""60826.93000000"",""1.29722000""],[""60827.46000000"",""0.13097000""],[""60828.40000000"",""0.15613000""],[""60828.41000000"",""0.16451000""],[""60828.43000000"",""0.00000000""],[""60829.79000000"",""0.00911000""],[""60830.51000000"",""0.10914000""],[""60831.11000000"",""0.32954000""],[""60833.47000000"",""0.11378000""],[""60833.55000000"",""0.08731000""],[""60834.34000000"",""0.11388000""],[""60835.96000000"",""0.11378000""],[""60836.59000000"",""0.06548000""],[""60839.63000000"",""0.04365000""],[""60884.92000000"",""0.00000000""],[""60911.03000000"",""0.02575000""],[""60918.04000000"",""0.00000000""],[""60942.05000000"",""0.05293000""],[""60992.02000000"",""0.00000000""],[""61001.02000000"",""0.00000000""],[""86782.52000000"",""0.00019000""]]}"""
1780792020|25235000|binance|depth|0|0|70|BTCUSDT|"""{""e"":""trade"",""E"":1780791933816,""s"":""BTCUSDT"",""t"":6380215149,""p"":""60825.54000000"",""q"":""0.00009000"",""T"":1780791933815,""m"":true,""M"":true}"""
1780792020|25238000|binance|depth|0|0|71|BTCUSDT|"""{""e"":""trade"",""E"":1780791933816,""s"":""BTCUSDT"",""t"":6380215150,""p"":""60825.54000000"",""q"":""0.00009000"",""T"":1780791933815,""m"":true,""M"":true}"""
1780792020|25240000|binance|depth|0|0|72|BTCUSDT|"""{""e"":""trade"",""E"":1780791933816,""s"":""BTCUSDT"",""t"":6380215151,""p"":""60825.54000000"",""q"":""0.00009000"",""T"":1780791933815,""m"":true,""M"":true}"""
1780792020|25242000|binance|depth|0|0|73|BTCUSDT|"""{""e"":""trade"",""E"":1780791933816,""s"":""BTCUSDT"",""t"":6380215152,""p"":""60825.54000000"",""q"":""0.00009000"",""T"":1780791933815,""m"":true,""M"":true}"""
1780792020|25244000|binance|depth|0|0|74|BTCUSDT|"""{""e"":""trade"",""E"":1780791933816,""s"":""BTCUSDT"",""t"":6380215153,""p"":""60825.54000000"",""q"":""0.00009000"",""T"":1780791933815,""m"":true,""M"":true}"""
1780792020|25247000|binance|depth|0|0|75|BTCUSDT|"""{""e"":""trade"",""E"":1780791933816,""s"":""BTCUSDT"",""t"":6380215154,""p"":""60825.54000000"",""q"":""0.00009000"",""T"":1780791933815,""m"":true,""M"":true}"""
1780792020|25249000|binance|depth|0|0|76|BTCUSDT|"""{""e"":""trade"",""E"":1780791933816,""s"":""BTCUSDT"",""t"":6380215155,""p"":""60825.54000000"",""q"":""0.00009000"",""T"":1780791933815,""m"":true,""M"":true}"""
1780792020|25258000|binance|depth|0|0|77|BTCUSDT|"""{""e"":""trade"",""E"":1780791933816,""s"":""BTCUSDT"",""t"":6380215156,""p"":""60825.54000000"",""q"":""0.00009000"",""T"":1780791933815,""m"":true,""M"":true}"""
1780792020|25261000|binance|depth|0|0|78|BTCUSDT|"""{""e"":""trade"",""E"":1780791933816,""s"":""BTCUSDT"",""t"":6380215157,""p"":""60825.54000000"",""q"":""0.00009000"",""T"":1780791933815,""m"":true,""M"":true}"""
1780792020|25263000|binance|depth|0|0|79|BTCUSDT|"""{""e"":""trade"",""E"":1780791933816,""s"":""BTCUSDT"",""t"":6380215158,""p"":""60825.54000000"",""q"":""0.00009000"",""T"":1780791933815,""m"":true,""M"":true}"""
1780792020|25265000|binance|depth|0|0|80|BTCUSDT|"""{""e"":""trade"",""E"":1780791933816,""s"":""BTCUSDT"",""t"":6380215159,""p"":""60825.54000000"",""q"":""0.00009000"",""T"":1780791933815,""m"":true,""M"":true}"""
1780792020|25268000|binance|depth|0|0|81|BTCUSDT|"""{""e"":""trade"",""E"":1780791933816,""s"":""BTCUSDT"",""t"":6380215160,""p"":""60825.54000000"",""q"":""0.00009000"",""T"":1780791933815,""m"":true,""M"":true}"""
1780792020|25270000|binance|depth|0|0|82|BTCUSDT|"""{""e"":""trade"",""E"":1780791933816,""s"":""BTCUSDT"",""t"":6380215161,""p"":""60825.54000000"",""q"":""0.00009000"",""T"":1780791933815,""m"":true,""M"":true}"""
1780792020|25272000|binance|depth|0|0|83|BTCUSDT|"""{""e"":""trade"",""E"":1780791933816,""s"":""BTCUSDT"",""t"":6380215162,""p"":""60825.54000000"",""q"":""0.00009000"",""T"":1780791933815,""m"":true,""M"":true}"""
1780792020|25274000|binance|depth|0|0|84|BTCUSDT|"""{""e"":""trade"",""E"":1780791933816,""s"":""BTCUSDT"",""t"":6380215163,""p"":""60825.54000000"",""q"":""0.00010000"",""T"":1780791933815,""m"":true,""M"":true}"""
1780792020|25276000|binance|depth|0|0|85|BTCUSDT|"""{""e"":""trade"",""E"":1780791933816,""s"":""BTCUSDT"",""t"":6380215164,""p"":""60825.54000000"",""q"":""0.00009000"",""T"":1780791933815,""m"":true,""M"":true}"""
1780792020|25279000|binance|depth|0|0|86|BTCUSDT|"""{""e"":""trade"",""E"":1780791933816,""s"":""BTCUSDT"",""t"":6380215165,""p"":""60825.54000000"",""q"":""0.00009000"",""T"":1780791933815,""m"":true,""M"":true}"""
1780792020|25281000|binance|depth|0|0|87|BTCUSDT|"""{""e"":""trade"",""E"":1780791933816,""s"":""BTCUSDT"",""t"":6380215166,""p"":""60825.54000000"",""q"":""0.00009000"",""T"":1780791933815,""m"":true,""M"":true}"""
1780792020|25283000|binance|depth|0|0|88|BTCUSDT|"""{""e"":""trade"",""E"":1780791933816,""s"":""BTCUSDT"",""t"":6380215167,""p"":""60825.54000000"",""q"":""0.00009000"",""T"":1780791933815,""m"":true,""M"":true}"""
1780792020|25286000|binance|depth|0|0|89|BTCUSDT|"""{""e"":""trade"",""E"":1780791933816,""s"":""BTCUSDT"",""t"":6380215168,""p"":""60825.54000000"",""q"":""0.00009000"",""T"":1780791933815,""m"":true,""M"":true}"""
1780792020|25288000|binance|depth|0|0|90|BTCUSDT|"""{""e"":""trade"",""E"":1780791933816,""s"":""BTCUSDT"",""t"":6380215169,""p"":""60825.54000000"",""q"":""0.00009000"",""T"":1780791933815,""m"":true,""M"":true}"""
1780792020|25290000|binance|depth|0|0|91|BTCUSDT|"""{""e"":""trade"",""E"":1780791933816,""s"":""BTCUSDT"",""t"":6380215170,""p"":""60825.54000000"",""q"":""0.00009000"",""T"":1780791933815,""m"":true,""M"":true}"""
1780792020|25292000|binance|depth|0|0|92|BTCUSDT|"""{""e"":""trade"",""E"":1780791933816,""s"":""BTCUSDT"",""t"":6380215171,""p"":""60825.54000000"",""q"":""0.00009000"",""T"":1780791933815,""m"":true,""M"":true}"""
1780792020|25294000|binance|depth|0|0|93|BTCUSDT|"""{""e"":""trade"",""E"":1780791933816,""s"":""BTCUSDT"",""t"":6380215172,""p"":""60825.54000000"",""q"":""0.00009000"",""T"":1780791933815,""m"":true,""M"":true}"""
1780792020|25296000|binance|depth|0|0|94|BTCUSDT|"""{""e"":""trade"",""E"":1780791933816,""s"":""BTCUSDT"",""t"":6380215173,""p"":""60825.53000000"",""q"":""0.00009000"",""T"":1780791933815,""m"":true,""M"":true}"""
1780792020|25298000|binance|depth|0|0|95|BTCUSDT|"""{""e"":""trade"",""E"":1780791933816,""s"":""BTCUSDT"",""t"":6380215174,""p"":""60825.53000000"",""q"":""0.00009000"",""T"":1780791933815,""m"":true,""M"":true}"""
1780792020|25306000|binance|depth|0|0|96|BTCUSDT|"""{""e"":""trade"",""E"":1780791933816,""s"":""BTCUSDT"",""t"":6380215175,""p"":""60825.53000000"",""q"":""0.00009000"",""T"":1780791933815,""m"":true,""M"":true}"""
1780792020|25309000|binance|depth|0|0|97|BTCUSDT|"""{""e"":""trade"",""E"":1780791933816,""s"":""BTCUSDT"",""t"":6380215176,""p"":""60825.53000000"",""q"":""0.00009000"",""T"":1780791933815,""m"":true,""M"":true}"""
1780792020|25311000|binance|depth|0|0|98|BTCUSDT|"""{""e"":""trade"",""E"":1780791933816,""s"":""BTCUSDT"",""t"":6380215177,""p"":""60825.53000000"",""q"":""0.00009000"",""T"":1780791933815,""m"":true,""M"":true}"""
1780792020|25313000|binance|depth|0|0|99|BTCUSDT|"""{""e"":""trade"",""E"":1780791933816,""s"":""BTCUSDT"",""t"":6380215178,""p"":""60825.53000000"",""q"":""0.00009000"",""T"":1780791933815,""m"":true,""M"":true}"""
1780792020|25315000|binance|depth|0|0|100|BTCUSDT|"""{""e"":""trade"",""E"":1780791933816,""s"":""BTCUSDT"",""t"":6380215179,""p"":""60825.53000000"",""q"":""0.00009000"",""T"":1780791933815,""m"":true,""M"":true}"""
1780792020|25323000|binance|depth|0|0|101|BTCUSDT|"""{""e"":""trade"",""E"":1780791933816,""s"":""BTCUSDT"",""t"":6380215180,""p"":""60825.53000000"",""q"":""0.00009000"",""T"":1780791933815,""m"":true,""M"":true}"""
1780792020|25326000|binance|depth|0|0|102|BTCUSDT|"""{""e"":""trade"",""E"":1780791933816,""s"":""BTCUSDT"",""t"":6380215181,""p"":""60825.53000000"",""q"":""0.00009000"",""T"":1780791933815,""m"":true,""M"":true}"""
1780792020|25328000|binance|depth|0|0|103|BTCUSDT|"""{""e"":""trade"",""E"":1780791933816,""s"":""BTCUSDT"",""t"":6380215182,""p"":""60825.53000000"",""q"":""0.00009000"",""T"":1780791933815,""m"":true,""M"":true}"""
1780792020|25330000|binance|depth|0|0|104|BTCUSDT|"""{""e"":""trade"",""E"":1780791933816,""s"":""BTCUSDT"",""t"":6380215183,""p"":""60825.17000000"",""q"":""0.00028000"",""T"":1780791933815,""m"":true,""M"":true}"""
1780792020|25332000|binance|depth|0|0|105|BTCUSDT|"""{""e"":""trade"",""E"":1780791933816,""s"":""BTCUSDT"",""t"":6380215184,""p"":""60825.01000000"",""q"":""0.00009000"",""T"":1780791933815,""m"":true,""M"":true}"""
1780792020|25335000|binance|depth|0|0|106|BTCUSDT|"""{""e"":""trade"",""E"":1780791933816,""s"":""BTCUSDT"",""t"":6380215185,""p"":""60825.01000000"",""q"":""0.00009000"",""T"":1780791933815,""m"":true,""M"":true}"""
1780792020|25337000|binance|depth|0|0|107|BTCUSDT|"""{""e"":""trade"",""E"":1780791933816,""s"":""BTCUSDT"",""t"":6380215186,""p"":""60824.70000000"",""q"":""0.00010000"",""T"":1780791933815,""m"":true,""M"":true}"""
1780792020|25339000|binance|depth|0|0|108|BTCUSDT|"""{""e"":""trade"",""E"":1780791933816,""s"":""BTCUSDT"",""t"":6380215187,""p"":""60824.70000000"",""q"":""0.00009000"",""T"":1780791933815,""m"":true,""M"":true}"""
1780792020|25341000|binance|depth|0|0|109|BTCUSDT|"""{""e"":""trade"",""E"":1780791933816,""s"":""BTCUSDT"",""t"":6380215188,""p"":""60824.61000000"",""q"":""0.00026000"",""T"":1780791933815,""m"":true,""M"":true}"""
1780792020|25344000|binance|depth|0|0|110|BTCUSDT|"""{""e"":""trade"",""E"":1780791933816,""s"":""BTCUSDT"",""t"":6380215189,""p"":""60823.81000000"",""q"":""0.00568000"",""T"":1780791933815,""m"":true,""M"":true}"""
1780792020|25346000|binance|depth|0|0|111|BTCUSDT|"""{""e"":""trade"",""E"":1780791933816,""s"":""BTCUSDT"",""t"":6380215190,""p"":""60823.81000000"",""q"":""0.00009000"",""T"":1780791933815,""m"":true,""M"":true}"""
1780792020|25348000|binance|depth|0|0|112|BTCUSDT|"""{""e"":""trade"",""E"":1780791933816,""s"":""BTCUSDT"",""t"":6380215191,""p"":""60823.81000000"",""q"":""0.00009000"",""T"":1780791933815,""m"":true,""M"":true}"""
1780792020|25350000|binance|depth|0|0|113|BTCUSDT|"""{""e"":""trade"",""E"":1780791933816,""s"":""BTCUSDT"",""t"":6380215192,""p"":""60823.62000000"",""q"":""0.00009000"",""T"":1780791933815,""m"":true,""M"":true}"""
1780792020|25368000|binance|depth|0|0|114|BTCUSDT|"""{""e"":""trade"",""E"":1780791933816,""s"":""BTCUSDT"",""t"":6380215193,""p"":""60822.75000000"",""q"":""0.00010000"",""T"":1780791933815,""m"":true,""M"":true}"""
1780792020|25370000|binance|depth|0|0|115|BTCUSDT|"""{""e"":""trade"",""E"":1780791933816,""s"":""BTCUSDT"",""t"":6380215194,""p"":""60822.58000000"",""q"":""0.00010000"",""T"":1780791933815,""m"":true,""M"":true}"""
1780792020|25373000|binance|depth|0|0|116|BTCUSDT|"""{""e"":""trade"",""E"":1780791933816,""s"":""BTCUSDT"",""t"":6380215195,""p"":""60822.28000000"",""q"":""0.00010000"",""T"":1780791933815,""m"":true,""M"":true}"""
1780792020|25375000|binance|depth|0|0|117|BTCUSDT|"""{""e"":""trade"",""E"":1780791933816,""s"":""BTCUSDT"",""t"":6380215196,""p"":""60821.89000000"",""q"":""0.00009000"",""T"":1780791933815,""m"":true,""M"":true}"""
1780792020|25377000|binance|depth|0|0|118|BTCUSDT|"""{""e"":""trade"",""E"":1780791933816,""s"":""BTCUSDT"",""t"":6380215197,""p"":""60821.75000000"",""q"":""0.00033000"",""T"":1780791933815,""m"":true,""M"":true}"""
1780792020|25379000|binance|depth|0|0|119|BTCUSDT|"""{""e"":""trade"",""E"":1780791933816,""s"":""BTCUSDT"",""t"":6380215198,""p"":""60821.64000000"",""q"":""0.00009000"",""T"":1780791933815,""m"":true,""M"":true}"""
1780792020|25388000|binance|depth|0|0|120|BTCUSDT|"""{""e"":""trade"",""E"":1780791933816,""s"":""BTCUSDT"",""t"":6380215199,""p"":""60821.64000000"",""q"":""0.00009000"",""T"":1780791933815,""m"":true,""M"":true}"""
1780792020|25391000|binance|depth|0|0|121|BTCUSDT|"""{""e"":""trade"",""E"":1780791933816,""s"":""BTCUSDT"",""t"":6380215200,""p"":""60821.62000000"",""q"":""0.00241000"",""T"":1780791933815,""m"":true,""M"":true}"""
1780792020|25393000|binance|depth|0|0|122|BTCUSDT|"""{""e"":""trade"",""E"":1780791933816,""s"":""BTCUSDT"",""t"":6380215201,""p"":""60821.37000000"",""q"":""0.00009000"",""T"":1780791933815,""m"":true,""M"":true}"""
1780792020|25395000|binance|depth|0|0|123|BTCUSDT|"""{""e"":""trade"",""E"":1780791933816,""s"":""BTCUSDT"",""t"":6380215202,""p"":""60821.37000000"",""q"":""0.00009000"",""T"":1780791933815,""m"":true,""M"":true}"""
1780792020|25397000|binance|depth|0|0|124|BTCUSDT|"""{""e"":""trade"",""E"":1780791933816,""s"":""BTCUSDT"",""t"":6380215203,""p"":""60821.37000000"",""q"":""0.00009000"",""T"":1780791933815,""m"":true,""M"":true}"""
1780792020|25399000|binance|depth|0|0|125|BTCUSDT|"""{""lastUpdateId"":95220199457,""bids"":[[""60821.36000000"",""1.02489000""],[""60821.35000000"",""0.00081000""],[""60821.28000000"",""0.00010000""],[""60820.80000000"",""0.00018000""],[""60820.56000000"",""0.00009000""]],""asks"":[[""60821.37000000"",""3.20230000""],[""60821.38000000"",""0.00027000""],[""60821.39000000"",""0.00017000""],[""60822.09000000"",""0.00400000""],[""60822.66000000"",""0.00009000""]]}"""
1780792020|25481000|binance|depth|0|0|126|BTCUSDT|"""{""e"":""depthUpdate"",""E"":1780791933914,""s"":""BTCUSDT"",""U"":95220198963,""u"":95220199457,""b"":[[""60825.54000000"",""0.00000000""],[""60825.53000000"",""0.00000000""],[""60825.17000000"",""0.00000000""],[""60825.01000000"",""0.00000000""],[""60824.70000000"",""0.00000000""],[""60824.61000000"",""0.00000000""],[""60824.52000000"",""0.00000000""],[""60823.81000000"",""0.00000000""],[""60823.62000000"",""0.00000000""],[""60822.75000000"",""0.00000000""],[""60822.58000000"",""0.00000000""],[""60822.28000000"",""0.00000000""],[""60821.89000000"",""0.00000000""],[""60821.75000000"",""0.00000000""],[""60821.64000000"",""0.00000000""],[""60821.62000000"",""0.00000000""],[""60821.37000000"",""0.00000000""],[""60821.36000000"",""1.02489000""],[""60821.35000000"",""0.00081000""],[""60820.80000000"",""0.00018000""],[""60820.46000000"",""0.02418000""],[""60820.33000000"",""0.00000000""],[""60820.26000000"",""0.11405000""],[""60820.16000000"",""0.00000000""],[""60819.93000000"",""0.02627000""],[""60819.85000000"",""0.02618000""],[""60819.63000000"",""0.00009000""],[""60819.62000000"",""0.05009000""],[""60819.01000000"",""0.00000000""],[""60818.94000000"",""0.11387000""],[""60818.92000000"",""0.00009000""],[""60818.90000000"",""0.07588000""],[""60818.82000000"",""0.00000000""],[""60818.81000000"",""0.00034000""],[""60818.58000000"",""0.05028000""],[""60818.31000000"",""0.00000000""],[""60817.73000000"",""0.00000000""],[""60817.53000000"",""0.00000000""],[""60817.43000000"",""0.11293000""],[""60817.26000000"",""0.03679000""],[""60816.40000000"",""0.00000000""],[""60816.02000000"",""0.00233000""],[""60816.01000000"",""0.00328000""],[""60815.82000000"",""0.11293000""],[""60815.81000000"",""0.65893000""],[""60815.58000000"",""0.19498000""],[""60815.57000000"",""0.27403000""],[""60815.27000000"",""0.00000000""],[""60814.82000000"",""0.00000000""],[""60813.34000000"",""0.00822000""],[""60813.20000000"",""0.00000000""],[""60812.82000000"",""0.11293000""],[""60812.75000000"",""0.13910000""],[""60812.23000000"",""0.00000000""],[""60811.42000000"",""0.00822000""],[""60811.40000000"",""0.00000000""],[""60810.84000000"",""0.00009000""],[""60810.00000000"",""0.00600000""],[""60809.20000000"",""0.00010000""],[""60809.19000000"",""0.00000000""],[""60808.12000000"",""0.00010000""],[""60806.54000000"",""0.26375000""],[""60805.13000000"",""1.24921000""],[""60804.69000000"",""0.82239000""],[""60793.02000000"",""1.64734000""],[""60789.04000000"",""0.00000000""],[""60788.20000000"",""0.00000000""],[""60782.05000000"",""0.00408000""],[""60781.65000000"",""0.00000000""],[""60774.94000000"",""0.00431000""],[""60773.05000000"",""0.00627000""],[""60771.68000000"",""0.00434000""],[""60761.70000000"",""0.00593000""],[""60739.39000000"",""0.51141000""],[""60733.80000000"",""0.00000000""],[""60724.34000000"",""0.00000000""],[""60663.98000000"",""0.00009000""],[""60654.86000000"",""0.00009000""],[""60540.00000000"",""0.00037000""],[""54742.99000000"",""0.00000000""],[""54739.23000000"",""0.00040000""],[""48665.00000000"",""0.00200000""]],""a"":[[""60821.37000000"",""3.20230000""],[""60821.38000000"",""0.00027000""],[""60821.39000000"",""0.00017000""],[""60821.63000000"",""0.00000000""],[""60821.65000000"",""0.00000000""],[""60822.09000000"",""0.00400000""],[""60822.66000000"",""0.00009000""],[""60822.67000000"",""0.08078000""],[""60822.68000000"",""0.11302000""],[""60822.82000000"",""0.00018000""],[""60822.83000000"",""0.04007000""],[""60823.19000000"",""0.00000000""],[""60823.62000000"",""0.00409000""],[""60823.63000000"",""0.00000000""],[""60823.82000000"",""0.00000000""],[""60823.98000000"",""0.00018000""],[""60823.99000000"",""0.11302000""],[""60824.53000000"",""0.00000000""],[""60824.62000000"",""0.00000000""],[""60824.70000000"",""0.00028000""],[""60824.71000000"",""0.22173000""],[""60824.82000000"",""0.00034000""],[""60825.02000000"",""0.00000000""],[""60825.15000000"",""0.00400000""],[""60825.18000000"",""0.00000000""],[""60825.29000000"",""0.00000000""],[""60825.30000000"",""0.11302000""],[""60825.38000000"",""0.08348000""],[""60825.52000000"",""1.23908000""],[""60825.53000000"",""0.11303000""],[""60825.54000000"",""0.16849000""],[""60825.55000000"",""1.47885000""],[""60825.56000000"",""0.00000000""],[""60825.57000000"",""0.00000000""],[""60825.71000000"",""0.00009000""],[""60826.38000000"",""0.00000000""],[""60826.86000000"",""0.00000000""],[""60826.87000000"",""0.00009000""],[""60826.90000000"",""0.00000000""],[""60826.91000000"",""0.00019000""],[""60826.92000000"",""2.07274000""],[""60826.93000000"",""0.99525000""],[""60827.46000000"",""0.00000000""],[""60827.90000000"",""0.00033000""],[""60828.25000000"",""0.00009000""],[""60828.40000000"",""0.00000000""],[""60828.49000000"",""0.00010000""],[""60828.96000000"",""0.00009000""],[""60829.23000000"",""0.00013000""],[""60829.57000000"",""0.00009000""],[""60830.10000000"",""0.00000000""],[""60830.51000000"",""0.00000000""],[""60830.88000000"",""0.00000000""],[""60830.89000000"",""0.00000000""],[""60831.04000000"",""0.00000000""],[""60831.09000000"",""0.00010000""],[""60831.11000000"",""0.32936000""],[""60831.54000000"",""0.00010000""],[""60832.32000000"",""0.00000000""],[""60832.46000000"",""0.00000000""],[""60832.84000000"",""0.00000000""],[""60832.85000000"",""0.13000000""],[""60833.41000000"",""0.00000000""],[""60833.47000000"",""0.00000000""],[""60833.54000000"",""0.00010000""],[""60833.55000000"",""0.00000000""],[""60834.06000000"",""0.00000000""],[""60834.34000000"",""0.00010000""],[""60834.54000000"",""0.00010000""],[""60834.76000000"",""0.00000000""],[""60835.18000000"",""0.00009000""],[""60835.70000000"",""0.00568000""],[""60835.96000000"",""0.00000000""],[""60836.18000000"",""0.00000000""],[""60836.59000000"",""0.00000000""],[""60837.19000000"",""0.00000000""],[""60839.63000000"",""0.00000000""],[""60840.00000000"",""0.01209000""],[""60840.74000000"",""0.00000000""],[""60843.60000000"",""0.00328000""],[""60845.96000000"",""0.00000000""],[""60846.57000000"",""0.00000000""],[""60847.87000000"",""0.00000000""],[""60848.10000000"",""0.00009000""],[""60849.63000000"",""0.00000000""],[""60850.05000000"",""0.00000000""],[""60854.22000000"",""0.00000000""],[""60857.87000000"",""0.00616000""],[""60858.84000000"",""0.00010000""],[""60864.20000000"",""1.75849000""],[""60879.13000000"",""0.31407000""],[""60882.12000000"",""0.00000000""],[""60898.01000000"",""0.00000000""],[""60928.45000000"",""0.00000000""],[""60930.00000000"",""0.02833000""],[""60966.32000000"",""0.20324000""],[""60983.25000000"",""0.00000000""],[""60996.04000000"",""0.00163000""],[""61005.63000000"",""0.00000000""],[""61011.25000000"",""0.13540000""],[""61011.77000000"",""0.27000000""],[""61023.95000000"",""0.00000000""],[""61030.04000000"",""0.00000000""],[""61713.00000000"",""0.00000000""],[""61727.92000000"",""1.74109000""]]}"""
1780792020|25537000|binance|depth|0|0|127|BTCUSDT|"""{""lastUpdateId"":95220199527,""bids"":[[""60821.36000000"",""0.71095000""],[""60821.35000000"",""0.00081000""],[""60821.28000000"",""0.00010000""],[""60820.56000000"",""0.00009000""],[""60820.54000000"",""0.00300000""]],""asks"":[[""60821.37000000"",""3.57803000""],[""60821.38000000"",""0.00027000""],[""60821.39000000"",""0.00017000""],[""60822.09000000"",""0.00400000""],[""60822.66000000"",""0.00009000""]]}"""
1780792020|25545000|binance|depth|0|0|128|BTCUSDT|"""{""e"":""depthUpdate"",""E"":1780791934014,""s"":""BTCUSDT"",""U"":95220199458,""u"":95220199527,""b"":[[""60821.36000000"",""0.71095000""],[""60820.80000000"",""0.00000000""],[""60819.85000000"",""0.02618000""],[""60819.62000000"",""0.05027000""],[""60818.74000000"",""0.00031000""],[""60818.58000000"",""0.05028000""],[""60817.84000000"",""0.02265000""],[""60817.26000000"",""0.00000000""],[""60817.18000000"",""0.11574000""],[""60816.01000000"",""0.00000000""],[""60815.27000000"",""0.27000000""],[""60814.82000000"",""0.00328000""],[""60814.13000000"",""0.09637000""],[""60814.01000000"",""0.00000000""],[""60813.34000000"",""0.00000000""],[""60812.92000000"",""0.00822000""],[""60812.01000000"",""0.00000000""],[""60811.43000000"",""0.00822000""],[""60811.42000000"",""0.00000000""],[""60811.09000000"",""0.07710000""],[""60808.05000000"",""0.05783000""],[""60805.01000000"",""0.03855000""],[""60716.57000000"",""0.00286000""],[""60711.94000000"",""0.00286000""],[""60702.70000000"",""0.00286000""],[""60651.79000000"",""0.00000000""],[""60645.60000000"",""0.00164000""],[""59619.81000000"",""0.00000000""],[""54739.23000000"",""0.00080000""],[""48657.09000000"",""0.00041000""]],""a"":[[""60821.37000000"",""3.57803000""],[""60823.28000000"",""0.13097000""],[""60824.71000000"",""0.22182000""],[""60824.75000000"",""0.09436000""],[""60825.14000000"",""0.00822000""],[""60825.30000000"",""0.11311000""],[""60825.38000000"",""0.00018000""],[""60825.52000000"",""0.90520000""],[""60825.55000000"",""1.10321000""],[""60826.33000000"",""0.10914000""],[""60826.91000000"",""0.00010000""],[""60826.93000000"",""0.99534000""],[""60828.12000000"",""0.00000000""],[""60828.40000000"",""0.07388000""],[""60828.41000000"",""0.16442000""],[""60828.98000000"",""0.00000000""],[""60829.37000000"",""0.08732000""],[""60829.57000000"",""0.00000000""],[""60832.41000000"",""0.06548000""],[""60832.50000000"",""0.00000000""],[""60835.45000000"",""0.04366000""],[""60857.87000000"",""0.00000000""],[""60911.03000000"",""0.00000000""],[""60998.39000000"",""0.00000000""]]}"""
1780792020|25558000|binance|depth|0|0|129|BTCUSDT|"""{""e"":""trade"",""E"":1780791934075,""s"":""BTCUSDT"",""t"":6380215204,""p"":""60821.36000000"",""q"":""0.00009000"",""T"":1780791934074,""m"":true,""M"":true}"""
1780792020|25560000|binance|depth|0|0|130|BTCUSDT|"""{""e"":""trade"",""E"":1780791934075,""s"":""BTCUSDT"",""t"":6380215205,""p"":""60821.36000000"",""q"":""0.00009000"",""T"":1780791934074,""m"":true,""M"":true}"""
1780792020|25563000|binance|depth|0|0|131|BTCUSDT|"""{""e"":""trade"",""E"":1780791934075,""s"":""BTCUSDT"",""t"":6380215206,""p"":""60821.36000000"",""q"":""0.00009000"",""T"":1780791934074,""m"":true,""M"":true}"""
1780792020|25565000|binance|depth|0|0|132|BTCUSDT|"""{""e"":""trade"",""E"":1780791934075,""s"":""BTCUSDT"",""t"":6380215207,""p"":""60821.36000000"",""q"":""0.00140000"",""T"":1780791934074,""m"":true,""M"":true}"""
1780792020|25567000|binance|depth|0|0|133|BTCUSDT|"""{""e"":""trade"",""E"":1780791934075,""s"":""BTCUSDT"",""t"":6380215208,""p"":""60821.36000000"",""q"":""0.00009000"",""T"":1780791934074,""m"":true,""M"":true}"""
1780792020|25569000|binance|depth|0|0|134|BTCUSDT|"""{""e"":""trade"",""E"":1780791934075,""s"":""BTCUSDT"",""t"":6380215209,""p"":""60821.36000000"",""q"":""0.02951000"",""T"":1780791934074,""m"":true,""M"":true}"""
1780792020|25577000|binance|depth|0|0|135|BTCUSDT|"""{""lastUpdateId"":95220199624,""bids"":[[""60821.36000000"",""0.68176000""],[""60821.35000000"",""0.00081000""],[""60821.28000000"",""0.00010000""],[""60820.56000000"",""0.00009000""],[""60820.54000000"",""0.00300000""]],""asks"":[[""60821.37000000"",""3.59712000""],[""60821.38000000"",""0.00027000""],[""60821.39000000"",""0.00017000""],[""60822.09000000"",""0.00400000""],[""60822.66000000"",""0.00018000""]]}"""
1780792020|25586000|binance|depth|0|0|136|BTCUSDT|"""{""e"":""depthUpdate"",""E"":1780791934114,""s"":""BTCUSDT"",""U"":95220199528,""u"":95220199624,""b"":[[""60821.36000000"",""0.68176000""],[""60821.35000000"",""0.00081000""],[""60820.50000000"",""0.00000000""],[""60820.49000000"",""0.00018000""],[""60820.47000000"",""0.00000000""],[""60820.46000000"",""0.00018000""],[""60819.94000000"",""0.00000000""],[""60819.93000000"",""0.00018000""],[""60819.92000000"",""0.00018000""],[""60819.88000000"",""0.00018000""],[""60819.85000000"",""0.00018000""],[""60819.63000000"",""0.00027000""],[""60818.95000000"",""0.00018000""],[""60818.91000000"",""0.00018000""],[""60818.59000000"",""0.00043000""],[""60818.11000000"",""0.00000000""],[""60817.51000000"",""0.00000000""],[""60817.48000000"",""0.00000000""],[""60817.43000000"",""0.11302000""],[""60817.17000000"",""0.00000000""],[""60816.89000000"",""0.00000000""],[""60816.88000000"",""0.00000000""],[""60816.84000000"",""0.00000000""],[""60816.81000000"",""0.00000000""],[""60813.83000000"",""0.02400000""],[""60813.22000000"",""0.02600000""],[""60810.18000000"",""0.02000000""],[""60807.17000000"",""0.05130000""],[""60805.65000000"",""0.06635000""],[""60802.76000000"",""0.00000000""],[""60797.03000000"",""0.00616000""],[""60769.75000000"",""0.02400000""],[""60760.17000000"",""0.02600000""],[""60758.40000000"",""0.02000000""],[""58633.47000000"",""0.00000000""],[""54739.23000000"",""0.00120000""]],""a"":[[""60821.37000000"",""3.59712000""],[""60822.66000000"",""0.00018000""],[""60822.68000000"",""0.11311000""],[""60823.27000000"",""0.00009000""],[""60823.48000000"",""0.00009000""],[""60824.70000000"",""0.00010000""],[""60825.54000000"",""0.16858000""],[""60825.55000000"",""1.08574000""],[""60826.05000000"",""0.00031000""],[""60833.54000000"",""0.00020000""],[""60837.65000000"",""0.05128000""],[""60839.17000000"",""0.06632000""],[""60841.13000000"",""0.00009000""],[""60842.65000000"",""0.00000000""],[""60843.17000000"",""0.00000000""],[""60845.70000000"",""0.00616000""],[""60860.96000000"",""0.16660000""],[""60870.48000000"",""0.00000000""],[""60894.44000000"",""0.02000000""],[""60897.48000000"",""0.02000000""],[""60925.13000000"",""0.25390000""],[""60959.83000000"",""0.00000000""],[""61374.36000000"",""0.00000000""],[""87271.17000000"",""0.00020000""]]}"""
1780792020|25600000|binance|depth|0|0|137|BTCUSDT|"""{""e"":""trade"",""E"":1780791934205,""s"":""BTCUSDT"",""t"":6380215210,""p"":""60821.37000000"",""q"":""0.00459000"",""T"":1780791934205,""m"":false,""M"":true}"""
1780792020|25603000|binance|depth|0|0|138|BTCUSDT|"""{""lastUpdateId"":95220199682,""bids"":[[""60821.36000000"",""0.68345000""],[""60821.35000000"",""0.00081000""],[""60821.28000000"",""0.00010000""],[""60820.56000000"",""0.00009000""],[""60820.27000000"",""0.00018000""]],""asks"":[[""60821.37000000"",""3.59253000""],[""60821.38000000"",""0.00027000""],[""60821.39000000"",""0.00017000""],[""60822.09000000"",""0.00400000""],[""60822.66000000"",""0.00018000""]]}"""
1780792020|25610000|binance|depth|0|0|139|BTCUSDT|"""{""e"":""depthUpdate"",""E"":1780791934215,""s"":""BTCUSDT"",""U"":95220199625,""u"":95220199682,""b"":[[""60821.36000000"",""0.68345000""],[""60821.35000000"",""0.00081000""],[""60820.54000000"",""0.00000000""],[""60820.49000000"",""0.00000000""],[""60820.46000000"",""0.00000000""],[""60820.26000000"",""0.11405000""],[""60819.93000000"",""0.00000000""],[""60819.92000000"",""0.00000000""],[""60819.88000000"",""0.00000000""],[""60819.85000000"",""0.00000000""],[""60819.38000000"",""0.00852000""],[""60818.94000000"",""0.11405000""],[""60818.90000000"",""0.07606000""],[""60818.64000000"",""0.00676000""],[""60818.63000000"",""0.00676000""],[""60818.58000000"",""0.05046000""],[""60810.83000000"",""0.02600000""],[""60809.57000000"",""0.00400000""],[""60809.19000000"",""0.00300000""],[""60806.41000000"",""0.00000000""],[""60772.98000000"",""0.02600000""],[""60769.75000000"",""0.00000000""],[""58633.47000000"",""0.00100000""],[""54744.22000000"",""0.00000000""],[""54739.23000000"",""0.00170000""],[""48657.09000000"",""0.00000000""]],""a"":[[""60821.37000000"",""3.59253000""],[""60825.52000000"",""1.25118000""],[""60827.46000000"",""0.00300000""],[""60828.10000000"",""0.00400000""],[""60838.82000000"",""0.00000000""],[""60845.69000000"",""0.00000000""],[""60848.87000000"",""0.00000000""]]}"""
1780792020|25624000|binance|depth|0|0|140|BTCUSDT|"""{""e"":""trade"",""E"":1780791934225,""s"":""BTCUSDT"",""t"":6380215211,""p"":""60821.37000000"",""q"":""0.00012000"",""T"":1780791934225,""m"":false,""M"":true}"""
1780792020|25627000|binance|depth|0|0|141|BTCUSDT|"""{""lastUpdateId"":95220199807,""bids"":[[""60821.36000000"",""0.13379000""],[""60821.35000000"",""0.00081000""],[""60821.28000000"",""0.00010000""],[""60820.56000000"",""0.00009000""],[""60820.27000000"",""0.00010000""]],""asks"":[[""60821.37000000"",""3.59241000""],[""60821.38000000"",""0.00027000""],[""60821.39000000"",""0.00017000""],[""60822.09000000"",""0.00400000""],[""60822.66000000"",""0.00018000""]]}"""
1780792020|25635000|binance|depth|0|0|142|BTCUSDT|"""{""e"":""depthUpdate"",""E"":1780791934314,""s"":""BTCUSDT"",""U"":95220199683,""u"":95220199807,""b"":[[""60821.36000000"",""0.13379000""],[""60820.27000000"",""0.00010000""],[""60820.26000000"",""0.00027000""],[""60820.11000000"",""0.00000000""],[""60819.84000000"",""0.00009000""],[""60819.64000000"",""0.00000000""],[""60818.95000000"",""0.00028000""],[""60818.81000000"",""0.00000000""],[""60818.59000000"",""0.00042000""],[""60817.85000000"",""0.00009000""],[""60817.19000000"",""0.00010000""],[""60817.18000000"",""0.11573000""],[""60816.66000000"",""0.00000000""],[""60816.31000000"",""0.00010000""],[""60816.12000000"",""0.00000000""],[""60815.81000000"",""0.65903000""],[""60815.80000000"",""0.00000000""],[""60815.79000000"",""0.00000000""],[""60815.05000000"",""0.00000000""],[""60814.82000000"",""0.00000000""],[""60814.14000000"",""0.00010000""],[""60813.34000000"",""0.00328000""],[""60812.92000000"",""0.00000000""],[""60812.83000000"",""0.49422000""],[""60812.82000000"",""0.00000000""],[""60812.81000000"",""0.66427000""],[""60812.80000000"",""0.00000000""],[""60812.79000000"",""0.00000000""],[""60812.75000000"",""0.00000000""],[""60812.64000000"",""0.00000000""],[""60812.43000000"",""0.00000000""],[""60812.14000000"",""1.58674000""],[""60812.13000000"",""0.10020000""],[""60811.43000000"",""0.00000000""],[""60811.41000000"",""0.00000000""],[""60811.38000000"",""0.00409000""],[""60810.95000000"",""0.00000000""],[""60810.84000000"",""0.00019000""],[""60810.01000000"",""0.00822000""],[""60809.98000000"",""0.00000000""],[""60809.83000000"",""0.00000000""],[""60809.57000000"",""0.00000000""],[""60809.24000000"",""0.00000000""],[""60809.20000000"",""0.00010000""],[""60808.79000000"",""0.00000000""],[""60808.55000000"",""0.00000000""],[""60808.24000000"",""0.14000000""],[""60808.16000000"",""0.00010000""],[""60808.15000000"",""1.49960000""],[""60808.14000000"",""2.63034000""],[""60808.12000000"",""0.00000000""],[""60808.10000000"",""0.00400000""],[""60807.38000000"",""0.02000000""],[""60806.26000000"",""0.00000000""],[""60805.51000000"",""0.00000000""],[""60805.14000000"",""0.00010000""],[""60803.90000000"",""0.00902000""],[""60803.75000000"",""0.00000000""],[""60803.18000000"",""0.00000000""],[""60803.13000000"",""0.00000000""],[""60803.07000000"",""0.00010000""],[""60802.64000000"",""0.00000000""],[""60802.27000000"",""0.90681000""],[""60801.79000000"",""0.00200000""],[""60795.89000000"",""1.19919000""],[""60795.88000000"",""0.00000000""],[""60792.16000000"",""0.00010000""],[""60790.51000000"",""0.59247000""],[""60790.09000000"",""1.62931000""],[""60772.98000000"",""0.00000000""],[""60753.31000000"",""4.94030000""],[""60751.88000000"",""0.00000000""],[""54739.23000000"",""0.00210000""]],""a"":[[""60821.37000000"",""3.59241000""],[""60823.98000000"",""0.00407000""],[""60824.82000000"",""0.00034000""],[""60825.54000000"",""0.16451000""],[""60825.55000000"",""1.08412000""],[""60826.14000000"",""0.00835000""],[""60826.91000000"",""0.11304000""],[""60827.82000000"",""0.00400000""],[""60828.10000000"",""0.00000000""],[""60828.53000000"",""0.00000000""],[""60829.23000000"",""0.11307000""],[""60830.54000000"",""0.11294000""],[""60831.09000000"",""0.11304000""],[""60831.94000000"",""0.11304000""],[""60833.00000000"",""0.10400000""],[""60833.84000000"",""0.00000000""],[""60833.95000000"",""0.00000000""],[""60834.62000000"",""0.00000000""],[""60838.29000000"",""0.00200000""],[""60839.94000000"",""0.59199000""],[""60842.02000000"",""0.00000000""],[""60855.94000000"",""0.00000000""]]}"""
1780792020|25663000|binance|depth|0|0|143|BTCUSDT|"""{""e"":""trade"",""E"":1780791934351,""s"":""BTCUSDT"",""t"":6380215212,""p"":""60821.36000000"",""q"":""0.00009000"",""T"":1780791934350,""m"":true,""M"":true}"""
1780792020|25665000|binance|depth|0|0|144|BTCUSDT|"""{""e"":""trade"",""E"":1780791934351,""s"":""BTCUSDT"",""t"":6380215213,""p"":""60821.36000000"",""q"":""0.00009000"",""T"":1780791934350,""m"":true,""M"":true}"""
1780792020|25668000|binance|depth|0|0|145|BTCUSDT|"""{""e"":""trade"",""E"":1780791934351,""s"":""BTCUSDT"",""t"":6380215214,""p"":""60821.36000000"",""q"":""0.00009000"",""T"":1780791934350,""m"":true,""M"":true}"""
1780792020|25670000|binance|depth|0|0|146|BTCUSDT|"""{""e"":""trade"",""E"":1780791934351,""s"":""BTCUSDT"",""t"":6380215215,""p"":""60821.36000000"",""q"":""0.00009000"",""T"":1780791934350,""m"":true,""M"":true}"""
1780792020|25672000|binance|depth|0|0|147|BTCUSDT|"""{""e"":""trade"",""E"":1780791934351,""s"":""BTCUSDT"",""t"":6380215216,""p"":""60821.36000000"",""q"":""0.00009000"",""T"":1780791934350,""m"":true,""M"":true}"""
1780792020|25675000|binance|depth|0|0|148|BTCUSDT|"""{""e"":""trade"",""E"":1780791934351,""s"":""BTCUSDT"",""t"":6380215217,""p"":""60821.36000000"",""q"":""0.00009000"",""T"":1780791934350,""m"":true,""M"":true}"""
1780792020|25677000|binance|depth|0|0|149|BTCUSDT|"""{""e"":""trade"",""E"":1780791934351,""s"":""BTCUSDT"",""t"":6380215218,""p"":""60821.36000000"",""q"":""0.00009000"",""T"":1780791934350,""m"":true,""M"":true}"""
1780792020|25679000|binance|depth|0|0|150|BTCUSDT|"""{""e"":""trade"",""E"":1780791934351,""s"":""BTCUSDT"",""t"":6380215219,""p"":""60821.36000000"",""q"":""0.00009000"",""T"":1780791934350,""m"":true,""M"":true}"""
1780792020|25681000|binance|depth|0|0|151|BTCUSDT|"""{""e"":""trade"",""E"":1780791934351,""s"":""BTCUSDT"",""t"":6380215220,""p"":""60821.36000000"",""q"":""0.00010000"",""T"":1780791934350,""m"":true,""M"":true}"""
1780792020|25683000|binance|depth|0|0|152|BTCUSDT|"""{""e"":""trade"",""E"":1780791934351,""s"":""BTCUSDT"",""t"":6380215221,""p"":""60821.36000000"",""q"":""0.00009000"",""T"":1780791934350,""m"":true,""M"":true}"""
1780792020|25685000|binance|depth|0|0|153|BTCUSDT|"""{""e"":""trade"",""E"":1780791934351,""s"":""BTCUSDT"",""t"":6380215222,""p"":""60821.36000000"",""q"":""0.00009000"",""T"":1780791934350,""m"":true,""M"":true}"""
1780792020|25688000|binance|depth|0|0|154|BTCUSDT|"""{""e"":""trade"",""E"":1780791934351,""s"":""BTCUSDT"",""t"":6380215223,""p"":""60821.36000000"",""q"":""0.00009000"",""T"":1780791934350,""m"":true,""M"":true}"""
1780792020|25690000|binance|depth|0|0|155|BTCUSDT|"""{""e"":""trade"",""E"":1780791934351,""s"":""BTCUSDT"",""t"":6380215224,""p"":""60821.36000000"",""q"":""0.00009000"",""T"":1780791934350,""m"":true,""M"":true}"""
1780792020|25692000|binance|depth|0|0|156|BTCUSDT|"""{""e"":""trade"",""E"":1780791934351,""s"":""BTCUSDT"",""t"":6380215225,""p"":""60821.36000000"",""q"":""0.00009000"",""T"":1780791934350,""m"":true,""M"":true}"""
1780792020|25694000|binance|depth|0|0|157|BTCUSDT|"""{""e"":""trade"",""E"":1780791934351,""s"":""BTCUSDT"",""t"":6380215226,""p"":""60821.36000000"",""q"":""0.00009000"",""T"":1780791934350,""m"":true,""M"":true}"""
1780792020|25702000|binance|depth|0|0|158|BTCUSDT|"""{""e"":""trade"",""E"":1780791934351,""s"":""BTCUSDT"",""t"":6380215227,""p"":""60821.36000000"",""q"":""0.01864000"",""T"":1780791934350,""m"":true,""M"":true}"""
1780792020|25704000|binance|depth|0|0|159|BTCUSDT|"""{""e"":""trade"",""E"":1780791934363,""s"":""BTCUSDT"",""t"":6380215228,""p"":""60821.36000000"",""q"":""0.00009000"",""T"":1780791934363,""m"":true,""M"":true}"""
1780792020|25707000|binance|depth|0|0|160|BTCUSDT|"""{""e"":""trade"",""E"":1780791934363,""s"":""BTCUSDT"",""t"":6380215229,""p"":""60821.36000000"",""q"":""0.00002000"",""T"":1780791934363,""m"":true,""M"":true}"""
1780792020|25709000|binance|depth|0|0|161|BTCUSDT|"""{""e"":""trade"",""E"":1780791934367,""s"":""BTCUSDT"",""t"":6380215230,""p"":""60821.36000000"",""q"":""0.00007000"",""T"":1780791934366,""m"":true,""M"":true}"""
1780792020|25711000|binance|depth|0|0|162|BTCUSDT|"""{""e"":""trade"",""E"":1780791934367,""s"":""BTCUSDT"",""t"":6380215231,""p"":""60821.36000000"",""q"":""0.00171000"",""T"":1780791934366,""m"":true,""M"":true}"""
1780792020|25713000|binance|depth|0|0|163|BTCUSDT|"""{""e"":""trade"",""E"":1780791934367,""s"":""BTCUSDT"",""t"":6380215232,""p"":""60821.36000000"",""q"":""0.00009000"",""T"":1780791934366,""m"":true,""M"":true}"""
1780792020|25715000|binance|depth|0|0|164|BTCUSDT|"""{""e"":""trade"",""E"":1780791934367,""s"":""BTCUSDT"",""t"":6380215233,""p"":""60821.36000000"",""q"":""0.00009000"",""T"":1780791934366,""m"":true,""M"":true}"""
1780792020|25718000|binance|depth|0|0|165|BTCUSDT|"""{""e"":""trade"",""E"":1780791934367,""s"":""BTCUSDT"",""t"":6380215234,""p"":""60821.36000000"",""q"":""0.00009000"",""T"":1780791934366,""m"":true,""M"":true}"""
1780792020|25720000|binance|depth|0|0|166|BTCUSDT|"""{""e"":""trade"",""E"":1780791934367,""s"":""BTCUSDT"",""t"":6380215235,""p"":""60821.36000000"",""q"":""0.00009000"",""T"":1780791934366,""m"":true,""M"":true}"""
1780792020|25722000|binance|depth|0|0|167|BTCUSDT|"""{""e"":""trade"",""E"":1780791934367,""s"":""BTCUSDT"",""t"":6380215236,""p"":""60821.36000000"",""q"":""0.00009000"",""T"":1780791934366,""m"":true,""M"":true}"""
1780792020|25724000|binance|depth|0|0|168|BTCUSDT|"""{""e"":""trade"",""E"":1780791934367,""s"":""BTCUSDT"",""t"":6380215237,""p"":""60821.36000000"",""q"":""0.00009000"",""T"":1780791934366,""m"":true,""M"":true}"""
1780792020|25727000|binance|depth|0|0|169|BTCUSDT|"""{""e"":""trade"",""E"":1780791934367,""s"":""BTCUSDT"",""t"":6380215238,""p"":""60821.36000000"",""q"":""0.00010000"",""T"":1780791934366,""m"":true,""M"":true}"""
1780792020|25729000|binance|depth|0|0|170|BTCUSDT|"""{""e"":""trade"",""E"":1780791934367,""s"":""BTCUSDT"",""t"":6380215239,""p"":""60821.36000000"",""q"":""0.00010000"",""T"":1780791934366,""m"":true,""M"":true}"""
1780792020|25732000|binance|depth|0|0|171|BTCUSDT|"""{""e"":""trade"",""E"":1780791934367,""s"":""BTCUSDT"",""t"":6380215240,""p"":""60821.36000000"",""q"":""0.00009000"",""T"":1780791934366,""m"":true,""M"":true}"""
1780792020|25734000|binance|depth|0|0|172|BTCUSDT|"""{""e"":""trade"",""E"":1780791934367,""s"":""BTCUSDT"",""t"":6380215241,""p"":""60821.36000000"",""q"":""0.00009000"",""T"":1780791934366,""m"":true,""M"":true}"""
1780792020|25736000|binance|depth|0|0|173|BTCUSDT|"""{""e"":""trade"",""E"":1780791934367,""s"":""BTCUSDT"",""t"":6380215242,""p"":""60821.36000000"",""q"":""0.00009000"",""T"":1780791934366,""m"":true,""M"":true}"""
1780792020|25738000|binance|depth|0|0|174|BTCUSDT|"""{""e"":""trade"",""E"":1780791934367,""s"":""BTCUSDT"",""t"":6380215243,""p"":""60821.36000000"",""q"":""0.00009000"",""T"":1780791934366,""m"":true,""M"":true}"""
1780792020|25741000|binance|depth|0|0|175|BTCUSDT|"""{""e"":""trade"",""E"":1780791934367,""s"":""BTCUSDT"",""t"":6380215244,""p"":""60821.36000000"",""q"":""0.00009000"",""T"":1780791934366,""m"":true,""M"":true}"""
1780792020|25743000|binance|depth|0|0|176|BTCUSDT|"""{""e"":""trade"",""E"":1780791934367,""s"":""BTCUSDT"",""t"":6380215245,""p"":""60821.36000000"",""q"":""0.00009000"",""T"":1780791934366,""m"":true,""M"":true}"""
1780792020|25751000|binance|depth|0|0|177|BTCUSDT|"""{""e"":""trade"",""E"":1780791934367,""s"":""BTCUSDT"",""t"":6380215246,""p"":""60821.35000000"",""q"":""0.00009000"",""T"":1780791934366,""m"":true,""M"":true}"""
1780792020|25754000|binance|depth|0|0|178|BTCUSDT|"""{""e"":""trade"",""E"":1780791934367,""s"":""BTCUSDT"",""t"":6380215247,""p"":""60821.35000000"",""q"":""0.00009000"",""T"":1780791934366,""m"":true,""M"":true}"""
1780792020|25757000|binance|depth|0|0|179|BTCUSDT|"""{""e"":""trade"",""E"":1780791934367,""s"":""BTCUSDT"",""t"":6380215248,""p"":""60821.35000000"",""q"":""0.00009000"",""T"":1780791934366,""m"":true,""M"":true}"""
1780792020|25759000|binance|depth|0|0|180|BTCUSDT|"""{""e"":""trade"",""E"":1780791934367,""s"":""BTCUSDT"",""t"":6380215249,""p"":""60821.35000000"",""q"":""0.00009000"",""T"":1780791934366,""m"":true,""M"":true}"""
1780792020|25761000|binance|depth|0|0|181|BTCUSDT|"""{""e"":""trade"",""E"":1780791934367,""s"":""BTCUSDT"",""t"":6380215250,""p"":""60821.35000000"",""q"":""0.00009000"",""T"":1780791934366,""m"":true,""M"":true}"""
1780792020|25763000|binance|depth|0|0|182|BTCUSDT|"""{""e"":""trade"",""E"":1780791934367,""s"":""BTCUSDT"",""t"":6380215251,""p"":""60821.35000000"",""q"":""0.00009000"",""T"":1780791934366,""m"":true,""M"":true}"""
1780792020|25765000|binance|depth|0|0|183|BTCUSDT|"""{""e"":""trade"",""E"":1780791934367,""s"":""BTCUSDT"",""t"":6380215252,""p"":""60821.35000000"",""q"":""0.00009000"",""T"":1780791934366,""m"":true,""M"":true}"""
1780792020|25768000|binance|depth|0|0|184|BTCUSDT|"""{""e"":""trade"",""E"":1780791934367,""s"":""BTCUSDT"",""t"":6380215253,""p"":""60821.28000000"",""q"":""0.00010000"",""T"":1780791934366,""m"":true,""M"":true}"""
1780792020|25770000|binance|depth|0|0|185|BTCUSDT|"""{""e"":""trade"",""E"":1780791934367,""s"":""BTCUSDT"",""t"":6380215254,""p"":""60820.56000000"",""q"":""0.00009000"",""T"":1780791934366,""m"":true,""M"":true}"""
1780792020|25772000|binance|depth|0|0|186|BTCUSDT|"""{""e"":""trade"",""E"":1780791934367,""s"":""BTCUSDT"",""t"":6380215255,""p"":""60820.27000000"",""q"":""0.00010000"",""T"":1780791934366,""m"":true,""M"":true}"""
1780792020|25774000|binance|depth|0|0|187|BTCUSDT|"""{""e"":""trade"",""E"":1780791934367,""s"":""BTCUSDT"",""t"":6380215256,""p"":""60820.26000000"",""q"":""0.00009000"",""T"":1780791934366,""m"":true,""M"":true}"""
1780792020|25776000|binance|depth|0|0|188|BTCUSDT|"""{""e"":""trade"",""E"":1780791934367,""s"":""BTCUSDT"",""t"":6380215257,""p"":""60820.26000000"",""q"":""0.00009000"",""T"":1780791934366,""m"":true,""M"":true}"""
1780792020|25778000|binance|depth|0|0|189|BTCUSDT|"""{""e"":""trade"",""E"":1780791934367,""s"":""BTCUSDT"",""t"":6380215258,""p"":""60820.06000000"",""q"":""0.00009000"",""T"":1780791934366,""m"":true,""M"":true}"""
1780792020|25781000|binance|depth|0|0|190|BTCUSDT|"""{""e"":""trade"",""E"":1780791934367,""s"":""BTCUSDT"",""t"":6380215259,""p"":""60819.84000000"",""q"":""0.00009000"",""T"":1780791934366,""m"":true,""M"":true}"""
1780792020|25783000|binance|depth|0|0|191|BTCUSDT|"""{""e"":""trade"",""E"":1780791934367,""s"":""BTCUSDT"",""t"":6380215260,""p"":""60819.63000000"",""q"":""0.00009000"",""T"":1780791934366,""m"":true,""M"":true}"""
1780792020|25785000|binance|depth|0|0|192|BTCUSDT|"""{""e"":""trade"",""E"":1780791934367,""s"":""BTCUSDT"",""t"":6380215261,""p"":""60819.63000000"",""q"":""0.00009000"",""T"":1780791934366,""m"":true,""M"":true}"""
1780792020|25787000|binance|depth|0|0|193|BTCUSDT|"""{""e"":""trade"",""E"":1780791934367,""s"":""BTCUSDT"",""t"":6380215262,""p"":""60819.62000000"",""q"":""0.00009000"",""T"":1780791934366,""m"":true,""M"":true}"""
1780792020|25789000|binance|depth|0|0|194|BTCUSDT|"""{""e"":""trade"",""E"":1780791934367,""s"":""BTCUSDT"",""t"":6380215263,""p"":""60819.62000000"",""q"":""0.00009000"",""T"":1780791934366,""m"":true,""M"":true}"""
1780792020|25798000|binance|depth|0|0|195|BTCUSDT|"""{""e"":""trade"",""E"":1780791934367,""s"":""BTCUSDT"",""t"":6380215264,""p"":""60819.62000000"",""q"":""0.00009000"",""T"":1780791934366,""m"":true,""M"":true}"""
1780792020|25800000|binance|depth|0|0|196|BTCUSDT|"""{""e"":""trade"",""E"":1780791934367,""s"":""BTCUSDT"",""t"":6380215265,""p"":""60819.62000000"",""q"":""0.00009000"",""T"":1780791934366,""m"":true,""M"":true}"""
1780792020|25802000|binance|depth|0|0|197|BTCUSDT|"""{""e"":""trade"",""E"":1780791934367,""s"":""BTCUSDT"",""t"":6380215266,""p"":""60819.38000000"",""q"":""0.00009000"",""T"":1780791934366,""m"":true,""M"":true}"""
1780792020|25804000|binance|depth|0|0|198|BTCUSDT|"""{""e"":""trade"",""E"":1780791934367,""s"":""BTCUSDT"",""t"":6380215267,""p"":""60819.38000000"",""q"":""0.00009000"",""T"":1780791934366,""m"":true,""M"":true}"""
1780792020|25806000|binance|depth|0|0|199|BTCUSDT|"""{""e"":""trade"",""E"":1780791934367,""s"":""BTCUSDT"",""t"":6380215268,""p"":""60818.95000000"",""q"":""0.00010000"",""T"":1780791934366,""m"":true,""M"":true}"""
1780792020|25809000|binance|depth|0|0|200|BTCUSDT|"""{""e"":""trade"",""E"":1780791934367,""s"":""BTCUSDT"",""t"":6380215269,""p"":""60818.94000000"",""q"":""0.00009000"",""T"":1780791934366,""m"":true,""M"":true}"""
1780792020|25816000|binance|depth|0|0|201|BTCUSDT|"""{""e"":""trade"",""E"":1780791934367,""s"":""BTCUSDT"",""t"":6380215270,""p"":""60818.94000000"",""q"":""0.00009000"",""T"":1780791934366,""m"":true,""M"":true}"""
1780792020|25819000|binance|depth|0|0|202|BTCUSDT|"""{""e"":""trade"",""E"":1780791934367,""s"":""BTCUSDT"",""t"":6380215271,""p"":""60818.94000000"",""q"":""0.00009000"",""T"":1780791934366,""m"":true,""M"":true}"""
1780792020|25821000|binance|depth|0|0|203|BTCUSDT|"""{""e"":""trade"",""E"":1780791934367,""s"":""BTCUSDT"",""t"":6380215272,""p"":""60818.94000000"",""q"":""0.00009000"",""T"":1780791934366,""m"":true,""M"":true}"""
1780792020|25823000|binance|depth|0|0|204|BTCUSDT|"""{""e"":""trade"",""E"":1780791934367,""s"":""BTCUSDT"",""t"":6380215273,""p"":""60818.92000000"",""q"":""0.00009000"",""T"":1780791934366,""m"":true,""M"":true}"""
1780792020|25826000|binance|depth|0|0|205|BTCUSDT|"""{""e"":""trade"",""E"":1780791934367,""s"":""BTCUSDT"",""t"":6380215274,""p"":""60818.92000000"",""q"":""0.00009000"",""T"":1780791934366,""m"":true,""M"":true}"""
1780792020|25828000|binance|depth|0|0|206|BTCUSDT|"""{""e"":""trade"",""E"":1780791934367,""s"":""BTCUSDT"",""t"":6380215275,""p"":""60818.90000000"",""q"":""0.00009000"",""T"":1780791934366,""m"":true,""M"":true}"""
1780792020|25830000|binance|depth|0|0|207|BTCUSDT|"""{""e"":""trade"",""E"":1780791934367,""s"":""BTCUSDT"",""t"":6380215276,""p"":""60818.90000000"",""q"":""0.00009000"",""T"":1780791934366,""m"":true,""M"":true}"""
1780792020|25832000|binance|depth|0|0|208|BTCUSDT|"""{""e"":""trade"",""E"":1780791934367,""s"":""BTCUSDT"",""t"":6380215277,""p"":""60818.90000000"",""q"":""0.00009000"",""T"":1780791934366,""m"":true,""M"":true}"""
1780792020|25834000|binance|depth|0|0|209|BTCUSDT|"""{""e"":""trade"",""E"":1780791934367,""s"":""BTCUSDT"",""t"":6380215278,""p"":""60818.90000000"",""q"":""0.00009000"",""T"":1780791934366,""m"":true,""M"":true}"""
1780792020|25836000|binance|depth|0|0|210|BTCUSDT|"""{""e"":""trade"",""E"":1780791934367,""s"":""BTCUSDT"",""t"":6380215279,""p"":""60818.74000000"",""q"":""0.00031000"",""T"":1780791934366,""m"":true,""M"":true}"""
1780792020|25839000|binance|depth|0|0|211|BTCUSDT|"""{""e"":""trade"",""E"":1780791934367,""s"":""BTCUSDT"",""t"":6380215280,""p"":""60818.64000000"",""q"":""0.00009000"",""T"":1780791934366,""m"":true,""M"":true}"""
1780792020|25841000|binance|depth|0|0|212|BTCUSDT|"""{""e"":""trade"",""E"":1780791934367,""s"":""BTCUSDT"",""t"":6380215281,""p"":""60818.64000000"",""q"":""0.00009000"",""T"":1780791934366,""m"":true,""M"":true}"""
1780792020|25859000|binance|depth|0|0|213|BTCUSDT|"""{""e"":""trade"",""E"":1780791934367,""s"":""BTCUSDT"",""t"":6380215282,""p"":""60818.63000000"",""q"":""0.00009000"",""T"":1780791934366,""m"":true,""M"":true}"""
1780792020|25861000|binance|depth|0|0|214|BTCUSDT|"""{""e"":""trade"",""E"":1780791934367,""s"":""BTCUSDT"",""t"":6380215283,""p"":""60818.63000000"",""q"":""0.00009000"",""T"":1780791934366,""m"":true,""M"":true}"""
1780792020|25863000|binance|depth|0|0|215|BTCUSDT|"""{""e"":""trade"",""E"":1780791934367,""s"":""BTCUSDT"",""t"":6380215284,""p"":""60818.58000000"",""q"":""0.00019000"",""T"":1780791934366,""m"":true,""M"":true}"""
1780792020|25865000|binance|depth|0|0|216|BTCUSDT|"""{""e"":""trade"",""E"":1780791934367,""s"":""BTCUSDT"",""t"":6380215285,""p"":""60818.58000000"",""q"":""0.00009000"",""T"":1780791934366,""m"":true,""M"":true}"""
1780792020|25867000|binance|depth|0|0|217|BTCUSDT|"""{""e"":""trade"",""E"":1780791934367,""s"":""BTCUSDT"",""t"":6380215286,""p"":""60818.58000000"",""q"":""0.00009000"",""T"":1780791934366,""m"":true,""M"":true}"""
1780792020|25869000|binance|depth|0|0|218|BTCUSDT|"""{""e"":""trade"",""E"":1780791934367,""s"":""BTCUSDT"",""t"":6380215287,""p"":""60818.58000000"",""q"":""0.00009000"",""T"":1780791934366,""m"":true,""M"":true}"""
1780792020|25871000|binance|depth|0|0|219|BTCUSDT|"""{""e"":""trade"",""E"":1780791934367,""s"":""BTCUSDT"",""t"":6380215288,""p"":""60818.58000000"",""q"":""0.00009000"",""T"":1780791934366,""m"":true,""M"":true}"""
1780792020|25882000|binance|depth|0|0|220|BTCUSDT|"""{""e"":""trade"",""E"":1780791934367,""s"":""BTCUSDT"",""t"":6380215289,""p"":""60818.24000000"",""q"":""0.00009000"",""T"":1780791934366,""m"":true,""M"":true}"""
1780792020|25884000|binance|depth|0|0|221|BTCUSDT|"""{""e"":""trade"",""E"":1780791934367,""s"":""BTCUSDT"",""t"":6380215290,""p"":""60817.86000000"",""q"":""0.00010000"",""T"":1780791934366,""m"":true,""M"":true}"""
1780792020|25886000|binance|depth|0|0|222|BTCUSDT|"""{""e"":""trade"",""E"":1780791934367,""s"":""BTCUSDT"",""t"":6380215291,""p"":""60817.84000000"",""q"":""0.00009000"",""T"":1780791934366,""m"":true,""M"":true}"""
1780792020|25888000|binance|depth|0|0|223|BTCUSDT|"""{""e"":""trade"",""E"":1780791934367,""s"":""BTCUSDT"",""t"":6380215292,""p"":""60817.84000000"",""q"":""0.00009000"",""T"":1780791934366,""m"":true,""M"":true}"""
1780792020|25890000|binance|depth|0|0|224|BTCUSDT|"""{""e"":""trade"",""E"":1780791934367,""s"":""BTCUSDT"",""t"":6380215293,""p"":""60817.50000000"",""q"":""0.00009000"",""T"":1780791934366,""m"":true,""M"":true}"""
1780792020|25893000|binance|depth|0|0|225|BTCUSDT|"""{""e"":""trade"",""E"":1780791934367,""s"":""BTCUSDT"",""t"":6380215294,""p"":""60817.43000000"",""q"":""0.00009000"",""T"":1780791934366,""m"":true,""M"":true}"""
1780792020|25895000|binance|depth|0|0|226|BTCUSDT|"""{""e"":""trade"",""E"":1780791934367,""s"":""BTCUSDT"",""t"":6380215295,""p"":""60817.43000000"",""q"":""0.00009000"",""T"":1780791934366,""m"":true,""M"":true}"""
1780792020|25897000|binance|depth|0|0|227|BTCUSDT|"""{""e"":""trade"",""E"":1780791934367,""s"":""BTCUSDT"",""t"":6380215296,""p"":""60817.43000000"",""q"":""0.00009000"",""T"":1780791934366,""m"":true,""M"":true}"""
1780792020|25899000|binance|depth|0|0|228|BTCUSDT|"""{""e"":""trade"",""E"":1780791934367,""s"":""BTCUSDT"",""t"":6380215297,""p"":""60817.43000000"",""q"":""0.00009000"",""T"":1780791934366,""m"":true,""M"":true}"""
1780792020|25902000|binance|depth|0|0|229|BTCUSDT|"""{""e"":""trade"",""E"":1780791934367,""s"":""BTCUSDT"",""t"":6380215298,""p"":""60817.19000000"",""q"":""0.00010000"",""T"":1780791934366,""m"":true,""M"":true}"""
1780792020|25904000|binance|depth|0|0|230|BTCUSDT|"""{""e"":""trade"",""E"":1780791934367,""s"":""BTCUSDT"",""t"":6380215299,""p"":""60817.19000000"",""q"":""0.00009000"",""T"":1780791934366,""m"":true,""M"":true}"""
1780792020|25906000|binance|depth|0|0|231|BTCUSDT|"""{""e"":""trade"",""E"":1780791934367,""s"":""BTCUSDT"",""t"":6380215300,""p"":""60817.19000000"",""q"":""0.00009000"",""T"":1780791934366,""m"":true,""M"":true}"""
1780792020|25909000|binance|depth|0|0|232|BTCUSDT|"""{""e"":""trade"",""E"":1780791934367,""s"":""BTCUSDT"",""t"":6380215301,""p"":""60817.19000000"",""q"":""0.00009000"",""T"":1780791934366,""m"":true,""M"":true}"""
1780792020|25911000|binance|depth|0|0|233|BTCUSDT|"""{""lastUpdateId"":95220200781,""bids"":[[""60817.18000000"",""0.88148000""],[""60817.17000000"",""0.00117000""],[""60817.16000000"",""0.00017000""],[""60816.86000000"",""0.00018000""],[""60816.60000000"",""0.00010000""]],""asks"":[[""60817.19000000"",""3.35163000""],[""60817.20000000"",""0.06905000""],[""60817.21000000"",""0.00017000""],[""60817.50000000"",""0.00409000""],[""60818.49000000"",""0.25834000""]]}"""
1780792020|26095000|binance|depth|0|0|234|BTCUSDT|"""{""e"":""depthUpdate"",""E"":1780791934414,""s"":""BTCUSDT"",""U"":95220199808,""u"":95220200781,""b"":[[""60821.36000000"",""0.00000000""],[""60821.35000000"",""0.00000000""],[""60821.28000000"",""0.00000000""],[""60820.56000000"",""0.00000000""],[""60820.27000000"",""0.00000000""],[""60820.26000000"",""0.00000000""],[""60820.06000000"",""0.00000000""],[""60819.84000000"",""0.00000000""],[""60819.63000000"",""0.00000000""],[""60819.62000000"",""0.00000000""],[""60819.38000000"",""0.00000000""],[""60819.29000000"",""0.00000000""],[""60818.95000000"",""0.00000000""],[""60818.94000000"",""0.00000000""],[""60818.92000000"",""0.00000000""],[""60818.91000000"",""0.00000000""],[""60818.90000000"",""0.00000000""],[""60818.74000000"",""0.00000000""],[""60818.64000000"",""0.00000000""],[""60818.63000000"",""0.00000000""],[""60818.59000000"",""0.00000000""],[""60818.58000000"",""0.00000000""],[""60818.24000000"",""0.00000000""],[""60818.16000000"",""0.00000000""],[""60817.86000000"",""0.00000000""],[""60817.85000000"",""0.00000000""],[""60817.84000000"",""0.00000000""],[""60817.50000000"",""0.00000000""],[""60817.44000000"",""0.00000000""],[""60817.43000000"",""0.00000000""],[""60817.25000000"",""0.00000000""],[""60817.19000000"",""0.00000000""],[""60817.18000000"",""0.88148000""],[""60817.17000000"",""0.00117000""],[""60817.16000000"",""0.00017000""],[""60817.11000000"",""0.00000000""],[""60817.06000000"",""0.00000000""],[""60817.05000000"",""0.00000000""],[""60816.93000000"",""0.00000000""],[""60816.90000000"",""0.00000000""],[""60816.88000000"",""0.00000000""],[""60816.87000000"",""0.00000000""],[""60816.86000000"",""0.00018000""],[""60816.55000000"",""0.00000000""],[""60816.41000000"",""0.00000000""],[""60816.31000000"",""0.00010000""],[""60816.30000000"",""0.00018000""],[""60816.21000000"",""0.00000000""],[""60816.14000000"",""0.00000000""],[""60816.02000000"",""0.00000000""],[""60816.00000000"",""0.00618000""],[""60815.97000000"",""0.00000000""],[""60815.88000000"",""0.11226000""],[""60815.87000000"",""0.11304000""],[""60815.83000000"",""0.00000000""],[""60815.82000000"",""0.00018000""],[""60815.81000000"",""0.00028000""],[""60815.59000000"",""0.00000000""],[""60815.58000000"",""0.01011000""],[""60815.57000000"",""0.04278000""],[""60815.50000000"",""0.00000000""],[""60815.49000000"",""0.00000000""],[""60815.40000000"",""0.00000000""],[""60815.39000000"",""0.00000000""],[""60815.27000000"",""0.00000000""],[""60815.21000000"",""0.00000000""],[""60815.12000000"",""0.00000000""],[""60814.81000000"",""0.00000000""],[""60814.67000000"",""0.00000000""],[""60814.59000000"",""0.00000000""],[""60814.57000000"",""0.00018000""],[""60814.56000000"",""0.11295000""],[""60814.47000000"",""0.00000000""],[""60814.44000000"",""0.00019000""],[""60814.25000000"",""0.00826000""],[""60814.14000000"",""0.00028000""],[""60814.13000000"",""0.00009000""],[""60814.02000000"",""0.00009000""],[""60814.01000000"",""0.06746000""],[""60813.85000000"",""0.00000000""],[""60813.84000000"",""0.00000000""],[""60813.81000000"",""0.00000000""],[""60813.71000000"",""0.00000000""],[""60813.49000000"",""0.00018000""],[""60813.42000000"",""0.03113000""],[""60813.34000000"",""0.00000000""],[""60813.27000000"",""0.11295000""],[""60813.26000000"",""0.02200000""],[""60813.25000000"",""0.00000000""],[""60813.24000000"",""0.00000000""],[""60813.08000000"",""0.00000000""],[""60812.91000000"",""0.00000000""],[""60812.83000000"",""0.00000000""],[""60812.81000000"",""0.00010000""],[""60812.74000000"",""0.00000000""],[""60812.45000000"",""0.00658000""],[""60812.44000000"",""0.00658000""],[""60812.19000000"",""0.00000000""],[""60812.15000000"",""0.00000000""],[""60812.14000000"",""0.00000000""],[""60812.13000000"",""0.01959000""],[""60812.12000000"",""0.10000000""],[""60811.64000000"",""0.00000000""],[""60811.21000000"",""0.07579000""],[""60811.09000000"",""0.00000000""],[""60810.95000000"",""0.00000000""],[""60810.88000000"",""0.11294000""],[""60810.87000000"",""0.00000000""],[""60810.73000000"",""0.00030000""],[""60810.22000000"",""0.02200000""],[""60810.01000000"",""0.00000000""],[""60809.72000000"",""0.11622000""],[""60809.71000000"",""0.20138000""],[""60809.70000000"",""0.00011000""],[""60809.41000000"",""0.00827000""],[""60809.25000000"",""0.00000000""],[""60809.24000000"",""0.01048000""],[""60809.18000000"",""0.27000000""],[""60809.00000000"",""0.00048000""],[""60808.94000000"",""0.00000000""],[""60808.85000000"",""0.00048000""],[""60808.84000000"",""0.00000000""],[""60808.68000000"",""0.00000000""],[""60808.43000000"",""0.00000000""],[""60808.39000000"",""0.00000000""],[""60808.28000000"",""0.00000000""],[""60808.26000000"",""0.82849000""],[""60808.25000000"",""2.08096000""],[""60808.16000000"",""0.00010000""],[""60808.15000000"",""0.00010000""],[""60808.14000000"",""0.00000000""],[""60808.10000000"",""0.00000000""],[""60808.05000000"",""0.00000000""],[""60807.98000000"",""0.00070000""],[""60807.85000000"",""0.00000000""],[""60807.68000000"",""0.00000000""],[""60807.54000000"",""0.00000000""],[""60807.38000000"",""0.00000000""],[""60807.17000000"",""0.00000000""],[""60806.93000000"",""0.00161000""],[""60806.87000000"",""0.00000000""],[""60806.78000000"",""0.11208000""],[""60806.55000000"",""0.00822000""],[""60806.54000000"",""0.00000000""],[""60806.53000000"",""0.00000000""],[""60806.43000000"",""0.00034000""],[""60805.84000000"",""0.02600000""],[""60805.73000000"",""0.00000000""],[""60805.65000000"",""0.00000000""],[""60805.58000000"",""0.00000000""],[""60805.48000000"",""0.11208000""],[""60805.39000000"",""0.10768000""],[""60805.35000000"",""0.00000000""],[""60805.14000000"",""0.11305000""],[""60805.01000000"",""0.00000000""],[""60804.69000000"",""0.00000000""],[""60804.43000000"",""0.00000000""],[""60804.12000000"",""0.00000000""],[""60803.79000000"",""0.00400000""],[""60803.48000000"",""0.02000000""],[""60803.42000000"",""0.00000000""],[""60803.32000000"",""0.00835000""],[""60803.07000000"",""2.63044000""],[""60803.06000000"",""0.00000000""],[""60802.80000000"",""0.00000000""],[""60802.69000000"",""0.00000000""],[""60802.61000000"",""0.01542000""],[""60802.27000000"",""0.90281000""],[""60802.10000000"",""0.00059000""],[""60802.02000000"",""0.12364000""],[""60801.87000000"",""0.00000000""],[""60801.77000000"",""0.00000000""],[""60800.79000000"",""0.00000000""],[""60800.13000000"",""0.82246000""],[""60799.87000000"",""0.00000000""],[""60798.93000000"",""0.00164000""],[""60798.35000000"",""0.00000000""],[""60797.76000000"",""0.00000000""],[""60797.23000000"",""0.00829000""],[""60797.15000000"",""0.00045000""],[""60797.03000000"",""0.00000000""],[""60796.70000000"",""0.00400000""],[""60796.41000000"",""0.00119000""],[""60796.40000000"",""0.00188000""],[""60795.89000000"",""0.00000000""],[""60795.77000000"",""0.00000000""],[""60795.06000000"",""0.69759000""],[""60793.12000000"",""0.00200000""],[""60793.02000000"",""1.65134000""],[""60792.16000000"",""0.00410000""],[""60791.49000000"",""0.00400000""],[""60791.14000000"",""0.00817000""],[""60790.50000000"",""0.00010000""],[""60790.09000000"",""0.00000000""],[""60789.96000000"",""0.00009000""],[""60789.07000000"",""0.07235000""],[""60788.43000000"",""0.00400000""],[""60787.94000000"",""0.00000000""],[""60787.30000000"",""0.02858000""],[""60786.90000000"",""0.00409000""],[""60784.86000000"",""0.00000000""],[""60784.74000000"",""0.00000000""],[""60782.05000000"",""0.00000000""],[""60781.41000000"",""0.00024000""],[""60778.72000000"",""0.00000000""],[""60778.34000000"",""0.00410000""],[""60775.41000000"",""0.04800000""],[""60775.28000000"",""0.37448000""],[""60767.90000000"",""0.00435000""],[""60767.39000000"",""0.00000000""],[""60766.10000000"",""0.00000000""],[""60766.01000000"",""0.92368000""],[""60765.05000000"",""1.62998000""],[""60761.70000000"",""0.00000000""],[""60761.15000000"",""0.00000000""],[""60761.10000000"",""0.00000000""],[""60760.50000000"",""0.00000000""],[""60760.19000000"",""0.21477000""],[""60760.17000000"",""0.00000000""],[""60759.70000000"",""0.00000000""],[""60759.62000000"",""0.00000000""],[""60759.49000000"",""0.00000000""],[""60759.44000000"",""0.00010000""],[""60758.89000000"",""0.00000000""],[""60758.63000000"",""0.00000000""],[""60758.43000000"",""0.02200000""],[""60758.41000000"",""0.00408000""],[""60757.82000000"",""0.98693000""],[""60756.34000000"",""0.01478000""],[""60752.26000000"",""0.00000000""],[""60742.16000000"",""1.24461000""],[""60739.39000000"",""0.00000000""],[""60729.07000000"",""2.63034000""],[""60726.01000000"",""0.00000000""],[""60723.28000000"",""0.00000000""],[""60723.04000000"",""0.00000000""],[""60722.44000000"",""0.00000000""],[""60721.65000000"",""0.04073000""],[""60718.29000000"",""0.08683000""],[""60717.21000000"",""0.00164000""],[""60713.58000000"",""0.17229000""],[""60705.89000000"",""0.00000000""],[""60705.28000000"",""0.00000000""],[""60698.62000000"",""0.00010000""],[""60697.99000000"",""0.00164000""],[""60644.45000000"",""0.00000000""],[""60637.80000000"",""0.00010000""],[""60583.62000000"",""0.00000000""],[""60576.98000000"",""0.00010000""],[""60522.80000000"",""0.00000000""],[""60516.16000000"",""0.00010000""],[""60461.97000000"",""0.00000000""],[""60455.34000000"",""0.00010000""],[""60401.14000000"",""0.00000000""],[""60394.52000000"",""0.00010000""],[""60340.31000000"",""0.00000000""],[""60333.70000000"",""0.00010000""],[""54739.23000000"",""0.00010000""],[""54735.47000000"",""0.00020000""]],""a"":[[""60817.19000000"",""3.35163000""],[""60817.20000000"",""0.06905000""],[""60817.21000000"",""0.00017000""],[""60817.44000000"",""0.00000000""],[""60817.50000000"",""0.00409000""],[""60817.85000000"",""0.00000000""],[""60818.49000000"",""0.25834000""],[""60818.50000000"",""0.11304000""],[""60818.59000000"",""0.00000000""],[""60818.64000000"",""0.00000000""],[""60818.65000000"",""0.00000000""],[""60818.91000000"",""0.00000000""],[""60818.93000000"",""0.00000000""],[""60818.95000000"",""0.00000000""],[""60818.96000000"",""0.00000000""],[""60819.03000000"",""0.00400000""],[""60819.23000000"",""0.00000000""],[""60819.39000000"",""0.00000000""],[""60819.63000000"",""0.00018000""],[""60819.64000000"",""0.15587000""],[""60819.80000000"",""0.00018000""],[""60819.81000000"",""0.11304000""],[""60820.27000000"",""0.00000000""],[""60820.28000000"",""0.00000000""],[""60820.56000000"",""0.00409000""],[""60820.57000000"",""0.00000000""],[""60820.82000000"",""0.00018000""],[""60820.83000000"",""0.02000000""],[""60821.05000000"",""0.08008000""],[""60821.12000000"",""0.11295000""],[""60821.29000000"",""0.00000000""],[""60821.35000000"",""0.49040000""],[""60821.36000000"",""0.16883000""],[""60821.37000000"",""0.39672000""],[""60821.38000000"",""0.00000000""],[""60821.39000000"",""0.00000000""],[""60822.08000000"",""0.00000000""],[""60822.66000000"",""0.00000000""],[""60822.67000000"",""0.00000000""],[""60822.82000000"",""0.00000000""],[""60823.27000000"",""0.00000000""],[""60823.28000000"",""0.00409000""],[""60823.58000000"",""0.00000000""],[""60823.64000000"",""0.00000000""],[""60823.71000000"",""0.00000000""],[""60823.72000000"",""0.04073000""],[""60823.78000000"",""0.00162000""],[""60823.98000000"",""0.00000000""],[""60823.99000000"",""0.11302000""],[""60824.07000000"",""0.00000000""],[""60824.70000000"",""0.00010000""],[""60824.71000000"",""0.12700000""],[""60824.75000000"",""0.00000000""],[""60825.14000000"",""0.00000000""],[""60825.29000000"",""0.08978000""],[""60825.30000000"",""0.11320000""],[""60825.50000000"",""0.00000000""],[""60825.51000000"",""0.49432000""],[""60825.53000000"",""0.00000000""],[""60825.54000000"",""0.16461000""],[""60825.55000000"",""1.08412000""],[""60826.33000000"",""0.00000000""],[""60826.74000000"",""0.01000000""],[""60826.91000000"",""0.00010000""],[""60826.92000000"",""1.57852000""],[""60826.93000000"",""0.97525000""],[""60827.58000000"",""0.00895000""],[""60827.82000000"",""0.00000000""],[""60828.13000000"",""0.00000000""],[""60828.25000000"",""0.00000000""],[""60828.40000000"",""0.12423000""],[""60828.49000000"",""0.00000000""],[""60828.98000000"",""0.00000000""],[""60829.23000000"",""0.00013000""],[""60829.29000000"",""0.00400000""],[""60829.37000000"",""0.00000000""],[""60830.54000000"",""0.00000000""],[""60831.09000000"",""0.00010000""],[""60831.10000000"",""0.67155000""],[""60831.92000000"",""0.00000000""],[""60831.93000000"",""0.00000000""],[""60831.94000000"",""0.12259000""],[""60832.30000000"",""0.00000000""],[""60832.41000000"",""0.00000000""],[""60832.62000000"",""0.00000000""],[""60832.85000000"",""0.12000000""],[""60833.00000000"",""0.10000000""],[""60833.54000000"",""0.00010000""],[""60834.34000000"",""0.00010000""],[""60834.75000000"",""0.05128000""],[""60835.11000000"",""0.00400000""],[""60835.44000000"",""0.00164000""],[""60835.45000000"",""0.00000000""],[""60835.78000000"",""0.00000000""],[""60835.96000000"",""0.00000000""],[""60835.97000000"",""0.49432000""],[""60836.27000000"",""0.06632000""],[""60836.33000000"",""0.00000000""],[""60837.16000000"",""0.00010000""],[""60837.37000000"",""0.00010000""],[""60837.38000000"",""0.40298000""],[""60837.65000000"",""0.00000000""],[""60838.01000000"",""0.00118000""],[""60838.41000000"",""0.00010000""],[""60838.67000000"",""0.00000000""],[""60838.81000000"",""0.00012000""],[""60838.96000000"",""0.00000000""],[""60839.17000000"",""0.00000000""],[""60839.95000000"",""0.00328000""],[""60839.98000000"",""0.00000000""],[""60840.89000000"",""0.00000000""],[""60841.78000000"",""0.00200000""],[""60841.98000000"",""0.00009000""],[""60843.51000000"",""0.00000000""],[""60843.60000000"",""0.00000000""],[""60845.04000000"",""0.00009000""],[""60845.70000000"",""0.00000000""],[""60845.97000000"",""1.21471000""],[""60846.50000000"",""0.25648000""],[""60848.05000000"",""1.62776000""],[""60848.10000000"",""0.00000000""],[""60848.54000000"",""0.00000000""],[""60848.78000000"",""0.00010000""],[""60849.25000000"",""0.00009000""],[""60849.28000000"",""0.00009000""],[""60849.84000000"",""0.00000000""],[""60850.88000000"",""0.00000000""],[""60851.16000000"",""0.00000000""],[""60851.55000000"",""0.00000000""],[""60852.65000000"",""0.00000000""],[""60852.88000000"",""0.00000000""],[""60853.40000000"",""0.00000000""],[""60853.69000000"",""0.00616000""],[""60854.28000000"",""0.00000000""],[""60854.72000000"",""0.00000000""],[""60855.13000000"",""0.00000000""],[""60858.84000000"",""0.00000000""],[""60860.36000000"",""0.00000000""],[""60861.64000000"",""0.00410000""],[""60867.19000000"",""0.01066000""],[""60869.74000000"",""0.00000000""],[""60874.68000000"",""0.00000000""],[""60878.01000000"",""0.00010000""],[""60878.47000000"",""0.00000000""],[""60879.02000000"",""0.00000000""],[""60881.58000000"",""0.00406000""],[""60885.11000000"",""0.00000000""],[""60887.76000000"",""0.00000000""],[""60890.92000000"",""0.00000000""],[""60892.07000000"",""0.00596000""],[""60894.41000000"",""0.04545000""],[""60895.24000000"",""0.00000000""],[""60905.18000000"",""1.24128000""],[""60910.57000000"",""0.00000000""],[""60910.58000000"",""0.00000000""],[""60914.32000000"",""0.08071000""],[""60915.31000000"",""0.00000000""],[""60915.48000000"",""0.00000000""],[""60922.37000000"",""0.00164000""],[""60931.99000000"",""0.00000000""],[""60938.82000000"",""0.00010000""],[""60941.66000000"",""0.00163000""],[""60942.05000000"",""0.00000000""],[""60948.58000000"",""0.00000000""],[""60951.46000000"",""0.00000000""],[""60953.09000000"",""0.09561000""],[""60954.29000000"",""0.00000000""],[""60999.64000000"",""0.00010000""],[""61009.41000000"",""0.00000000""],[""61060.46000000"",""0.00010000""],[""61070.24000000"",""0.00000000""],[""61121.28000000"",""0.00010000""],[""61125.31000000"",""0.00000000""],[""61131.06000000"",""0.00000000""],[""61182.09000000"",""0.00010000""],[""61191.89000000"",""0.00000000""],[""61242.91000000"",""0.00010000""],[""61252.72000000"",""0.00000000""],[""61303.73000000"",""0.00010000""],[""61313.55000000"",""0.00000000""]]}"""
1780792020|26208000|binance|depth|0|0|235|BTCUSDT|"""{""e"":""trade"",""E"":1780791934435,""s"":""BTCUSDT"",""t"":6380215302,""p"":""60817.19000000"",""q"":""0.01080000"",""T"":1780791934435,""m"":false,""M"":true}"""
1780792020|26211000|binance|depth|0|0|236|BTCUSDT|"""{""e"":""trade"",""E"":1780791934457,""s"":""BTCUSDT"",""t"":6380215303,""p"":""60817.19000000"",""q"":""0.00071000"",""T"":1780791934457,""m"":false,""M"":true}"""
1780792020|26213000|binance|depth|0|0|237|BTCUSDT|"""{""e"":""trade"",""E"":1780791934457,""s"":""BTCUSDT"",""t"":6380215304,""p"":""60817.19000000"",""q"":""0.00100000"",""T"":1780791934457,""m"":false,""M"":true}"""
1780792020|26215000|binance|depth|0|0|238|BTCUSDT|"""{""lastUpdateId"":95220200935,""bids"":[[""60817.18000000"",""0.90153000""],[""60817.17000000"",""0.00108000""],[""60817.16000000"",""0.00017000""],[""60816.60000000"",""0.00010000""],[""60816.31000000"",""0.00010000""]],""asks"":[[""60817.19000000"",""3.43064000""],[""60817.20000000"",""0.00036000""],[""60817.21000000"",""0.00017000""],[""60817.50000000"",""0.00409000""],[""60817.89000000"",""0.00018000""]]}"""
1780792020|26224000|binance|depth|0|0|239|BTCUSDT|"""{""e"":""depthUpdate"",""E"":1780791934514,""s"":""BTCUSDT"",""U"":95220200782,""u"":95220200935,""b"":[[""60817.18000000"",""0.90153000""],[""60817.17000000"",""0.00108000""],[""60816.86000000"",""0.00000000""],[""60816.30000000"",""0.00000000""],[""60816.00000000"",""0.00618000""],[""60815.89000000"",""0.00018000""],[""60815.88000000"",""0.11244000""],[""60815.87000000"",""0.11322000""],[""60815.82000000"",""0.00000000""],[""60815.81000000"",""0.00010000""],[""60815.57000000"",""0.04296000""],[""60814.56000000"",""0.11313000""],[""60814.25000000"",""0.00018000""],[""60814.14000000"",""0.00010000""],[""60814.02000000"",""0.00009000""],[""60814.01000000"",""0.06764000""],[""60813.76000000"",""0.00000000""],[""60813.74000000"",""0.00810000""],[""60813.27000000"",""0.11304000""],[""60813.00000000"",""0.11564000""],[""60811.38000000"",""0.00009000""],[""60810.90000000"",""0.76703000""],[""60810.89000000"",""1.57852000""],[""60809.95000000"",""0.09637000""],[""60809.71000000"",""0.00010000""],[""60806.91000000"",""0.07965000""],[""60806.78000000"",""0.00000000""],[""60806.75000000"",""0.00191000""],[""60805.14000000"",""0.00010000""],[""60803.87000000"",""0.05782000""],[""60800.83000000"",""0.03855000""],[""60799.44000000"",""0.00400000""],[""60796.70000000"",""0.00000000""],[""60792.85000000"",""0.00616000""],[""60785.37000000"",""0.00400000""],[""60775.35000000"",""0.02400000""],[""60768.04000000"",""0.00000000""],[""60767.61000000"",""0.00000000""],[""60767.38000000"",""0.00000000""],[""60760.19000000"",""0.44471000""],[""60753.06000000"",""0.05098000""],[""60651.50000000"",""0.00019000""],[""60648.46000000"",""0.00009000""],[""54735.47000000"",""0.00060000""],[""48653.75000000"",""0.00041000""]],""a"":[[""60817.19000000"",""3.43064000""],[""60817.20000000"",""0.00036000""],[""60817.89000000"",""0.00018000""],[""60817.90000000"",""0.04007000""],[""60818.47000000"",""0.00018000""],[""60818.48000000"",""0.25738000""],[""60818.49000000"",""0.10470000""],[""60819.10000000"",""0.13100000""],[""60819.80000000"",""0.00000000""],[""60819.81000000"",""0.11313000""],[""60820.82000000"",""0.00000000""],[""60821.11000000"",""0.00000000""],[""60821.12000000"",""0.11304000""],[""60821.35000000"",""0.14513000""],[""60821.37000000"",""0.37763000""],[""60822.15000000"",""0.10916000""],[""60822.68000000"",""0.11302000""],[""60823.28000000"",""0.00000000""],[""60824.15000000"",""0.00400000""],[""60824.22000000"",""0.00010000""],[""60825.19000000"",""0.08733000""],[""60825.38000000"",""0.00009000""],[""60825.54000000"",""0.16452000""],[""60825.55000000"",""1.08403000""],[""60825.71000000"",""0.00000000""],[""60826.05000000"",""0.00000000""],[""60826.93000000"",""0.96888000""],[""60828.23000000"",""0.06550000""],[""60828.40000000"",""0.07398000""],[""60831.08000000"",""1.58713000""],[""60831.09000000"",""2.63044000""],[""60831.10000000"",""0.00024000""],[""60831.27000000"",""0.04766000""],[""60836.94000000"",""0.00009000""],[""60855.27000000"",""0.02875000""],[""60873.48000000"",""0.09375000""],[""60876.75000000"",""0.00000000""],[""60877.22000000"",""0.00000000""],[""60935.60000000"",""0.05293000""],[""60996.48000000"",""0.00000000""]]}"""
1780792020|26249000|binance|depth|0|0|240|BTCUSDT|"""{""lastUpdateId"":95220201005,""bids"":[[""60817.18000000"",""0.90163000""],[""60817.17000000"",""0.00108000""],[""60817.16000000"",""0.00017000""],[""60816.60000000"",""0.00010000""],[""60816.31000000"",""0.00010000""]],""asks"":[[""60817.19000000"",""3.43960000""],[""60817.20000000"",""0.00036000""],[""60817.21000000"",""0.00017000""],[""60817.50000000"",""0.00409000""],[""60817.89000000"",""0.00018000""]]}"""
1780792020|26258000|binance|depth|0|0|241|BTCUSDT|"""{""e"":""depthUpdate"",""E"":1780791934614,""s"":""BTCUSDT"",""U"":95220200936,""u"":95220201005,""b"":[[""60817.18000000"",""0.90163000""],[""60814.56000000"",""0.11322000""],[""60814.25000000"",""0.00000000""],[""60814.02000000"",""0.15138000""],[""60814.00000000"",""0.00618000""],[""60813.27000000"",""0.11322000""],[""60813.05000000"",""0.07579000""],[""60811.84000000"",""0.00233000""],[""60811.21000000"",""0.00000000""],[""60806.76000000"",""0.02000000""],[""60805.58000000"",""0.00400000""],[""60805.54000000"",""0.02800000""],[""60805.50000000"",""0.02400000""],[""60805.48000000"",""0.00000000""],[""60805.39000000"",""0.00000000""],[""60805.02000000"",""0.00009000""],[""60803.79000000"",""0.00000000""],[""60795.90000000"",""0.00586000""],[""60789.96000000"",""0.00409000""],[""60789.81000000"",""0.00000000""],[""60785.37000000"",""0.00000000""],[""60772.97000000"",""0.02400000""],[""60761.09000000"",""0.02400000""],[""60759.18000000"",""0.24000000""],[""60756.87000000"",""0.00000000""],[""60755.56000000"",""0.00111000""],[""60755.47000000"",""0.02800000""],[""60755.33000000"",""0.01734000""],[""60755.10000000"",""0.01071000""],[""54735.47000000"",""0.00100000""],[""48662.00000000"",""0.00000000""],[""48653.75000000"",""0.00000000""]],""a"":[[""60817.19000000"",""3.43960000""],[""60818.46000000"",""0.00031000""],[""60818.48000000"",""0.25747000""],[""60818.50000000"",""0.11313000""],[""60819.63000000"",""0.00009000""],[""60821.36000000"",""0.20038000""],[""60821.37000000"",""0.37907000""],[""60823.48000000"",""0.00000000""],[""60824.15000000"",""0.00000000""],[""60824.71000000"",""0.12709000""],[""60825.55000000"",""1.08394000""],[""60826.87000000"",""0.00000000""],[""60827.60000000"",""0.02400000""],[""60828.21000000"",""0.02400000""],[""60828.81000000"",""0.02000000""],[""60828.85000000"",""0.02000000""],[""60829.29000000"",""0.00000000""],[""60830.32000000"",""0.00400000""],[""60836.10000000"",""0.02000000""],[""60859.10000000"",""0.00000000""],[""60865.69000000"",""0.02265000""],[""60866.03000000"",""0.00111000""],[""60868.49000000"",""0.00000000""],[""87759.82000000"",""0.00012000""]]}"""
1780792020|26277000|binance|depth|0|0|242|BTCUSDT|"""{""lastUpdateId"":95220201041,""bids"":[[""60817.18000000"",""0.90163000""],[""60817.17000000"",""0.00108000""],[""60817.16000000"",""0.00017000""],[""60816.60000000"",""0.00010000""],[""60816.31000000"",""0.00010000""]],""asks"":[[""60817.19000000"",""3.43960000""],[""60817.20000000"",""0.00036000""],[""60817.21000000"",""0.00017000""],[""60817.50000000"",""0.00409000""],[""60817.89000000"",""0.00018000""]]}"""
1780792020|26285000|binance|depth|0|0|243|BTCUSDT|"""{""e"":""depthUpdate"",""E"":1780791934714,""s"":""BTCUSDT"",""U"":95220201006,""u"":95220201041,""b"":[[""60814.59000000"",""0.01316000""],[""60814.56000000"",""0.11322000""],[""60814.02000000"",""0.15156000""],[""60814.00000000"",""0.00600000""],[""60812.45000000"",""0.00000000""],[""60812.44000000"",""0.00000000""],[""60807.84000000"",""0.17711000""],[""60795.95000000"",""0.00000000""],[""60761.09000000"",""0.00000000""],[""57663.44000000"",""0.00000000""],[""54735.47000000"",""0.00140000""],[""48653.74000000"",""0.00000000""]],""a"":[[""60821.35000000"",""0.23004000""],[""60822.54000000"",""0.00834000""],[""60823.70000000"",""0.00009000""],[""60824.88000000"",""0.00898000""],[""60825.53000000"",""0.00009000""],[""60825.70000000"",""0.00000000""],[""60828.12000000"",""0.00010000""],[""60835.50000000"",""0.00000000""],[""60836.75000000"",""0.00000000""],[""60845.31000000"",""0.00000000""],[""60845.97000000"",""0.86496000""],[""60848.05000000"",""0.00000000""],[""60869.75000000"",""0.00000000""],[""60967.62000000"",""4.92293000""]]}"""
1780792020|26293000|binance|depth|0|0|244|BTCUSDT|"""{""lastUpdateId"":95220201072,""bids"":[[""60817.18000000"",""0.90172000""],[""60817.17000000"",""0.00117000""],[""60817.16000000"",""0.00017000""],[""60816.60000000"",""0.00010000""],[""60816.31000000"",""0.00010000""]],""asks"":[[""60817.19000000"",""3.46969000""],[""60817.20000000"",""0.00036000""],[""60817.21000000"",""0.00017000""],[""60817.50000000"",""0.00409000""],[""60817.89000000"",""0.00018000""]]}"""
1780792020|26301000|binance|depth|0|0|245|BTCUSDT|"""{""e"":""depthUpdate"",""E"":1780791934814,""s"":""BTCUSDT"",""U"":95220201042,""u"":95220201072,""b"":[[""60817.18000000"",""0.90172000""],[""60817.17000000"",""0.00117000""],[""60815.57000000"",""0.04296000""],[""60814.59000000"",""0.01334000""],[""60814.01000000"",""0.06746000""],[""60811.38000000"",""0.00409000""],[""60805.02000000"",""0.00018000""],[""60798.94000000"",""0.00586000""],[""60786.90000000"",""0.00009000""],[""60755.47000000"",""0.00000000""],[""56709.46000000"",""0.00000000""],[""54735.47000000"",""0.00180000""],[""54735.00000000"",""0.00000000""]],""a"":[[""60817.19000000"",""3.46969000""],[""60818.00000000"",""0.00009000""],[""60821.36000000"",""0.16883000""],[""60821.37000000"",""0.37772000""],[""60832.05000000"",""0.07235000""],[""60836.71000000"",""0.02000000""],[""60841.13000000"",""0.00000000""],[""60841.52000000"",""0.00616000""],[""60850.75000000"",""0.00000000""],[""60853.69000000"",""0.00000000""]]}"""
1780792020|26314000|binance|depth|0|0|246|BTCUSDT|"""{""lastUpdateId"":95220201114,""bids"":[[""60817.18000000"",""0.92803000""],[""60817.17000000"",""0.00117000""],[""60817.16000000"",""0.00017000""],[""60816.60000000"",""0.00010000""],[""60816.31000000"",""0.00010000""]],""asks"":[[""60817.19000000"",""3.46988000""],[""60817.20000000"",""0.00036000""],[""60817.21000000"",""0.00017000""],[""60817.50000000"",""0.00409000""],[""60817.89000000"",""0.00018000""]]}"""
1780792020|26322000|binance|depth|0|0|247|BTCUSDT|"""{""e"":""depthUpdate"",""E"":1780791934914,""s"":""BTCUSDT"",""U"":95220201073,""u"":95220201114,""b"":[[""60817.18000000"",""0.92803000""],[""60810.84000000"",""0.00010000""],[""60809.21000000"",""0.02600000""],[""60806.66000000"",""0.00009000""],[""60805.83000000"",""0.03200000""],[""60798.66000000"",""0.00010000""],[""60791.88000000"",""0.00200000""],[""60777.20000000"",""0.00676000""],[""60775.98000000"",""0.01717000""],[""60764.78000000"",""0.02600000""],[""60763.98000000"",""0.03200000""],[""60742.19000000"",""0.53419000""],[""60729.08000000"",""0.79590000""],[""54735.47000000"",""0.00220000""],[""54735.00000000"",""0.00000000""]],""a"":[[""60817.19000000"",""3.46988000""],[""60825.16000000"",""0.02000000""],[""60828.22000000"",""0.11245000""],[""60828.40000000"",""0.00010000""],[""60828.55000000"",""0.04000000""],[""60831.00000000"",""0.00018000""],[""60835.18000000"",""0.00000000""],[""60840.54000000"",""0.00200000""],[""60847.33000000"",""0.00000000""],[""60885.21000000"",""0.30484000""],[""60910.73000000"",""0.18010000""],[""82071.40000000"",""0.00000000""],[""88022.73000000"",""0.00197000""],[""111111.00000000"",""1.36617000""]]}"""
1780792020|26330000|binance|depth|0|0|248|BTCUSDT|"""{""lastUpdateId"":95220201136,""bids"":[[""60817.18000000"",""0.92803000""],[""60817.17000000"",""0.00117000""],[""60817.16000000"",""0.00017000""],[""60816.60000000"",""0.00010000""],[""60816.31000000"",""0.00010000""]],""asks"":[[""60817.19000000"",""3.47323000""],[""60817.20000000"",""0.00036000""],[""60817.21000000"",""0.00017000""],[""60817.50000000"",""0.00409000""],[""60817.89000000"",""0.00018000""]]}"""
1780792020|26337000|binance|depth|0|0|249|BTCUSDT|"""{""e"":""depthUpdate"",""E"":1780791935015,""s"":""BTCUSDT"",""U"":95220201115,""u"":95220201136,""b"":[[""60802.81000000"",""0.00000000""],[""60799.43000000"",""0.00000000""],[""60793.12000000"",""0.00000000""],[""60791.71000000"",""0.00200000""],[""60773.98000000"",""0.87407000""],[""60764.78000000"",""0.00000000""],[""54735.47000000"",""0.00260000""],[""54735.00000000"",""0.00000000""],[""48653.75000000"",""0.00041000""]],""a"":[[""60817.19000000"",""3.47323000""],[""60833.06000000"",""0.00000000""],[""60836.44000000"",""0.00000000""],[""60840.37000000"",""0.00200000""],[""60841.78000000"",""0.00000000""],[""60845.20000000"",""0.48524000""],[""60853.85000000"",""0.86824000""],[""60866.38000000"",""0.00000000""],[""60867.12000000"",""0.00000000""],[""60868.69000000"",""0.00000000""],[""61088.92000000"",""0.12365000""]]}"""
1780792020|26344000|binance|depth|0|0|250|BTCUSDT|"""{""lastUpdateId"":95220201152,""bids"":[[""60817.18000000"",""0.99557000""],[""60817.17000000"",""0.00117000""],[""60817.16000000"",""0.00017000""],[""60816.60000000"",""0.00010000""],[""60816.31000000"",""0.00010000""]],""asks"":[[""60817.19000000"",""3.47323000""],[""60817.20000000"",""0.00036000""],[""60817.21000000"",""0.00017000""],[""60817.50000000"",""0.00409000""],[""60817.89000000"",""0.00018000""]]}"""
1780792020|26359000|binance|depth|0|0|251|BTCUSDT|"""{""e"":""depthUpdate"",""E"":1780791935114,""s"":""BTCUSDT"",""U"":95220201137,""u"":95220201152,""b"":[[""60817.18000000"",""0.99557000""],[""60790.33000000"",""0.02000000""],[""60769.75000000"",""0.02400000""],[""54735.47000000"",""0.00300000""],[""54735.00000000"",""0.00020000""]],""a"":[[""60821.37000000"",""0.37763000""],[""60825.20000000"",""0.02000000""],[""60825.81000000"",""0.02000000""],[""60828.85000000"",""0.04000000""],[""60856.23000000"",""0.02000000""],[""60859.27000000"",""0.02000000""],[""61364.53000000"",""0.00010000""],[""88022.78000000"",""0.00040000""]]}"""
1780792020|26364000|binance|depth|0|0|252|BTCUSDT|"""{""lastUpdateId"":95220201165,""bids"":[[""60817.18000000"",""0.99557000""],[""60817.17000000"",""0.00117000""],[""60817.16000000"",""0.00017000""],[""60816.60000000"",""0.00010000""],[""60816.31000000"",""0.00010000""]],""asks"":[[""60817.19000000"",""3.47323000""],[""60817.20000000"",""0.00036000""],[""60817.21000000"",""0.00017000""],[""60817.50000000"",""0.00409000""],[""60817.89000000"",""0.00018000""]]}"""
1780792020|26371000|binance|depth|0|0|253|BTCUSDT|"""{""e"":""depthUpdate"",""E"":1780791935214,""s"":""BTCUSDT"",""U"":95220201153,""u"":95220201165,""b"":[[""60807.85000000"",""0.00822000""],[""60806.55000000"",""0.00000000""],[""60794.63000000"",""0.00000000""],[""60772.98000000"",""0.02600000""],[""54735.47000000"",""0.00340000""],[""54735.00000000"",""0.00000000""],[""48653.75000000"",""0.00000000""]],""a"":[[""60828.20000000"",""0.02000000""],[""60833.09000000"",""0.00000000""],[""60833.70000000"",""0.02000000""],[""60836.74000000"",""0.00000000""],[""60878.62000000"",""0.00000000""],[""60896.80000000"",""0.02000000""]]}"""
1780792020|26376000|binance|depth|0|0|254|BTCUSDT|"""{""lastUpdateId"":95220201171,""bids"":[[""60817.18000000"",""0.99557000""],[""60817.17000000"",""0.00117000""],[""60817.16000000"",""0.00017000""],[""60816.60000000"",""0.00010000""],[""60816.31000000"",""0.00010000""]],""asks"":[[""60817.19000000"",""3.47323000""],[""60817.20000000"",""0.00036000""],[""60817.21000000"",""0.00017000""],[""60817.50000000"",""0.00409000""],[""60817.89000000"",""0.00018000""]]}"""
1780792020|26383000|binance|depth|0|0|255|BTCUSDT|"""{""e"":""depthUpdate"",""E"":1780791935314,""s"":""BTCUSDT"",""U"":95220201166,""u"":95220201171,""b"":[[""60786.63000000"",""0.00018000""],[""54735.47000000"",""0.00400000""]],""a"":[[""60863.40000000"",""0.00000000""],[""60896.80000000"",""0.00000000""]]}"""
1780792020|26386000|binance|depth|0|0|256|BTCUSDT|"""{""lastUpdateId"":95220201198,""bids"":[[""60817.18000000"",""0.92804000""],[""60817.17000000"",""0.00117000""],[""60817.16000000"",""0.00017000""],[""60816.60000000"",""0.00010000""],[""60816.31000000"",""0.00010000""]],""asks"":[[""60817.19000000"",""3.47323000""],[""60817.20000000"",""0.00036000""],[""60817.21000000"",""0.00017000""],[""60817.50000000"",""0.00409000""],[""60817.89000000"",""0.00018000""]]}"""
1780792020|26394000|binance|depth|0|0|257|BTCUSDT|"""{""e"":""depthUpdate"",""E"":1780791935414,""s"":""BTCUSDT"",""U"":95220201172,""u"":95220201198,""b"":[[""60817.18000000"",""0.92804000""],[""60814.03000000"",""0.00009000""],[""60814.02000000"",""0.15147000""],[""60814.01000000"",""0.00009000""],[""60810.80000000"",""0.06737000""],[""60804.75000000"",""0.09870000""],[""60803.86000000"",""0.01645000""],[""60790.38000000"",""0.02200000""],[""60750.28000000"",""0.00042000""],[""54735.47000000"",""0.00440000""],[""54735.00000000"",""0.00010000""]],""a"":[[""60818.61000000"",""0.00009000""],[""60822.83000000"",""0.00000000""],[""60825.77000000"",""0.04000000""],[""60826.91000000"",""0.11218000""],[""60828.81000000"",""0.04000000""],[""60833.67000000"",""0.02000000""],[""60836.10000000"",""0.00000000""],[""60894.44000000"",""0.00000000""],[""82071.40000000"",""0.00010000""],[""88248.47000000"",""0.00022000""]]}"""
1780792020|26400000|binance|depth|0|0|258|BTCUSDT|"""{""lastUpdateId"":95220201224,""bids"":[[""60817.18000000"",""0.92804000""],[""60817.17000000"",""0.00117000""],[""60817.16000000"",""0.00017000""],[""60816.60000000"",""0.00010000""],[""60816.31000000"",""0.00010000""]],""asks"":[[""60817.19000000"",""3.47323000""],[""60817.20000000"",""0.00036000""],[""60817.21000000"",""0.00017000""],[""60817.50000000"",""0.00409000""],[""60817.89000000"",""0.00018000""]]}"""
1780792020|26414000|binance|depth|0|0|259|BTCUSDT|"""{""e"":""depthUpdate"",""E"":1780791935514,""s"":""BTCUSDT"",""U"":95220201199,""u"":95220201224,""b"":[[""60814.02000000"",""0.15147000""],[""60792.02000000"",""0.00200000""],[""60791.88000000"",""0.00000000""],[""54735.47000000"",""0.00480000""],[""54735.00000000"",""0.00000000""],[""48653.75000000"",""0.00041000""]],""a"":[[""60818.47000000"",""0.00028000""],[""60819.63000000"",""0.00019000""],[""60821.35000000"",""0.22994000""],[""60825.54000000"",""0.16442000""],[""60825.80000000"",""0.02000000""],[""60828.84000000"",""0.00010000""],[""60831.08000000"",""1.58723000""],[""60831.09000000"",""2.63034000""],[""60831.94000000"",""0.12249000""],[""60832.84000000"",""0.00010000""],[""60836.71000000"",""0.00000000""],[""60837.37000000"",""0.00000000""],[""60840.54000000"",""0.00000000""],[""60840.68000000"",""0.00200000""],[""60848.78000000"",""0.00000000""],[""60866.60000000"",""0.00000000""]]}"""
1780792020|26421000|binance|depth|0|0|260|BTCUSDT|"""{""lastUpdateId"":95220201241,""bids"":[[""60817.18000000"",""0.65804000""],[""60817.17000000"",""0.00117000""],[""60817.16000000"",""0.00017000""],[""60816.60000000"",""0.00010000""],[""60816.31000000"",""0.00010000""]],""asks"":[[""60817.19000000"",""3.47323000""],[""60817.20000000"",""0.00036000""],[""60817.21000000"",""0.00017000""],[""60817.50000000"",""0.00409000""],[""60817.89000000"",""0.00018000""]]}"""
1780792020|26428000|binance|depth|0|0|261|BTCUSDT|"""{""e"":""depthUpdate"",""E"":1780791935614,""s"":""BTCUSDT"",""U"":95220201225,""u"":95220201241,""b"":[[""60817.18000000"",""0.65804000""],[""60791.74000000"",""0.00200000""],[""60791.71000000"",""0.00000000""],[""60761.09000000"",""0.02400000""],[""60758.40000000"",""0.00000000""],[""54735.47000000"",""0.00500000""],[""48653.75000000"",""0.00000000""]],""a"":[[""60833.67000000"",""0.00000000""],[""60840.37000000"",""0.00000000""],[""60840.40000000"",""0.00200000""],[""60865.93000000"",""0.02400000""],[""60866.65000000"",""0.00000000""],[""60867.19000000"",""0.03066000""],[""60897.48000000"",""0.00000000""],[""88253.62000000"",""0.00016000""]]}"""
1780792020|26433000|binance|depth|0|0|262|BTCUSDT|"""{""lastUpdateId"":95220201286,""bids"":[[""60817.18000000"",""0.65804000""],[""60817.17000000"",""0.00117000""],[""60817.16000000"",""0.00017000""],[""60816.60000000"",""0.00010000""],[""60816.31000000"",""0.00010000""]],""asks"":[[""60817.19000000"",""3.47382000""],[""60817.20000000"",""0.00036000""],[""60817.21000000"",""0.00017000""],[""60817.50000000"",""0.00409000""],[""60817.89000000"",""0.00018000""]]}"""
1780792020|26440000|binance|depth|0|0|263|BTCUSDT|"""{""e"":""depthUpdate"",""E"":1780791935714,""s"":""BTCUSDT"",""U"":95220201242,""u"":95220201286,""b"":[[""60815.88000000"",""0.11226000""],[""60815.87000000"",""0.00027000""],[""60814.59000000"",""0.00018000""],[""60814.58000000"",""0.11208000""],[""60814.03000000"",""0.00018000""],[""60813.84000000"",""0.00009000""],[""60813.04000000"",""0.01316000""],[""60810.91000000"",""0.11208000""],[""60810.88000000"",""0.00000000""],[""60810.80000000"",""0.00000000""],[""60807.85000000"",""0.00000000""],[""60806.94000000"",""0.00822000""],[""60804.75000000"",""0.00000000""],[""60802.01000000"",""0.00000000""],[""60797.35000000"",""0.40298000""],[""60758.43000000"",""0.00000000""],[""60756.34000000"",""0.00903000""],[""60755.33000000"",""0.02335000""],[""60753.06000000"",""0.00000000""],[""60719.90000000"",""0.00042000""],[""60718.29000000"",""0.00000000""],[""54735.47000000"",""0.00500000""],[""48653.74000000"",""0.00000000""]],""a"":[[""60817.19000000"",""3.47382000""],[""60818.63000000"",""0.00034000""],[""60820.55000000"",""0.00407000""],[""60821.35000000"",""0.72270000""],[""60821.36000000"",""0.16476000""],[""60821.88000000"",""0.00009000""],[""60824.15000000"",""1.57852000""],[""60825.30000000"",""0.11311000""],[""60825.38000000"",""0.00000000""],[""60825.55000000"",""1.08335000""],[""60827.35000000"",""0.00009000""],[""60831.08000000"",""1.47515000""],[""60833.70000000"",""0.00000000""],[""60935.60000000"",""0.00000000""]]}"""
1780792020|26456000|binance|depth|0|0|264|BTCUSDT|"""{""lastUpdateId"":95220201338,""bids"":[[""60817.18000000"",""0.65795000""],[""60817.17000000"",""0.00108000""],[""60817.16000000"",""0.00017000""],[""60816.60000000"",""0.00010000""],[""60816.31000000"",""0.00010000""]],""asks"":[[""60817.19000000"",""3.47382000""],[""60817.20000000"",""0.00036000""],[""60817.21000000"",""0.00017000""],[""60817.50000000"",""0.00409000""],[""60817.89000000"",""0.00018000""]]}"""
1780792020|26463000|binance|depth|0|0|265|BTCUSDT|"""{""e"":""depthUpdate"",""E"":1780791935814,""s"":""BTCUSDT"",""U"":95220201287,""u"":95220201338,""b"":[[""60817.18000000"",""0.65795000""],[""60817.17000000"",""0.00108000""],[""60815.88000000"",""0.11235000""],[""60815.87000000"",""0.00009000""],[""60815.57000000"",""0.04296000""],[""60814.59000000"",""0.00009000""],[""60814.58000000"",""0.11226000""],[""60814.00000000"",""0.00618000""],[""60813.84000000"",""0.00000000""],[""60807.12000000"",""0.06737000""],[""60802.83000000"",""0.07463000""],[""60740.39000000"",""0.05098000""],[""60731.32000000"",""0.35984000""],[""60731.31000000"",""0.51149000""],[""60731.23000000"",""0.00000000""],[""60717.80000000"",""0.00000000""],[""60717.25000000"",""0.08830000""],[""54735.47000000"",""0.00500000""]],""a"":[[""60818.63000000"",""0.00000000""],[""60821.33000000"",""1.36908000""],[""60821.34000000"",""1.57852000""],[""60821.35000000"",""0.00009000""],[""60824.71000000"",""0.12700000""],[""60825.30000000"",""0.00000000""],[""60826.91000000"",""0.00010000""],[""60892.07000000"",""0.00000000""],[""60900.59000000"",""0.00000000""],[""60922.90000000"",""0.05424000""],[""60933.32000000"",""0.08628000""],[""60943.04000000"",""0.00000000""]]}"""
1780792020|26472000|binance|depth|0|0|266|BTCUSDT|"""{""lastUpdateId"":95220201353,""bids"":[[""60817.18000000"",""0.65795000""],[""60817.17000000"",""0.00108000""],[""60817.16000000"",""0.00017000""],[""60816.60000000"",""0.00010000""],[""60816.31000000"",""0.00010000""]],""asks"":[[""60817.19000000"",""3.47382000""],[""60817.20000000"",""0.00036000""],[""60817.21000000"",""0.00017000""],[""60817.50000000"",""0.00409000""],[""60817.89000000"",""0.00018000""]]}"""
1780792020|26479000|binance|depth|0|0|267|BTCUSDT|"""{""e"":""depthUpdate"",""E"":1780791935914,""s"":""BTCUSDT"",""U"":95220201339,""u"":95220201353,""b"":[[""60806.66000000"",""0.00009000""],[""60792.78000000"",""0.00400000""],[""60792.16000000"",""0.00010000""],[""60764.78000000"",""0.02600000""],[""54735.47000000"",""0.00500000""]],""a"":[[""60831.00000000"",""0.00018000""],[""60835.11000000"",""0.00000000""],[""60836.10000000"",""0.00400000""],[""60863.49000000"",""0.02000000""],[""60961.84000000"",""0.09842000""],[""88814.92000000"",""0.00022000""]]}"""
1780792020|26483000|binance|depth|0|0|268|BTCUSDT|"""{""lastUpdateId"":95220201386,""bids"":[[""60817.18000000"",""0.28231000""],[""60817.17000000"",""0.00108000""],[""60817.16000000"",""0.00017000""],[""60816.60000000"",""0.00010000""],[""60816.31000000"",""0.00010000""]],""asks"":[[""60817.19000000"",""3.47382000""],[""60817.20000000"",""0.00036000""],[""60817.21000000"",""0.00017000""],[""60817.50000000"",""0.00409000""],[""60817.89000000"",""0.00018000""]]}"""
1780792020|26490000|binance|depth|0|0|269|BTCUSDT|"""{""e"":""depthUpdate"",""E"":1780791936014,""s"":""BTCUSDT"",""U"":95220201354,""u"":95220201386,""b"":[[""60817.18000000"",""0.28231000""],[""60815.89000000"",""0.00000000""],[""60815.88000000"",""0.00027000""],[""60814.59000000"",""0.00018000""],[""60813.84000000"",""0.00009000""],[""60813.42000000"",""0.00000000""],[""60813.35000000"",""0.01868000""],[""60810.92000000"",""1.57852000""],[""60810.89000000"",""0.00000000""],[""60809.72000000"",""0.00328000""],[""60808.27000000"",""1.57852000""],[""60808.26000000"",""0.71555000""],[""60808.25000000"",""0.50244000""],[""60805.58000000"",""0.00000000""],[""60803.86000000"",""0.00000000""],[""60803.08000000"",""2.63034000""],[""60803.07000000"",""0.00010000""],[""60627.81000000"",""0.02575000""],[""60573.92000000"",""0.00000000""],[""55964.61000000"",""0.00018000""],[""54735.47000000"",""0.00500000""],[""48653.75000000"",""0.00041000""]],""a"":[[""60819.81000000"",""0.11313000""],[""60820.11000000"",""0.10705000""],[""60821.05000000"",""0.00000000""],[""60884.08000000"",""0.00077000""]]}"""
1780792020|26504000|binance|depth|0|0|270|BTCUSDT|"""{""lastUpdateId"":95220201508,""bids"":[[""60817.18000000"",""0.52920000""],[""60817.17000000"",""0.00108000""],[""60817.16000000"",""0.00017000""],[""60816.60000000"",""0.00010000""],[""60816.31000000"",""0.00010000""]],""asks"":[[""60817.19000000"",""3.49382000""],[""60817.20000000"",""0.00036000""],[""60817.21000000"",""0.00017000""],[""60817.50000000"",""0.00409000""],[""60817.75000000"",""0.04073000""]]}"""
1780792020|26511000|binance|depth|0|0|271|BTCUSDT|"""{""e"":""depthUpdate"",""E"":1780791936114,""s"":""BTCUSDT"",""U"":95220201387,""u"":95220201508,""b"":[[""60817.18000000"",""0.52920000""],[""60817.17000000"",""0.00108000""],[""60816.00000000"",""0.00618000""],[""60815.88000000"",""0.00009000""],[""60815.58000000"",""0.00028000""],[""60815.57000000"",""0.00018000""],[""60814.58000000"",""0.00018000""],[""60814.57000000"",""0.00000000""],[""60814.56000000"",""0.00027000""],[""60814.03000000"",""0.00000000""],[""60814.02000000"",""0.00018000""],[""60813.84000000"",""0.00018000""],[""60813.83000000"",""0.02418000""],[""60813.74000000"",""0.00000000""],[""60813.36000000"",""0.00018000""],[""60813.28000000"",""0.00018000""],[""60813.27000000"",""0.11331000""],[""60813.26000000"",""0.02200000""],[""60812.53000000"",""0.00819000""],[""60810.93000000"",""0.20145000""],[""60810.92000000"",""0.00000000""],[""60810.91000000"",""0.00000000""],[""60810.90000000"",""0.00000000""],[""60810.76000000"",""0.00000000""],[""60810.40000000"",""0.06737000""],[""60810.32000000"",""0.00884000""],[""60809.68000000"",""0.00000000""],[""60809.38000000"",""0.10446000""],[""60808.29000000"",""0.11208000""],[""60808.28000000"",""2.36429000""],[""60808.27000000"",""0.00000000""],[""60808.26000000"",""0.00000000""],[""60808.24000000"",""0.00000000""],[""60807.84000000"",""0.00000000""],[""60807.12000000"",""0.00000000""],[""60806.94000000"",""0.00000000""],[""60806.34000000"",""0.06000000""],[""60806.08000000"",""0.00000000""],[""60805.27000000"",""0.00822000""],[""60803.08000000"",""0.00000000""],[""60801.84000000"",""0.08000000""],[""60799.44000000"",""0.00000000""],[""60798.17000000"",""0.00409000""],[""60749.17000000"",""0.00000000""],[""60717.26000000"",""0.12999000""],[""60681.30000000"",""0.09887000""],[""54735.47000000"",""0.00500000""],[""48662.00000000"",""0.00000000""],[""48654.00000000"",""0.04310000""],[""33000.00000000"",""31.14124000""]],""a"":[[""60817.19000000"",""3.49382000""],[""60817.75000000"",""0.04073000""],[""60819.09000000"",""0.00822000""],[""60819.63000000"",""0.00417000""],[""60820.55000000"",""0.00000000""],[""60820.83000000"",""0.00000000""],[""60821.37000000"",""0.36941000""],[""60823.29000000"",""0.00926000""],[""60825.50000000"",""0.11208000""],[""60835.56000000"",""0.00000000""],[""60843.86000000"",""0.00435000""],[""60845.97000000"",""1.26493000""],[""60847.78000000"",""1.62776000""],[""60849.27000000"",""0.00000000""],[""60851.10000000"",""0.00000000""],[""60853.57000000"",""0.00000000""],[""60853.90000000"",""0.00000000""],[""60855.61000000"",""0.02000000""],[""60971.65000000"",""0.00000000""],[""89195.26000000"",""0.00007000""]]}"""
1780792020|26526000|binance|depth|0|0|272|BTCUSDT|"""{""lastUpdateId"":95220201637,""bids"":[[""60817.18000000"",""0.50556000""],[""60817.17000000"",""0.00108000""],[""60817.16000000"",""0.00017000""],[""60816.60000000"",""0.00010000""],[""60816.31000000"",""0.00010000""]],""asks"":[[""60817.19000000"",""3.49382000""],[""60817.20000000"",""0.00036000""],[""60817.21000000"",""0.00017000""],[""60817.50000000"",""0.00409000""],[""60817.75000000"",""0.04073000""]]}"""
1780792020|26550000|binance|depth|0|0|273|BTCUSDT|"""{""e"":""depthUpdate"",""E"":1780791936214,""s"":""BTCUSDT"",""U"":95220201509,""u"":95220201637,""b"":[[""60817.18000000"",""0.50556000""],[""60817.17000000"",""0.00108000""],[""60816.00000000"",""0.00618000""],[""60815.88000000"",""0.00000000""],[""60815.87000000"",""0.00000000""],[""60815.58000000"",""0.00010000""],[""60815.57000000"",""0.00000000""],[""60814.97000000"",""0.00009000""],[""60814.59000000"",""0.00000000""],[""60814.58000000"",""0.00000000""],[""60814.56000000"",""0.00000000""],[""60814.02000000"",""0.00000000""],[""60813.83000000"",""0.02418000""],[""60813.35000000"",""0.01886000""],[""60813.27000000"",""0.11358000""],[""60813.26000000"",""0.02218000""],[""60813.23000000"",""0.00009000""],[""60813.22000000"",""0.02618000""],[""60813.05000000"",""0.07597000""],[""60812.53000000"",""0.00000000""],[""60811.38000000"",""0.00009000""],[""60810.32000000"",""0.00000000""],[""60809.24000000"",""0.00048000""],[""60808.67000000"",""0.00000000""],[""60808.29000000"",""0.91088000""],[""60808.28000000"",""1.57852000""],[""60808.01000000"",""0.41126000""],[""60807.94000000"",""0.01000000""],[""60806.34000000"",""0.02000000""],[""60805.27000000"",""0.00000000""],[""60805.13000000"",""1.31917000""],[""60804.24000000"",""0.04000000""],[""60804.19000000"",""0.00822000""],[""60803.09000000"",""2.63034000""],[""60802.02000000"",""0.00000000""],[""60800.13000000"",""0.00000000""],[""60798.93000000"",""0.00180000""],[""60790.42000000"",""0.00000000""],[""60788.47000000"",""0.00000000""],[""60785.37000000"",""0.00400000""],[""60780.69000000"",""0.00016000""],[""60772.18000000"",""0.00000000""],[""60771.79000000"",""0.01132000""],[""60762.44000000"",""0.00016000""],[""60753.93000000"",""0.00000000""],[""60744.20000000"",""0.00016000""],[""60735.68000000"",""0.00000000""],[""60732.25000000"",""0.04624000""],[""60725.95000000"",""1.48570000""],[""54735.47000000"",""0.00500000""],[""48654.00000000"",""0.04110000""],[""48653.75000000"",""0.00000000""]],""a"":[[""60818.47000000"",""0.00010000""],[""60818.48000000"",""0.25729000""],[""60818.49000000"",""0.10452000""],[""60824.71000000"",""0.12691000""],[""60825.29000000"",""0.00000000""],[""60828.22000000"",""0.35557000""],[""60828.40000000"",""0.82263000""],[""60835.44000000"",""0.00180000""],[""60838.42000000"",""2.63034000""],[""60841.27000000"",""0.00621000""],[""60845.18000000"",""0.00000000""],[""60845.63000000"",""0.00432000""],[""60845.95000000"",""0.00434000""],[""60851.56000000"",""1.59008000""],[""60853.68000000"",""0.00016000""],[""60863.43000000"",""0.00000000""],[""60868.36000000"",""0.00000000""],[""60871.93000000"",""0.00016000""],[""60881.67000000"",""0.00000000""],[""60887.08000000"",""0.04562000""],[""60890.17000000"",""0.00016000""],[""60896.80000000"",""0.02000000""],[""60899.92000000"",""0.00000000""],[""60904.76000000"",""0.00000000""],[""60908.42000000"",""0.00016000""],[""60918.17000000"",""0.00000000""]]}"""
1780792020|26568000|binance|depth|0|0|274|BTCUSDT|"""{""lastUpdateId"":95220201667,""bids"":[[""60817.18000000"",""0.50556000""],[""60817.17000000"",""0.00108000""],[""60817.16000000"",""0.00017000""],[""60816.60000000"",""0.00010000""],[""60816.31000000"",""0.00010000""]],""asks"":[[""60817.19000000"",""3.49382000""],[""60817.20000000"",""0.00036000""],[""60817.21000000"",""0.00017000""],[""60817.50000000"",""0.00409000""],[""60817.75000000"",""0.04073000""]]}"""
1780792020|26575000|binance|depth|0|0|275|BTCUSDT|"""{""e"":""depthUpdate"",""E"":1780791936314,""s"":""BTCUSDT"",""U"":95220201638,""u"":95220201667,""b"":[[""60817.18000000"",""0.50556000""],[""60813.05000000"",""0.00018000""],[""60813.04000000"",""0.00000000""],[""60811.00000000"",""0.01316000""],[""60810.63000000"",""0.07579000""],[""60805.06000000"",""0.14528000""],[""60760.19000000"",""0.08882000""],[""60757.82000000"",""0.00000000""],[""60751.06000000"",""0.98693000""],[""60740.39000000"",""0.09252000""],[""54735.47000000"",""0.00500000""]],""a"":[[""60869.03000000"",""0.98693000""],[""60879.13000000"",""0.04293000""],[""60879.14000000"",""0.00000000""],[""60886.41000000"",""0.00588000""],[""60914.52000000"",""0.00077000""],[""60922.90000000"",""0.00000000""]]}"""
1780792020|26586000|binance|depth|0|0|276|BTCUSDT|"""{""e"":""trade"",""E"":1780791936403,""s"":""BTCUSDT"",""t"":6380215305,""p"":""60817.19000000"",""q"":""0.00456000"",""T"":1780791936403,""m"":false,""M"":true}"""
1780792020|26589000|binance|depth|0|0|277|BTCUSDT|"""{""lastUpdateId"":95220201696,""bids"":[[""60817.18000000"",""0.48542000""],[""60817.17000000"",""0.00108000""],[""60817.16000000"",""0.00017000""],[""60816.60000000"",""0.00010000""],[""60816.31000000"",""0.00010000""]],""asks"":[[""60817.19000000"",""3.48926000""],[""60817.20000000"",""0.00036000""],[""60817.21000000"",""0.00017000""],[""60817.50000000"",""0.00409000""],[""60817.75000000"",""0.04073000""]]}"""
1780792020|26597000|binance|depth|0|0|278|BTCUSDT|"""{""e"":""depthUpdate"",""E"":1780791936414,""s"":""BTCUSDT"",""U"":95220201668,""u"":95220201696,""b"":[[""60817.18000000"",""0.48542000""],[""60813.27000000"",""0.11349000""],[""60813.22000000"",""0.02618000""],[""60813.05000000"",""0.00000000""],[""60813.00000000"",""0.11582000""],[""60810.94000000"",""0.11217000""],[""60808.30000000"",""0.72058000""],[""60808.29000000"",""0.11208000""],[""60800.60000000"",""0.01645000""],[""60747.95000000"",""0.05132000""],[""60740.39000000"",""0.00000000""],[""54739.23000000"",""0.00000000""],[""54735.47000000"",""0.00510000""]],""a"":[[""60817.19000000"",""3.48926000""],[""60831.84000000"",""0.18343000""],[""60864.11000000"",""0.02000000""],[""60930.48000000"",""0.05293000""],[""89342.65000000"",""0.00009000""]]}"""
1780792020|26602000|binance|depth|0|0|279|BTCUSDT|"""{""lastUpdateId"":95220201724,""bids"":[[""60817.18000000"",""0.48542000""],[""60817.17000000"",""0.00108000""],[""60817.16000000"",""0.00017000""],[""60816.60000000"",""0.00010000""],[""60816.31000000"",""0.00010000""]],""asks"":[[""60817.19000000"",""3.48926000""],[""60817.20000000"",""0.00036000""],[""60817.21000000"",""0.00017000""],[""60817.50000000"",""0.00409000""],[""60817.75000000"",""0.04073000""]]}"""
1780792020|26610000|binance|depth|0|0|280|BTCUSDT|"""{""e"":""depthUpdate"",""E"":1780791936514,""s"":""BTCUSDT"",""U"":95220201697,""u"":95220201724,""b"":[[""60803.75000000"",""0.09870000""],[""60791.74000000"",""0.00000000""],[""60790.56000000"",""0.00200000""],[""55964.61000000"",""0.00000000""],[""54735.47000000"",""0.00510000""],[""54735.00000000"",""0.00020000""],[""48654.00000000"",""0.04110000""],[""48653.75000000"",""0.00041000""]],""a"":[[""60821.33000000"",""1.36918000""],[""60821.36000000"",""0.16466000""],[""60824.14000000"",""0.00010000""],[""60825.50000000"",""0.11218000""],[""60828.39000000"",""0.00010000""],[""60828.40000000"",""0.82253000""],[""60828.84000000"",""0.00000000""],[""60831.07000000"",""0.00010000""],[""60832.84000000"",""0.00000000""],[""60833.89000000"",""0.00000000""],[""60839.22000000"",""0.00200000""],[""60839.98000000"",""0.00010000""],[""60840.40000000"",""0.00000000""],[""60841.92000000"",""0.00000000""],[""60843.33000000"",""0.59205000""],[""60864.14000000"",""0.02000000""]]}"""
1780792020|26617000|binance|depth|0|0|281|BTCUSDT|"""{""lastUpdateId"":95220201735,""bids"":[[""60817.18000000"",""0.48542000""],[""60817.17000000"",""0.00108000""],[""60817.16000000"",""0.00017000""],[""60816.79000000"",""0.00009000""],[""60816.60000000"",""0.00010000""]],""asks"":[[""60817.19000000"",""3.48926000""],[""60817.20000000"",""0.00036000""],[""60817.21000000"",""0.00017000""],[""60817.50000000"",""0.00409000""],[""60817.75000000"",""0.04073000""]]}"""
1780792020|26625000|binance|depth|0|0|282|BTCUSDT|"""{""e"":""depthUpdate"",""E"":1780791936614,""s"":""BTCUSDT"",""U"":95220201725,""u"":95220201735,""b"":[[""60816.79000000"",""0.00009000""],[""54735.47000000"",""0.00510000""],[""54735.00000000"",""0.00000000""],[""48653.75000000"",""0.00000000""]],""a"":[[""60819.02000000"",""0.00407000""],[""60819.18000000"",""0.00806000""],[""60819.63000000"",""0.00010000""],[""60821.31000000"",""0.00913000""],[""60824.71000000"",""0.12682000""]]}"""
1780792020|26635000|binance|depth|0|0|283|BTCUSDT|"""{""lastUpdateId"":95220201743,""bids"":[[""60817.18000000"",""0.48542000""],[""60817.17000000"",""0.00108000""],[""60817.16000000"",""0.00017000""],[""60816.79000000"",""0.00009000""],[""60816.60000000"",""0.00010000""]],""asks"":[[""60817.19000000"",""3.48926000""],[""60817.20000000"",""0.00036000""],[""60817.21000000"",""0.00017000""],[""60817.50000000"",""0.00409000""],[""60817.75000000"",""0.04073000""]]}"""
1780792020|26643000|binance|depth|0|0|284|BTCUSDT|"""{""e"":""depthUpdate"",""E"":1780791936714,""s"":""BTCUSDT"",""U"":95220201736,""u"":95220201743,""b"":[[""60761.70000000"",""0.00009000""],[""60681.30000000"",""0.00000000""],[""54735.47000000"",""0.00510000""]],""a"":[[""60820.05000000"",""0.00009000""],[""60961.84000000"",""0.00000000""]]}"""
1780792020|26646000|binance|depth|0|0|285|BTCUSDT|"""{""e"":""trade"",""E"":1780791936728,""s"":""BTCUSDT"",""t"":6380215306,""p"":""60817.18000000"",""q"":""0.00009000"",""T"":1780791936728,""m"":true,""M"":true}"""
1780792020|26649000|binance|depth|0|0|286|BTCUSDT|"""{""e"":""trade"",""E"":1780791936728,""s"":""BTCUSDT"",""t"":6380215307,""p"":""60817.18000000"",""q"":""0.00009000"",""T"":1780791936728,""m"":true,""M"":true}"""
1780792020|26651000|binance|depth|0|0|287|BTCUSDT|"""{""e"":""trade"",""E"":1780791936728,""s"":""BTCUSDT"",""t"":6380215308,""p"":""60817.18000000"",""q"":""0.00009000"",""T"":1780791936728,""m"":true,""M"":true}"""
1780792020|26653000|binance|depth|0|0|288|BTCUSDT|"""{""e"":""trade"",""E"":1780791936728,""s"":""BTCUSDT"",""t"":6380215309,""p"":""60817.18000000"",""q"":""0.00009000"",""T"":1780791936728,""m"":true,""M"":true}"""
1780792020|26656000|binance|depth|0|0|289|BTCUSDT|"""{""e"":""trade"",""E"":1780791936728,""s"":""BTCUSDT"",""t"":6380215310,""p"":""60817.18000000"",""q"":""0.00009000"",""T"":1780791936728,""m"":true,""M"":true}"""
1780792020|26658000|binance|depth|0|0|290|BTCUSDT|"""{""e"":""trade"",""E"":1780791936728,""s"":""BTCUSDT"",""t"":6380215311,""p"":""60817.18000000"",""q"":""0.00009000"",""T"":1780791936728,""m"":true,""M"":true}"""
1780792020|26660000|binance|depth|0|0|291|BTCUSDT|"""{""e"":""trade"",""E"":1780791936728,""s"":""BTCUSDT"",""t"":6380215312,""p"":""60817.18000000"",""q"":""0.00009000"",""T"":1780791936728,""m"":true,""M"":true}"""
1780792020|26662000|binance|depth|0|0|292|BTCUSDT|"""{""e"":""trade"",""E"":1780791936728,""s"":""BTCUSDT"",""t"":6380215313,""p"":""60817.18000000"",""q"":""0.00009000"",""T"":1780791936728,""m"":true,""M"":true}"""
1780792020|26664000|binance|depth|0|0|293|BTCUSDT|"""{""e"":""trade"",""E"":1780791936728,""s"":""BTCUSDT"",""t"":6380215314,""p"":""60817.18000000"",""q"":""0.00009000"",""T"":1780791936728,""m"":true,""M"":true}"""
1780792020|26667000|binance|depth|0|0|294|BTCUSDT|"""{""e"":""trade"",""E"":1780791936728,""s"":""BTCUSDT"",""t"":6380215315,""p"":""60817.18000000"",""q"":""0.00009000"",""T"":1780791936728,""m"":true,""M"":true}"""
1780792020|26669000|binance|depth|0|0|295|BTCUSDT|"""{""e"":""trade"",""E"":1780791936728,""s"":""BTCUSDT"",""t"":6380215316,""p"":""60817.18000000"",""q"":""0.00009000"",""T"":1780791936728,""m"":true,""M"":true}"""
1780792020|26671000|binance|depth|0|0|296|BTCUSDT|"""{""e"":""trade"",""E"":1780791936728,""s"":""BTCUSDT"",""t"":6380215317,""p"":""60817.18000000"",""q"":""0.00017000"",""T"":1780791936728,""m"":true,""M"":true}"""
1780792020|26673000|binance|depth|0|0|297|BTCUSDT|"""{""e"":""trade"",""E"":1780791936728,""s"":""BTCUSDT"",""t"":6380215318,""p"":""60817.18000000"",""q"":""0.00009000"",""T"":1780791936728,""m"":true,""M"":true}"""
1780792020|26675000|binance|depth|0|0|298|BTCUSDT|"""{""e"":""trade"",""E"":1780791936728,""s"":""BTCUSDT"",""t"":6380215319,""p"":""60817.18000000"",""q"":""0.00010000"",""T"":1780791936728,""m"":true,""M"":true}"""
1780792020|26677000|binance|depth|0|0|299|BTCUSDT|"""{""e"":""trade"",""E"":1780791936728,""s"":""BTCUSDT"",""t"":6380215320,""p"":""60817.18000000"",""q"":""0.00009000"",""T"":1780791936728,""m"":true,""M"":true}"""
1780792020|26685000|binance|depth|0|0|300|BTCUSDT|"""{""e"":""trade"",""E"":1780791936728,""s"":""BTCUSDT"",""t"":6380215321,""p"":""60817.18000000"",""q"":""0.00009000"",""T"":1780791936728,""m"":true,""M"":true}"""
1780792020|26692000|binance|depth|0|0|301|BTCUSDT|"""{""e"":""trade"",""E"":1780791936728,""s"":""BTCUSDT"",""t"":6380215322,""p"":""60817.18000000"",""q"":""0.00009000"",""T"":1780791936728,""m"":true,""M"":true}"""
1780792020|26695000|binance|depth|0|0|302|BTCUSDT|"""{""e"":""trade"",""E"":1780791936728,""s"":""BTCUSDT"",""t"":6380215323,""p"":""60817.18000000"",""q"":""0.00009000"",""T"":1780791936728,""m"":true,""M"":true}"""
1780792020|26697000|binance|depth|0|0|303|BTCUSDT|"""{""e"":""trade"",""E"":1780791936728,""s"":""BTCUSDT"",""t"":6380215324,""p"":""60817.18000000"",""q"":""0.00010000"",""T"":1780791936728,""m"":true,""M"":true}"""
1780792020|26699000|binance|depth|0|0|304|BTCUSDT|"""{""e"":""trade"",""E"":1780791936728,""s"":""BTCUSDT"",""t"":6380215325,""p"":""60817.18000000"",""q"":""0.00065000"",""T"":1780791936728,""m"":true,""M"":true}"""
1780792020|26701000|binance|depth|0|0|305|BTCUSDT|"""{""e"":""trade"",""E"":1780791936728,""s"":""BTCUSDT"",""t"":6380215326,""p"":""60817.18000000"",""q"":""0.00065000"",""T"":1780791936728,""m"":true,""M"":true}"""
1780792020|26703000|binance|depth|0|0|306|BTCUSDT|"""{""e"":""trade"",""E"":1780791936728,""s"":""BTCUSDT"",""t"":6380215327,""p"":""60817.18000000"",""q"":""0.00010000"",""T"":1780791936728,""m"":true,""M"":true}"""
1780792020|26705000|binance|depth|0|0|307|BTCUSDT|"""{""e"":""trade"",""E"":1780791936728,""s"":""BTCUSDT"",""t"":6380215328,""p"":""60817.18000000"",""q"":""0.00009000"",""T"":1780791936728,""m"":true,""M"":true}"""
1780792020|26708000|binance|depth|0|0|308|BTCUSDT|"""{""e"":""trade"",""E"":1780791936728,""s"":""BTCUSDT"",""t"":6380215329,""p"":""60817.18000000"",""q"":""0.00009000"",""T"":1780791936728,""m"":true,""M"":true}"""
1780792020|26710000|binance|depth|0|0|309|BTCUSDT|"""{""e"":""trade"",""E"":1780791936728,""s"":""BTCUSDT"",""t"":6380215330,""p"":""60817.18000000"",""q"":""0.01644000"",""T"":1780791936728,""m"":true,""M"":true}"""
1780792020|26712000|binance|depth|0|0|310|BTCUSDT|"""{""e"":""trade"",""E"":1780791936728,""s"":""BTCUSDT"",""t"":6380215331,""p"":""60817.18000000"",""q"":""0.00009000"",""T"":1780791936728,""m"":true,""M"":true}"""
1780792020|26714000|binance|depth|0|0|311|BTCUSDT|"""{""e"":""trade"",""E"":1780791936728,""s"":""BTCUSDT"",""t"":6380215332,""p"":""60817.18000000"",""q"":""0.00009000"",""T"":1780791936728,""m"":true,""M"":true}"""
1780792020|26716000|binance|depth|0|0|312|BTCUSDT|"""{""e"":""trade"",""E"":1780791936728,""s"":""BTCUSDT"",""t"":6380215333,""p"":""60817.18000000"",""q"":""0.00009000"",""T"":1780791936728,""m"":true,""M"":true}"""
1780792020|26718000|binance|depth|0|0|313|BTCUSDT|"""{""e"":""trade"",""E"":1780791936728,""s"":""BTCUSDT"",""t"":6380215334,""p"":""60817.18000000"",""q"":""0.00163000"",""T"":1780791936728,""m"":true,""M"":true}"""
1780792020|26721000|binance|depth|0|0|314|BTCUSDT|"""{""e"":""trade"",""E"":1780791936728,""s"":""BTCUSDT"",""t"":6380215335,""p"":""60817.18000000"",""q"":""0.00009000"",""T"":1780791936728,""m"":true,""M"":true}"""
1780792020|26723000|binance|depth|0|0|315|BTCUSDT|"""{""e"":""trade"",""E"":1780791936728,""s"":""BTCUSDT"",""t"":6380215336,""p"":""60817.18000000"",""q"":""0.00009000"",""T"":1780791936728,""m"":true,""M"":true}"""
1780792020|26725000|binance|depth|0|0|316|BTCUSDT|"""{""e"":""trade"",""E"":1780791936728,""s"":""BTCUSDT"",""t"":6380215337,""p"":""60817.18000000"",""q"":""0.00009000"",""T"":1780791936728,""m"":true,""M"":true}"""
1780792020|26727000|binance|depth|0|0|317|BTCUSDT|"""{""e"":""trade"",""E"":1780791936728,""s"":""BTCUSDT"",""t"":6380215338,""p"":""60817.18000000"",""q"":""0.06580000"",""T"":1780791936728,""m"":true,""M"":true}"""
1780792020|26730000|binance|depth|0|0|318|BTCUSDT|"""{""e"":""trade"",""E"":1780791936728,""s"":""BTCUSDT"",""t"":6380215339,""p"":""60817.18000000"",""q"":""0.00009000"",""T"":1780791936728,""m"":true,""M"":true}"""
1780792020|26732000|binance|depth|0|0|319|BTCUSDT|"""{""e"":""trade"",""E"":1780791936728,""s"":""BTCUSDT"",""t"":6380215340,""p"":""60817.18000000"",""q"":""0.00009000"",""T"":1780791936728,""m"":true,""M"":true}"""
1780792020|26742000|binance|depth|0|0|320|BTCUSDT|"""{""e"":""trade"",""E"":1780791936728,""s"":""BTCUSDT"",""t"":6380215341,""p"":""60817.18000000"",""q"":""0.00009000"",""T"":1780791936728,""m"":true,""M"":true}"""
1780792020|26744000|binance|depth|0|0|321|BTCUSDT|"""{""e"":""trade"",""E"":1780791936728,""s"":""BTCUSDT"",""t"":6380215342,""p"":""60817.18000000"",""q"":""0.00009000"",""T"":1780791936728,""m"":true,""M"":true}"""
1780792020|26746000|binance|depth|0|0|322|BTCUSDT|"""{""e"":""trade"",""E"":1780791936728,""s"":""BTCUSDT"",""t"":6380215343,""p"":""60817.18000000"",""q"":""0.00009000"",""T"":1780791936728,""m"":true,""M"":true}"""
1780792020|26748000|binance|depth|0|0|323|BTCUSDT|"""{""e"":""trade"",""E"":1780791936728,""s"":""BTCUSDT"",""t"":6380215344,""p"":""60817.18000000"",""q"":""0.00009000"",""T"":1780791936728,""m"":true,""M"":true}"""
1780792020|26750000|binance|depth|0|0|324|BTCUSDT|"""{""e"":""trade"",""E"":1780791936728,""s"":""BTCUSDT"",""t"":6380215345,""p"":""60817.18000000"",""q"":""0.00009000"",""T"":1780791936728,""m"":true,""M"":true}"""
1780792020|26753000|binance|depth|0|0|325|BTCUSDT|"""{""e"":""trade"",""E"":1780791936728,""s"":""BTCUSDT"",""t"":6380215346,""p"":""60817.17000000"",""q"":""0.00009000"",""T"":1780791936728,""m"":true,""M"":true}"""
1780792020|26755000|binance|depth|0|0|326|BTCUSDT|"""{""e"":""trade"",""E"":1780791936728,""s"":""BTCUSDT"",""t"":6380215347,""p"":""60817.17000000"",""q"":""0.00009000"",""T"":1780791936728,""m"":true,""M"":true}"""
1780792020|26757000|binance|depth|0|0|327|BTCUSDT|"""{""e"":""trade"",""E"":1780791936728,""s"":""BTCUSDT"",""t"":6380215348,""p"":""60817.17000000"",""q"":""0.00010000"",""T"":1780791936728,""m"":true,""M"":true}"""
1780792020|26759000|binance|depth|0|0|328|BTCUSDT|"""{""e"":""trade"",""E"":1780791936728,""s"":""BTCUSDT"",""t"":6380215349,""p"":""60817.17000000"",""q"":""0.00009000"",""T"":1780791936728,""m"":true,""M"":true}"""
1780792020|26761000|binance|depth|0|0|329|BTCUSDT|"""{""e"":""trade"",""E"":1780791936728,""s"":""BTCUSDT"",""t"":6380215350,""p"":""60817.17000000"",""q"":""0.00009000"",""T"":1780791936728,""m"":true,""M"":true}"""
1780792020|26764000|binance|depth|0|0|330|BTCUSDT|"""{""e"":""trade"",""E"":1780791936728,""s"":""BTCUSDT"",""t"":6380215351,""p"":""60817.17000000"",""q"":""0.00017000"",""T"":1780791936728,""m"":true,""M"":true}"""
1780792020|26766000|binance|depth|0|0|331|BTCUSDT|"""{""e"":""trade"",""E"":1780791936728,""s"":""BTCUSDT"",""t"":6380215352,""p"":""60817.17000000"",""q"":""0.00009000"",""T"":1780791936728,""m"":true,""M"":true}"""
1780792020|26768000|binance|depth|0|0|332|BTCUSDT|"""{""e"":""trade"",""E"":1780791936728,""s"":""BTCUSDT"",""t"":6380215353,""p"":""60817.17000000"",""q"":""0.00009000"",""T"":1780791936728,""m"":true,""M"":true}"""
1780792020|26770000|binance|depth|0|0|333|BTCUSDT|"""{""e"":""trade"",""E"":1780791936728,""s"":""BTCUSDT"",""t"":6380215354,""p"":""60817.17000000"",""q"":""0.00009000"",""T"":1780791936728,""m"":true,""M"":true}"""
1780792020|26772000|binance|depth|0|0|334|BTCUSDT|"""{""e"":""trade"",""E"":1780791936728,""s"":""BTCUSDT"",""t"":6380215355,""p"":""60817.17000000"",""q"":""0.00009000"",""T"":1780791936728,""m"":true,""M"":true}"""
1780792020|26774000|binance|depth|0|0|335|BTCUSDT|"""{""e"":""trade"",""E"":1780791936728,""s"":""BTCUSDT"",""t"":6380215356,""p"":""60817.17000000"",""q"":""0.00009000"",""T"":1780791936728,""m"":true,""M"":true}"""
1780792020|26776000|binance|depth|0|0|336|BTCUSDT|"""{""e"":""trade"",""E"":1780791936728,""s"":""BTCUSDT"",""t"":6380215357,""p"":""60817.16000000"",""q"":""0.00017000"",""T"":1780791936728,""m"":true,""M"":true}"""
1780792020|26779000|binance|depth|0|0|337|BTCUSDT|"""{""e"":""trade"",""E"":1780791936728,""s"":""BTCUSDT"",""t"":6380215358,""p"":""60816.79000000"",""q"":""0.00009000"",""T"":1780791936728,""m"":true,""M"":true}"""
1780792020|26781000|binance|depth|0|0|338|BTCUSDT|"""{""e"":""trade"",""E"":1780791936728,""s"":""BTCUSDT"",""t"":6380215359,""p"":""60816.60000000"",""q"":""0.00010000"",""T"":1780791936728,""m"":true,""M"":true}"""
1780792020|26789000|binance|depth|0|0|339|BTCUSDT|"""{""e"":""trade"",""E"":1780791936739,""s"":""BTCUSDT"",""t"":6380215360,""p"":""60816.31000000"",""q"":""0.00009000"",""T"":1780791936738,""m"":true,""M"":true}"""
1780792020|26791000|binance|depth|0|0|340|BTCUSDT|"""{""e"":""trade"",""E"":1780791936739,""s"":""BTCUSDT"",""t"":6380215361,""p"":""60816.31000000"",""q"":""0.00009000"",""T"":1780791936738,""m"":true,""M"":true}"""
1780792020|26794000|binance|depth|0|0|341|BTCUSDT|"""{""e"":""trade"",""E"":1780791936739,""s"":""BTCUSDT"",""t"":6380215362,""p"":""60816.31000000"",""q"":""0.00009000"",""T"":1780791936738,""m"":true,""M"":true}"""
1780792020|26796000|binance|depth|0|0|342|BTCUSDT|"""{""e"":""trade"",""E"":1780791936739,""s"":""BTCUSDT"",""t"":6380215363,""p"":""60816.31000000"",""q"":""0.00009000"",""T"":1780791936738,""m"":true,""M"":true}"""
1780792020|26798000|binance|depth|0|0|343|BTCUSDT|"""{""e"":""trade"",""E"":1780791936739,""s"":""BTCUSDT"",""t"":6380215364,""p"":""60816.31000000"",""q"":""0.00009000"",""T"":1780791936738,""m"":true,""M"":true}"""
1780792020|26801000|binance|depth|0|0|344|BTCUSDT|"""{""e"":""trade"",""E"":1780791936739,""s"":""BTCUSDT"",""t"":6380215365,""p"":""60816.31000000"",""q"":""0.00009000"",""T"":1780791936738,""m"":true,""M"":true}"""
1780792020|26803000|binance|depth|0|0|345|BTCUSDT|"""{""e"":""trade"",""E"":1780791936739,""s"":""BTCUSDT"",""t"":6380215366,""p"":""60816.31000000"",""q"":""0.00009000"",""T"":1780791936738,""m"":true,""M"":true}"""
1780792020|26805000|binance|depth|0|0|346|BTCUSDT|"""{""e"":""trade"",""E"":1780791936739,""s"":""BTCUSDT"",""t"":6380215367,""p"":""60816.31000000"",""q"":""0.00009000"",""T"":1780791936738,""m"":true,""M"":true}"""
1780792020|26807000|binance|depth|0|0|347|BTCUSDT|"""{""e"":""trade"",""E"":1780791936739,""s"":""BTCUSDT"",""t"":6380215368,""p"":""60816.31000000"",""q"":""0.00009000"",""T"":1780791936738,""m"":true,""M"":true}"""
1780792020|26809000|binance|depth|0|0|348|BTCUSDT|"""{""e"":""trade"",""E"":1780791936739,""s"":""BTCUSDT"",""t"":6380215369,""p"":""60816.31000000"",""q"":""0.00009000"",""T"":1780791936738,""m"":true,""M"":true}"""
1780792020|26811000|binance|depth|0|0|349|BTCUSDT|"""{""e"":""trade"",""E"":1780791936739,""s"":""BTCUSDT"",""t"":6380215370,""p"":""60816.31000000"",""q"":""0.00009000"",""T"":1780791936738,""m"":true,""M"":true}"""
1780792020|26814000|binance|depth|0|0|350|BTCUSDT|"""{""e"":""trade"",""E"":1780791936739,""s"":""BTCUSDT"",""t"":6380215371,""p"":""60816.31000000"",""q"":""0.00009000"",""T"":1780791936738,""m"":true,""M"":true}"""
1780792020|26816000|binance|depth|0|0|351|BTCUSDT|"""{""e"":""trade"",""E"":1780791936739,""s"":""BTCUSDT"",""t"":6380215372,""p"":""60816.31000000"",""q"":""0.00009000"",""T"":1780791936738,""m"":true,""M"":true}"""
1780792020|26818000|binance|depth|0|0|352|BTCUSDT|"""{""e"":""trade"",""E"":1780791936739,""s"":""BTCUSDT"",""t"":6380215373,""p"":""60816.31000000"",""q"":""0.00009000"",""T"":1780791936738,""m"":true,""M"":true}"""
1780792020|26820000|binance|depth|0|0|353|BTCUSDT|"""{""e"":""trade"",""E"":1780791936739,""s"":""BTCUSDT"",""t"":6380215374,""p"":""60816.31000000"",""q"":""0.00009000"",""T"":1780791936738,""m"":true,""M"":true}"""
1780792020|26822000|binance|depth|0|0|354|BTCUSDT|"""{""e"":""trade"",""E"":1780791936739,""s"":""BTCUSDT"",""t"":6380215375,""p"":""60816.31000000"",""q"":""0.00009000"",""T"":1780791936738,""m"":true,""M"":true}"""
1780792020|26825000|binance|depth|0|0|355|BTCUSDT|"""{""e"":""trade"",""E"":1780791936739,""s"":""BTCUSDT"",""t"":6380215376,""p"":""60816.31000000"",""q"":""0.00009000"",""T"":1780791936738,""m"":true,""M"":true}"""
1780792020|26827000|binance|depth|0|0|356|BTCUSDT|"""{""e"":""trade"",""E"":1780791936739,""s"":""BTCUSDT"",""t"":6380215377,""p"":""60816.31000000"",""q"":""0.00009000"",""T"":1780791936738,""m"":true,""M"":true}"""
1780792020|26829000|binance|depth|0|0|357|BTCUSDT|"""{""e"":""trade"",""E"":1780791936739,""s"":""BTCUSDT"",""t"":6380215378,""p"":""60816.31000000"",""q"":""0.00009000"",""T"":1780791936738,""m"":true,""M"":true}"""
1780792020|26837000|binance|depth|0|0|358|BTCUSDT|"""{""e"":""trade"",""E"":1780791936739,""s"":""BTCUSDT"",""t"":6380215379,""p"":""60816.31000000"",""q"":""0.00009000"",""T"":1780791936738,""m"":true,""M"":true}"""
1780792020|26839000|binance|depth|0|0|359|BTCUSDT|"""{""e"":""trade"",""E"":1780791936739,""s"":""BTCUSDT"",""t"":6380215380,""p"":""60816.31000000"",""q"":""0.00009000"",""T"":1780791936738,""m"":true,""M"":true}"""
1780792020|26841000|binance|depth|0|0|360|BTCUSDT|"""{""e"":""trade"",""E"":1780791936739,""s"":""BTCUSDT"",""t"":6380215381,""p"":""60816.30000000"",""q"":""0.00009000"",""T"":1780791936738,""m"":true,""M"":true}"""
1780792020|26843000|binance|depth|0|0|361|BTCUSDT|"""{""e"":""trade"",""E"":1780791936739,""s"":""BTCUSDT"",""t"":6380215382,""p"":""60816.30000000"",""q"":""0.00009000"",""T"":1780791936738,""m"":true,""M"":true}"""
1780792020|26845000|binance|depth|0|0|362|BTCUSDT|"""{""e"":""trade"",""E"":1780791936739,""s"":""BTCUSDT"",""t"":6380215383,""p"":""60816.30000000"",""q"":""0.00009000"",""T"":1780791936738,""m"":true,""M"":true}"""
1780792020|26847000|binance|depth|0|0|363|BTCUSDT|"""{""e"":""trade"",""E"":1780791936739,""s"":""BTCUSDT"",""t"":6380215384,""p"":""60816.30000000"",""q"":""0.00009000"",""T"":1780791936738,""m"":true,""M"":true}"""
1780792020|26849000|binance|depth|0|0|364|BTCUSDT|"""{""e"":""trade"",""E"":1780791936739,""s"":""BTCUSDT"",""t"":6380215385,""p"":""60816.30000000"",""q"":""0.00009000"",""T"":1780791936738,""m"":true,""M"":true}"""
1780792020|26852000|binance|depth|0|0|365|BTCUSDT|"""{""e"":""trade"",""E"":1780791936739,""s"":""BTCUSDT"",""t"":6380215386,""p"":""60816.30000000"",""q"":""0.00009000"",""T"":1780791936738,""m"":true,""M"":true}"""
1780792020|26854000|binance|depth|0|0|366|BTCUSDT|"""{""e"":""trade"",""E"":1780791936739,""s"":""BTCUSDT"",""t"":6380215387,""p"":""60816.30000000"",""q"":""0.00009000"",""T"":1780791936738,""m"":true,""M"":true}"""
1780792020|26856000|binance|depth|0|0|367|BTCUSDT|"""{""e"":""trade"",""E"":1780791936739,""s"":""BTCUSDT"",""t"":6380215388,""p"":""60816.30000000"",""q"":""0.00009000"",""T"":1780791936738,""m"":true,""M"":true}"""
1780792020|26859000|binance|depth|0|0|368|BTCUSDT|"""{""e"":""trade"",""E"":1780791936739,""s"":""BTCUSDT"",""t"":6380215389,""p"":""60816.30000000"",""q"":""0.00009000"",""T"":1780791936738,""m"":true,""M"":true}"""
1780792020|26861000|binance|depth|0|0|369|BTCUSDT|"""{""e"":""trade"",""E"":1780791936739,""s"":""BTCUSDT"",""t"":6380215390,""p"":""60816.00000000"",""q"":""0.00600000"",""T"":1780791936738,""m"":true,""M"":true}"""
1780792020|26863000|binance|depth|0|0|370|BTCUSDT|"""{""e"":""trade"",""E"":1780791936739,""s"":""BTCUSDT"",""t"":6380215391,""p"":""60816.00000000"",""q"":""0.00009000"",""T"":1780791936738,""m"":true,""M"":true}"""
1780792020|26865000|binance|depth|0|0|371|BTCUSDT|"""{""e"":""trade"",""E"":1780791936739,""s"":""BTCUSDT"",""t"":6380215392,""p"":""60816.00000000"",""q"":""0.00009000"",""T"":1780791936738,""m"":true,""M"":true}"""
1780792020|26867000|binance|depth|0|0|372|BTCUSDT|"""{""e"":""trade"",""E"":1780791936739,""s"":""BTCUSDT"",""t"":6380215393,""p"":""60815.60000000"",""q"":""0.00033000"",""T"":1780791936738,""m"":true,""M"":true}"""
1780792020|26869000|binance|depth|0|0|373|BTCUSDT|"""{""e"":""trade"",""E"":1780791936739,""s"":""BTCUSDT"",""t"":6380215394,""p"":""60814.97000000"",""q"":""0.00009000"",""T"":1780791936738,""m"":true,""M"":true}"""
1780792020|26871000|binance|depth|0|0|374|BTCUSDT|"""{""e"":""trade"",""E"":1780791936741,""s"":""BTCUSDT"",""t"":6380215395,""p"":""60814.75000000"",""q"":""0.00300000"",""T"":1780791936741,""m"":true,""M"":true}"""
1780792020|26874000|binance|depth|0|0|375|BTCUSDT|"""{""e"":""trade"",""E"":1780791936741,""s"":""BTCUSDT"",""t"":6380215396,""p"":""60814.75000000"",""q"":""0.00009000"",""T"":1780791936741,""m"":true,""M"":true}"""
1780792020|26876000|binance|depth|0|0|376|BTCUSDT|"""{""e"":""trade"",""E"":1780791936741,""s"":""BTCUSDT"",""t"":6380215397,""p"":""60814.75000000"",""q"":""0.00009000"",""T"":1780791936741,""m"":true,""M"":true}"""
1780792020|26884000|binance|depth|0|0|377|BTCUSDT|"""{""e"":""trade"",""E"":1780791936741,""s"":""BTCUSDT"",""t"":6380215398,""p"":""60814.75000000"",""q"":""0.00009000"",""T"":1780791936741,""m"":true,""M"":true}"""
1780792020|26886000|binance|depth|0|0|378|BTCUSDT|"""{""e"":""trade"",""E"":1780791936741,""s"":""BTCUSDT"",""t"":6380215399,""p"":""60814.75000000"",""q"":""0.00009000"",""T"":1780791936741,""m"":true,""M"":true}"""
1780792020|26889000|binance|depth|0|0|379|BTCUSDT|"""{""e"":""trade"",""E"":1780791936741,""s"":""BTCUSDT"",""t"":6380215400,""p"":""60814.75000000"",""q"":""0.00009000"",""T"":1780791936741,""m"":true,""M"":true}"""
1780792020|26891000|binance|depth|0|0|380|BTCUSDT|"""{""e"":""trade"",""E"":1780791936741,""s"":""BTCUSDT"",""t"":6380215401,""p"":""60814.75000000"",""q"":""0.00009000"",""T"":1780791936741,""m"":true,""M"":true}"""
1780792020|26893000|binance|depth|0|0|381|BTCUSDT|"""{""e"":""trade"",""E"":1780791936741,""s"":""BTCUSDT"",""t"":6380215402,""p"":""60814.75000000"",""q"":""0.06580000"",""T"":1780791936741,""m"":true,""M"":true}"""
1780792020|26896000|binance|depth|0|0|382|BTCUSDT|"""{""e"":""trade"",""E"":1780791936741,""s"":""BTCUSDT"",""t"":6380215403,""p"":""60814.75000000"",""q"":""0.12402000"",""T"":1780791936741,""m"":true,""M"":true}"""
1780792020|26898000|binance|depth|0|0|383|BTCUSDT|"""{""e"":""trade"",""E"":1780791936742,""s"":""BTCUSDT"",""t"":6380215404,""p"":""60814.75000000"",""q"":""0.01108000"",""T"":1780791936741,""m"":true,""M"":true}"""
1780792020|26900000|binance|depth|0|0|384|BTCUSDT|"""{""e"":""trade"",""E"":1780791936742,""s"":""BTCUSDT"",""t"":6380215405,""p"":""60814.75000000"",""q"":""0.14726000"",""T"":1780791936741,""m"":true,""M"":true}"""
1780792020|26902000|binance|depth|0|0|385|BTCUSDT|"""{""e"":""trade"",""E"":1780791936742,""s"":""BTCUSDT"",""t"":6380215406,""p"":""60814.75000000"",""q"":""0.00009000"",""T"":1780791936741,""m"":true,""M"":true}"""
1780792020|26904000|binance|depth|0|0|386|BTCUSDT|"""{""e"":""trade"",""E"":1780791936742,""s"":""BTCUSDT"",""t"":6380215407,""p"":""60814.75000000"",""q"":""0.00009000"",""T"":1780791936741,""m"":true,""M"":true}"""
1780792020|26907000|binance|depth|0|0|387|BTCUSDT|"""{""e"":""trade"",""E"":1780791936742,""s"":""BTCUSDT"",""t"":6380215408,""p"":""60814.75000000"",""q"":""0.00009000"",""T"":1780791936741,""m"":true,""M"":true}"""
1780792020|26909000|binance|depth|0|0|388|BTCUSDT|"""{""e"":""trade"",""E"":1780791936742,""s"":""BTCUSDT"",""t"":6380215409,""p"":""60814.74000000"",""q"":""0.00009000"",""T"":1780791936741,""m"":true,""M"":true}"""
1780792020|26912000|binance|depth|0|0|389|BTCUSDT|"""{""e"":""trade"",""E"":1780791936742,""s"":""BTCUSDT"",""t"":6380215410,""p"":""60814.74000000"",""q"":""0.00009000"",""T"":1780791936741,""m"":true,""M"":true}"""
1780792020|26914000|binance|depth|0|0|390|BTCUSDT|"""{""e"":""trade"",""E"":1780791936742,""s"":""BTCUSDT"",""t"":6380215411,""p"":""60814.74000000"",""q"":""0.00009000"",""T"":1780791936741,""m"":true,""M"":true}"""
1780792020|26916000|binance|depth|0|0|391|BTCUSDT|"""{""e"":""trade"",""E"":1780791936742,""s"":""BTCUSDT"",""t"":6380215412,""p"":""60814.74000000"",""q"":""0.00009000"",""T"":1780791936741,""m"":true,""M"":true}"""
1780792020|26918000|binance|depth|0|0|392|BTCUSDT|"""{""e"":""trade"",""E"":1780791936742,""s"":""BTCUSDT"",""t"":6380215413,""p"":""60814.74000000"",""q"":""0.00009000"",""T"":1780791936741,""m"":true,""M"":true}"""
1780792020|26920000|binance|depth|0|0|393|BTCUSDT|"""{""e"":""trade"",""E"":1780791936742,""s"":""BTCUSDT"",""t"":6380215414,""p"":""60814.74000000"",""q"":""0.00009000"",""T"":1780791936741,""m"":true,""M"":true}"""
1780792020|26923000|binance|depth|0|0|394|BTCUSDT|"""{""e"":""trade"",""E"":1780791936742,""s"":""BTCUSDT"",""t"":6380215415,""p"":""60814.44000000"",""q"":""0.00009000"",""T"":1780791936741,""m"":true,""M"":true}"""
1780792020|26925000|binance|depth|0|0|395|BTCUSDT|"""{""e"":""trade"",""E"":1780791936742,""s"":""BTCUSDT"",""t"":6380215416,""p"":""60814.44000000"",""q"":""0.00010000"",""T"":1780791936741,""m"":true,""M"":true}"""
1780792020|26934000|binance|depth|0|0|396|BTCUSDT|"""{""e"":""trade"",""E"":1780791936742,""s"":""BTCUSDT"",""t"":6380215417,""p"":""60814.13000000"",""q"":""0.00009000"",""T"":1780791936741,""m"":true,""M"":true}"""
1780792020|26936000|binance|depth|0|0|397|BTCUSDT|"""{""e"":""trade"",""E"":1780791936742,""s"":""BTCUSDT"",""t"":6380215418,""p"":""60814.13000000"",""q"":""0.00009000"",""T"":1780791936741,""m"":true,""M"":true}"""
1780792020|26939000|binance|depth|0|0|398|BTCUSDT|"""{""e"":""trade"",""E"":1780791936742,""s"":""BTCUSDT"",""t"":6380215419,""p"":""60814.01000000"",""q"":""0.00009000"",""T"":1780791936741,""m"":true,""M"":true}"""
1780792020|26941000|binance|depth|0|0|399|BTCUSDT|"""{""e"":""trade"",""E"":1780791936742,""s"":""BTCUSDT"",""t"":6380215420,""p"":""60814.01000000"",""q"":""0.00009000"",""T"":1780791936741,""m"":true,""M"":true}"""
1780792020|26943000|binance|depth|0|0|400|BTCUSDT|"""{""e"":""trade"",""E"":1780791936742,""s"":""BTCUSDT"",""t"":6380215421,""p"":""60814.00000000"",""q"":""0.00600000"",""T"":1780791936741,""m"":true,""M"":true}"""
1780792020|26951000|binance|depth|0|0|401|BTCUSDT|"""{""e"":""trade"",""E"":1780791936742,""s"":""BTCUSDT"",""t"":6380215422,""p"":""60814.00000000"",""q"":""0.00009000"",""T"":1780791936741,""m"":true,""M"":true}"""
1780792020|26953000|binance|depth|0|0|402|BTCUSDT|"""{""e"":""trade"",""E"":1780791936742,""s"":""BTCUSDT"",""t"":6380215423,""p"":""60814.00000000"",""q"":""0.00009000"",""T"":1780791936741,""m"":true,""M"":true}"""
1780792020|26955000|binance|depth|0|0|403|BTCUSDT|"""{""e"":""trade"",""E"":1780791936742,""s"":""BTCUSDT"",""t"":6380215424,""p"":""60813.84000000"",""q"":""0.00010000"",""T"":1780791936741,""m"":true,""M"":true}"""
1780792020|26957000|binance|depth|0|0|404|BTCUSDT|"""{""e"":""trade"",""E"":1780791936742,""s"":""BTCUSDT"",""t"":6380215425,""p"":""60813.83000000"",""q"":""0.00009000"",""T"":1780791936741,""m"":true,""M"":true}"""
1780792020|26959000|binance|depth|0|0|405|BTCUSDT|"""{""e"":""trade"",""E"":1780791936742,""s"":""BTCUSDT"",""t"":6380215426,""p"":""60813.83000000"",""q"":""0.00009000"",""T"":1780791936741,""m"":true,""M"":true}"""
1780792020|26961000|binance|depth|0|0|406|BTCUSDT|"""{""e"":""trade"",""E"":1780791936742,""s"":""BTCUSDT"",""t"":6380215427,""p"":""60813.49000000"",""q"":""0.00009000"",""T"":1780791936741,""m"":true,""M"":true}"""
1780792020|26964000|binance|depth|0|0|407|BTCUSDT|"""{""e"":""trade"",""E"":1780791936742,""s"":""BTCUSDT"",""t"":6380215428,""p"":""60813.49000000"",""q"":""0.00009000"",""T"":1780791936741,""m"":true,""M"":true}"""
1780792020|26966000|binance|depth|0|0|408|BTCUSDT|"""{""e"":""trade"",""E"":1780791936742,""s"":""BTCUSDT"",""t"":6380215429,""p"":""60813.49000000"",""q"":""0.00009000"",""T"":1780791936741,""m"":true,""M"":true}"""
1780792020|26968000|binance|depth|0|0|409|BTCUSDT|"""{""e"":""trade"",""E"":1780791936742,""s"":""BTCUSDT"",""t"":6380215430,""p"":""60813.49000000"",""q"":""0.00009000"",""T"":1780791936741,""m"":true,""M"":true}"""
1780792020|26971000|binance|depth|0|0|410|BTCUSDT|"""{""e"":""trade"",""E"":1780791936742,""s"":""BTCUSDT"",""t"":6380215431,""p"":""60813.35000000"",""q"":""0.00009000"",""T"":1780791936741,""m"":true,""M"":true}"""
1780792020|26973000|binance|depth|0|0|411|BTCUSDT|"""{""e"":""trade"",""E"":1780791936742,""s"":""BTCUSDT"",""t"":6380215432,""p"":""60813.35000000"",""q"":""0.00009000"",""T"":1780791936741,""m"":true,""M"":true}"""
1780792020|26975000|binance|depth|0|0|412|BTCUSDT|"""{""e"":""trade"",""E"":1780791936742,""s"":""BTCUSDT"",""t"":6380215433,""p"":""60813.33000000"",""q"":""0.00333000"",""T"":1780791936741,""m"":true,""M"":true}"""
1780792020|26977000|binance|depth|0|0|413|BTCUSDT|"""{""e"":""trade"",""E"":1780791936742,""s"":""BTCUSDT"",""t"":6380215434,""p"":""60813.27000000"",""q"":""0.00009000"",""T"":1780791936741,""m"":true,""M"":true}"""
1780792020|26980000|binance|depth|0|0|414|BTCUSDT|"""{""e"":""trade"",""E"":1780791936742,""s"":""BTCUSDT"",""t"":6380215435,""p"":""60813.27000000"",""q"":""0.00009000"",""T"":1780791936741,""m"":true,""M"":true}"""
1780792020|26982000|binance|depth|0|0|415|BTCUSDT|"""{""e"":""trade"",""E"":1780791936742,""s"":""BTCUSDT"",""t"":6380215436,""p"":""60813.27000000"",""q"":""0.00009000"",""T"":1780791936741,""m"":true,""M"":true}"""
1780792020|26984000|binance|depth|0|0|416|BTCUSDT|"""{""e"":""trade"",""E"":1780791936742,""s"":""BTCUSDT"",""t"":6380215437,""p"":""60813.27000000"",""q"":""0.00009000"",""T"":1780791936741,""m"":true,""M"":true}"""
1780792020|26986000|binance|depth|0|0|417|BTCUSDT|"""{""e"":""trade"",""E"":1780791936742,""s"":""BTCUSDT"",""t"":6380215438,""p"":""60813.27000000"",""q"":""0.00009000"",""T"":1780791936741,""m"":true,""M"":true}"""
1780792020|26989000|binance|depth|0|0|418|BTCUSDT|"""{""e"":""trade"",""E"":1780791936742,""s"":""BTCUSDT"",""t"":6380215439,""p"":""60813.27000000"",""q"":""0.00009000"",""T"":1780791936741,""m"":true,""M"":true}"""
1780792020|26991000|binance|depth|0|0|419|BTCUSDT|"""{""e"":""trade"",""E"":1780791936742,""s"":""BTCUSDT"",""t"":6380215440,""p"":""60813.26000000"",""q"":""0.00009000"",""T"":1780791936741,""m"":true,""M"":true}"""
1780792020|26998000|binance|depth|0|0|420|BTCUSDT|"""{""e"":""trade"",""E"":1780791936742,""s"":""BTCUSDT"",""t"":6380215441,""p"":""60813.26000000"",""q"":""0.00009000"",""T"":1780791936741,""m"":true,""M"":true}"""
1780792020|27001000|binance|depth|0|0|421|BTCUSDT|"""{""e"":""trade"",""E"":1780791936742,""s"":""BTCUSDT"",""t"":6380215442,""p"":""60813.22000000"",""q"":""0.00009000"",""T"":1780791936741,""m"":true,""M"":true}"""
1780792020|27003000|binance|depth|0|0|422|BTCUSDT|"""{""e"":""trade"",""E"":1780791936742,""s"":""BTCUSDT"",""t"":6380215443,""p"":""60813.22000000"",""q"":""0.00009000"",""T"":1780791936741,""m"":true,""M"":true}"""
1780792020|27005000|binance|depth|0|0|423|BTCUSDT|"""{""e"":""trade"",""E"":1780791936742,""s"":""BTCUSDT"",""t"":6380215444,""p"":""60813.19000000"",""q"":""0.00013000"",""T"":1780791936741,""m"":true,""M"":true}"""
1780792020|27007000|binance|depth|0|0|424|BTCUSDT|"""{""e"":""trade"",""E"":1780791936742,""s"":""BTCUSDT"",""t"":6380215445,""p"":""60813.01000000"",""q"":""0.00010000"",""T"":1780791936741,""m"":true,""M"":true}"""
1780792020|27009000|binance|depth|0|0|425|BTCUSDT|"""{""e"":""trade"",""E"":1780791936742,""s"":""BTCUSDT"",""t"":6380215446,""p"":""60813.01000000"",""q"":""0.00009000"",""T"":1780791936741,""m"":true,""M"":true}"""
1780792020|27011000|binance|depth|0|0|426|BTCUSDT|"""{""e"":""trade"",""E"":1780791936742,""s"":""BTCUSDT"",""t"":6380215447,""p"":""60813.01000000"",""q"":""0.00009000"",""T"":1780791936741,""m"":true,""M"":true}"""
1780792020|27013000|binance|depth|0|0|427|BTCUSDT|"""{""e"":""trade"",""E"":1780791936742,""s"":""BTCUSDT"",""t"":6380215448,""p"":""60813.01000000"",""q"":""0.00009000"",""T"":1780791936741,""m"":true,""M"":true}"""
1780792020|27015000|binance|depth|0|0|428|BTCUSDT|"""{""e"":""trade"",""E"":1780791936748,""s"":""BTCUSDT"",""t"":6380215449,""p"":""60813.00000000"",""q"":""0.00300000"",""T"":1780791936748,""m"":true,""M"":true}"""
1780792020|27017000|binance|depth|0|0|429|BTCUSDT|"""{""lastUpdateId"":95220202981,""bids"":[[""60813.00000000"",""0.26400000""],[""60812.99000000"",""0.00081000""],[""60812.13000000"",""0.00028000""],[""60812.12000000"",""0.00027000""],[""60812.00000000"",""0.00618000""]],""asks"":[[""60813.01000000"",""4.50364000""],[""60813.02000000"",""0.13181000""],[""60813.03000000"",""0.00017000""],[""60813.12000000"",""0.04073000""],[""60813.74000000"",""0.00009000""]]}"""
1780792020|27160000|binance|depth|0|0|430|BTCUSDT|"""{""e"":""depthUpdate"",""E"":1780791936814,""s"":""BTCUSDT"",""U"":95220201744,""u"":95220202981,""b"":[[""60817.18000000"",""0.00000000""],[""60817.17000000"",""0.00000000""],[""60817.16000000"",""0.00000000""],[""60816.79000000"",""0.00000000""],[""60816.60000000"",""0.00000000""],[""60816.31000000"",""0.00000000""],[""60816.30000000"",""0.00000000""],[""60816.00000000"",""0.00000000""],[""60815.81000000"",""0.00000000""],[""60815.60000000"",""0.00000000""],[""60815.58000000"",""0.00000000""],[""60814.97000000"",""0.00000000""],[""60814.75000000"",""0.00000000""],[""60814.74000000"",""0.00000000""],[""60814.44000000"",""0.00000000""],[""60814.14000000"",""0.00000000""],[""60814.13000000"",""0.00000000""],[""60814.01000000"",""0.00000000""],[""60814.00000000"",""0.00000000""],[""60813.84000000"",""0.00000000""],[""60813.83000000"",""0.00000000""],[""60813.49000000"",""0.00000000""],[""60813.36000000"",""0.00000000""],[""60813.35000000"",""0.00000000""],[""60813.33000000"",""0.00000000""],[""60813.28000000"",""0.00000000""],[""60813.27000000"",""0.00000000""],[""60813.26000000"",""0.00000000""],[""60813.23000000"",""0.00000000""],[""60813.22000000"",""0.00000000""],[""60813.19000000"",""0.00000000""],[""60813.01000000"",""0.00000000""],[""60813.00000000"",""0.26400000""],[""60812.99000000"",""0.00081000""],[""60812.81000000"",""0.00000000""],[""60812.79000000"",""0.00000000""],[""60812.78000000"",""0.00000000""],[""60812.76000000"",""0.00000000""],[""60812.65000000"",""0.00000000""],[""60812.13000000"",""0.00028000""],[""60812.12000000"",""0.00027000""],[""60812.10000000"",""0.00000000""],[""60812.00000000"",""0.00618000""],[""60811.92000000"",""0.00586000""],[""60811.84000000"",""0.00000000""],[""60811.12000000"",""0.00000000""],[""60811.11000000"",""0.00000000""],[""60811.01000000"",""0.00000000""],[""60811.00000000"",""0.00018000""],[""60810.94000000"",""0.00028000""],[""60810.93000000"",""0.00027000""],[""60810.84000000"",""0.00000000""],[""60810.83000000"",""0.00018000""],[""60810.64000000"",""0.00000000""],[""60810.63000000"",""0.00009000""],[""60810.41000000"",""0.00018000""],[""60810.40000000"",""0.10302000""],[""60810.22000000"",""0.00000000""],[""60810.18000000"",""0.00000000""],[""60809.96000000"",""0.00028000""],[""60809.95000000"",""0.09655000""],[""60809.85000000"",""0.00000000""],[""60809.82000000"",""0.00000000""],[""60809.81000000"",""0.00009000""],[""60809.72000000"",""0.00000000""],[""60809.71000000"",""0.00000000""],[""60809.51000000"",""0.00018000""],[""60809.41000000"",""0.00000000""],[""60809.38000000"",""0.00000000""],[""60809.24000000"",""0.00000000""],[""60809.22000000"",""0.00018000""],[""60809.21000000"",""0.00000000""],[""60809.19000000"",""0.00310000""],[""60809.18000000"",""0.00000000""],[""60809.11000000"",""0.00009000""],[""60809.10000000"",""0.11217000""],[""60809.01000000"",""0.00000000""],[""60808.89000000"",""0.01654000""],[""60808.85000000"",""0.00000000""],[""60808.66000000"",""0.27000000""],[""60808.65000000"",""0.00000000""],[""60808.51000000"",""0.11208000""],[""60808.48000000"",""0.00811000""],[""60808.32000000"",""0.00009000""],[""60808.31000000"",""0.00000000""],[""60808.30000000"",""0.00000000""],[""60808.29000000"",""0.00010000""],[""60808.28000000"",""0.00000000""],[""60808.25000000"",""0.00000000""],[""60808.17000000"",""0.00000000""],[""60808.16000000"",""0.00000000""],[""60808.15000000"",""0.00000000""],[""60808.01000000"",""0.00010000""],[""60807.98000000"",""0.06807000""],[""60807.94000000"",""0.00000000""],[""60807.71000000"",""0.00000000""],[""60807.31000000"",""0.00000000""],[""60806.95000000"",""0.11208000""],[""60806.92000000"",""0.00010000""],[""60806.91000000"",""0.09344000""],[""60806.76000000"",""0.00000000""],[""60806.67000000"",""0.00000000""],[""60806.44000000"",""0.00000000""],[""60806.35000000"",""0.00905000""],[""60806.34000000"",""0.00000000""],[""60806.27000000"",""0.00000000""],[""60805.84000000"",""0.00010000""],[""60805.83000000"",""0.00000000""],[""60805.79000000"",""0.00000000""],[""60805.65000000"",""0.11208000""],[""60805.54000000"",""0.00000000""],[""60805.50000000"",""0.00000000""],[""60805.14000000"",""0.10792000""],[""60805.13000000"",""0.00000000""],[""60805.11000000"",""0.00000000""],[""60805.06000000"",""0.00000000""],[""60804.84000000"",""0.03000000""],[""60804.69000000"",""0.00000000""],[""60804.68000000"",""0.00000000""],[""60804.25000000"",""0.00329000""],[""60804.20000000"",""0.00000000""],[""60804.19000000"",""0.00000000""],[""60803.91000000"",""0.00000000""],[""60803.76000000"",""0.00010000""],[""60803.75000000"",""0.00000000""],[""60803.48000000"",""0.00000000""],[""60803.41000000"",""0.00000000""],[""60803.30000000"",""0.00928000""],[""60803.11000000"",""0.11208000""],[""60803.10000000"",""2.07284000""],[""60803.09000000"",""0.00000000""],[""60803.07000000"",""0.00000000""],[""60802.83000000"",""0.00000000""],[""60802.28000000"",""0.01644000""],[""60802.27000000"",""0.15301000""],[""60802.26000000"",""0.00000000""],[""60801.74000000"",""0.00000000""],[""60801.61000000"",""0.00047000""],[""60801.22000000"",""0.00048000""],[""60800.68000000"",""0.01541000""],[""60800.60000000"",""0.00000000""],[""60800.25000000"",""0.00889000""],[""60800.13000000"",""0.00010000""],[""60800.12000000"",""0.00000000""],[""60800.01000000"",""0.11208000""],[""60798.83000000"",""0.02000000""],[""60798.80000000"",""0.00010000""],[""60798.79000000"",""0.00000000""],[""60798.70000000"",""0.11208000""],[""60798.61000000"",""0.05131000""],[""60798.31000000"",""1.50406000""],[""60798.30000000"",""4.20886000""],[""60798.29000000"",""0.00000000""],[""60798.17000000"",""0.00009000""],[""60798.15000000"",""0.00000000""],[""60798.14000000"",""0.00010000""],[""60798.13000000"",""0.00000000""],[""60797.35000000"",""0.00000000""],[""60797.20000000"",""0.00920000""],[""60797.18000000"",""0.00000000""],[""60797.09000000"",""0.06636000""],[""60797.03000000"",""0.00000000""],[""60796.01000000"",""0.08750000""],[""60795.08000000"",""0.52348000""],[""60795.07000000"",""1.57862000""],[""60795.06000000"",""0.00000000""],[""60795.05000000"",""0.00000000""],[""60794.74000000"",""0.00000000""],[""60794.67000000"",""0.00010000""],[""60794.66000000"",""0.00000000""],[""60794.15000000"",""0.00925000""],[""60793.33000000"",""1.50309000""],[""60793.32000000"",""2.63034000""],[""60793.03000000"",""0.82266000""],[""60793.02000000"",""0.00409000""],[""60792.96000000"",""0.28424000""],[""60792.85000000"",""0.00000000""],[""60792.15000000"",""1.57852000""],[""60791.50000000"",""0.40302000""],[""60790.42000000"",""0.00000000""],[""60789.18000000"",""0.00000000""],[""60788.67000000"",""0.00871000""],[""60786.92000000"",""0.59250000""],[""60786.90000000"",""0.00409000""],[""60786.20000000"",""0.00000000""],[""60785.82000000"",""0.25663000""],[""60783.84000000"",""0.00009000""],[""60782.31000000"",""0.00400000""],[""60778.34000000"",""0.00000000""],[""60777.20000000"",""0.00390000""],[""60776.01000000"",""0.00410000""],[""60774.94000000"",""0.00000000""],[""60773.05000000"",""0.00000000""],[""60771.68000000"",""0.00000000""],[""60765.34000000"",""0.00424000""],[""60763.67000000"",""0.00622000""],[""60762.28000000"",""0.00431000""],[""60760.19000000"",""0.15243000""],[""60759.44000000"",""0.00000000""],[""60759.18000000"",""0.00000000""],[""60758.41000000"",""0.00000000""],[""60755.33000000"",""0.01734000""],[""60755.01000000"",""0.00411000""],[""60753.03000000"",""0.00010000""],[""60752.73000000"",""0.00000000""],[""60752.43000000"",""0.00000000""],[""60751.92000000"",""0.00000000""],[""60751.46000000"",""0.00583000""],[""60749.20000000"",""1.57852000""],[""60742.21000000"",""1.02923000""],[""60742.20000000"",""1.57852000""],[""60742.19000000"",""0.00000000""],[""60732.88000000"",""0.00010000""],[""60731.32000000"",""0.00000000""],[""60731.31000000"",""0.00000000""],[""60723.38000000"",""0.10004000""],[""60720.56000000"",""0.94961000""],[""60720.55000000"",""2.63034000""],[""60720.27000000"",""0.00000000""],[""60717.25000000"",""0.00000000""],[""60716.57000000"",""0.00000000""],[""60714.66000000"",""0.00000000""],[""60714.36000000"",""0.00000000""],[""60713.85000000"",""0.00000000""],[""60713.39000000"",""0.08748000""],[""60712.03000000"",""0.00000000""],[""60698.62000000"",""0.00000000""],[""60692.82000000"",""0.00000000""],[""60692.21000000"",""0.00010000""],[""60679.22000000"",""1.20000000""],[""60645.60000000"",""0.00000000""],[""60644.28000000"",""0.00009000""],[""60641.24000000"",""0.00009000""],[""60639.42000000"",""0.00164000""],[""60637.80000000"",""0.00000000""],[""60631.40000000"",""0.00010000""],[""60576.98000000"",""0.00000000""],[""60570.58000000"",""0.00010000""],[""60569.29000000"",""0.00000000""],[""60559.12000000"",""0.00044000""],[""60516.16000000"",""0.00000000""],[""60511.91000000"",""0.00009000""],[""60509.77000000"",""0.00010000""],[""60455.34000000"",""0.00000000""],[""60448.96000000"",""0.00010000""],[""60394.52000000"",""0.00000000""],[""60388.14000000"",""0.00010000""],[""60333.70000000"",""0.00000000""],[""60327.33000000"",""0.00010000""],[""54735.47000000"",""0.00010000""],[""54731.70000000"",""0.00031000""],[""48653.74000000"",""0.00000000""]],""a"":[[""60813.01000000"",""4.50364000""],[""60813.02000000"",""0.13181000""],[""60813.03000000"",""0.00017000""],[""60813.12000000"",""0.04073000""],[""60813.23000000"",""0.00000000""],[""60813.27000000"",""0.00000000""],[""60813.28000000"",""0.00000000""],[""60813.36000000"",""0.00000000""],[""60813.37000000"",""0.00000000""],[""60813.50000000"",""0.00000000""],[""60813.73000000"",""0.00000000""],[""60813.74000000"",""0.00009000""],[""60813.84000000"",""0.00000000""],[""60813.85000000"",""0.00000000""],[""60814.01000000"",""0.00000000""],[""60814.02000000"",""0.00000000""],[""60814.14000000"",""0.00000000""],[""60814.15000000"",""0.00000000""],[""60814.30000000"",""0.00018000""],[""60814.31000000"",""0.11217000""],[""60814.44000000"",""0.00427000""],[""60814.45000000"",""0.22139000""],[""60814.75000000"",""0.00028000""],[""60814.76000000"",""0.43215000""],[""60814.77000000"",""0.00000000""],[""60814.78000000"",""0.00000000""],[""60814.98000000"",""0.00000000""],[""60815.59000000"",""0.00000000""],[""60815.61000000"",""0.00000000""],[""60815.82000000"",""0.00009000""],[""60815.83000000"",""0.11018000""],[""60815.97000000"",""0.00400000""],[""60816.00000000"",""0.00407000""],[""60816.01000000"",""0.00000000""],[""60816.29000000"",""1.05376000""],[""60816.30000000"",""0.11208000""],[""60816.31000000"",""0.00000000""],[""60816.32000000"",""0.31602000""],[""60816.33000000"",""0.00000000""],[""60816.34000000"",""0.00000000""],[""60816.61000000"",""0.00069000""],[""60816.80000000"",""0.00000000""],[""60817.15000000"",""0.00010000""],[""60817.16000000"",""2.07274000""],[""60817.17000000"",""0.00009000""],[""60817.18000000"",""0.00000000""],[""60817.19000000"",""0.03716000""],[""60817.20000000"",""0.00000000""],[""60817.21000000"",""0.00000000""],[""60817.89000000"",""0.00000000""],[""60818.16000000"",""0.00010000""],[""60818.33000000"",""0.11561000""],[""60818.34000000"",""0.15000000""],[""60818.48000000"",""0.00000000""],[""60818.49000000"",""0.00000000""],[""60818.50000000"",""0.00018000""],[""60818.64000000"",""0.00034000""],[""60819.02000000"",""0.00000000""],[""60819.10000000"",""0.13100000""],[""60819.59000000"",""0.00919000""],[""60819.63000000"",""0.00000000""],[""60819.64000000"",""0.00185000""],[""60819.81000000"",""0.00009000""],[""60819.82000000"",""0.00010000""],[""60819.83000000"",""0.00000000""],[""60820.11000000"",""0.00000000""],[""60820.60000000"",""0.00009000""],[""60820.81000000"",""0.11208000""],[""60821.12000000"",""0.00009000""],[""60821.28000000"",""0.00010000""],[""60821.29000000"",""0.11208000""],[""60821.30000000"",""0.09225000""],[""60821.35000000"",""0.00000000""],[""60821.37000000"",""0.36923000""],[""60821.75000000"",""0.00033000""],[""60822.14000000"",""0.00010000""],[""60822.68000000"",""0.00000000""],[""60823.14000000"",""0.00013000""],[""60823.91000000"",""0.00009000""],[""60823.98000000"",""0.82256000""],[""60823.99000000"",""0.00000000""],[""60824.14000000"",""0.00010000""],[""60825.15000000"",""0.00400000""],[""60825.49000000"",""2.63034000""],[""60825.50000000"",""0.00000000""],[""60825.55000000"",""1.07904000""],[""60825.96000000"",""0.00400000""],[""60826.74000000"",""0.00000000""],[""60826.91000000"",""0.00010000""],[""60826.93000000"",""0.96836000""],[""60827.95000000"",""0.05129000""],[""60828.19000000"",""0.00000000""],[""60828.21000000"",""0.02410000""],[""60828.22000000"",""0.11245000""],[""60828.39000000"",""0.00000000""],[""60828.40000000"",""0.00000000""],[""60828.41000000"",""0.00000000""],[""60828.55000000"",""0.02000000""],[""60828.56000000"",""0.00010000""],[""60829.47000000"",""0.06633000""],[""60830.32000000"",""0.00000000""],[""60830.62000000"",""0.00000000""],[""60831.07000000"",""0.00000000""],[""60831.11000000"",""0.32736000""],[""60831.94000000"",""0.12259000""],[""60832.19000000"",""0.00191000""],[""60832.27000000"",""0.00000000""],[""60832.76000000"",""0.00009000""],[""60832.85000000"",""0.00000000""],[""60832.93000000"",""0.59206000""],[""60834.03000000"",""0.00328000""],[""60834.38000000"",""0.16808000""],[""60834.75000000"",""0.00000000""],[""60835.40000000"",""0.14575000""],[""60836.27000000"",""0.00000000""],[""60836.46000000"",""0.59202000""],[""60836.94000000"",""0.00000000""],[""60837.34000000"",""0.00616000""],[""60838.92000000"",""0.00009000""],[""60839.71000000"",""0.25641000""],[""60839.95000000"",""0.00000000""],[""60840.45000000"",""0.00000000""],[""60840.65000000"",""0.00000000""],[""60840.90000000"",""0.00000000""],[""60841.52000000"",""1.62793000""],[""60842.80000000"",""0.00000000""],[""60843.33000000"",""0.59195000""],[""60845.04000000"",""0.00000000""],[""60846.50000000"",""0.00010000""],[""60849.41000000"",""0.00000000""],[""60851.26000000"",""0.16663000""],[""60860.96000000"",""0.00000000""],[""60866.99000000"",""0.00000000""],[""60867.67000000"",""0.00000000""],[""60870.42000000"",""0.00010000""],[""60872.99000000"",""0.00000000""],[""60896.12000000"",""0.00000000""],[""60896.13000000"",""0.15363000""],[""60896.85000000"",""0.00000000""],[""60903.36000000"",""0.00010000""],[""60903.37000000"",""0.00493000""],[""60918.26000000"",""0.00000000""],[""60927.73000000"",""0.07262000""],[""60927.82000000"",""0.04465000""],[""60927.83000000"",""0.00000000""],[""60933.81000000"",""0.07249000""],[""60933.90000000"",""0.00009000""],[""60933.91000000"",""0.00000000""],[""60933.99000000"",""0.02661000""],[""60939.89000000"",""0.15000000""],[""60939.99000000"",""0.00000000""],[""60945.98000000"",""0.08499000""],[""60946.08000000"",""0.00000000""],[""60952.06000000"",""0.15000000""],[""60952.16000000"",""0.00000000""],[""60958.14000000"",""0.08499000""],[""60958.24000000"",""0.00000000""],[""60964.22000000"",""0.12500000""],[""60964.32000000"",""0.00009000""],[""60970.30000000"",""0.10000000""],[""60970.40000000"",""0.00000000""],[""60976.38000000"",""0.05000000""],[""60976.48000000"",""0.00000000""],[""60982.57000000"",""0.00000000""],[""60983.07000000"",""0.02575000""],[""60987.98000000"",""0.00163000""],[""60988.55000000"",""0.05000000""],[""60988.65000000"",""0.00000000""],[""60994.03000000"",""0.00000000""],[""60994.15000000"",""0.00009000""],[""60996.04000000"",""0.00000000""],[""61016.49000000"",""0.00000000""],[""61017.86000000"",""0.00000000""],[""61019.06000000"",""0.00000000""]]}"""
1780792020|27266000|binance|depth|0|0|431|BTCUSDT|"""{""lastUpdateId"":95220203218,""bids"":[[""60813.00000000"",""0.26842000""],[""60812.99000000"",""0.00081000""],[""60812.13000000"",""0.00010000""],[""60812.12000000"",""0.00009000""],[""60812.00000000"",""0.00618000""]],""asks"":[[""60813.01000000"",""4.67456000""],[""60813.02000000"",""0.13190000""],[""60813.03000000"",""0.00017000""],[""60813.12000000"",""0.04073000""],[""60813.74000000"",""0.00009000""]]}"""
1780792020|27274000|binance|depth|0|0|432|BTCUSDT|"""{""e"":""depthUpdate"",""E"":1780791936914,""s"":""BTCUSDT"",""U"":95220202982,""u"":95220203218,""b"":[[""60813.00000000"",""0.26842000""],[""60812.99000000"",""0.00081000""],[""60812.13000000"",""0.00010000""],[""60812.12000000"",""0.00009000""],[""60811.92000000"",""0.00586000""],[""60811.00000000"",""0.00000000""],[""60810.94000000"",""0.00010000""],[""60810.93000000"",""0.00009000""],[""60810.83000000"",""0.00000000""],[""60810.41000000"",""0.00000000""],[""60810.40000000"",""0.00018000""],[""60810.00000000"",""0.00618000""],[""60809.95000000"",""0.09673000""],[""60809.81000000"",""0.00000000""],[""60809.51000000"",""0.00000000""],[""60809.50000000"",""0.00018000""],[""60809.22000000"",""0.00000000""],[""60809.11000000"",""0.00000000""],[""60809.10000000"",""0.00018000""],[""60809.00000000"",""0.00000000""],[""60808.90000000"",""0.00018000""],[""60808.89000000"",""0.01672000""],[""60808.67000000"",""0.00000000""],[""60808.66000000"",""0.00009000""],[""60808.51000000"",""0.00000000""],[""60808.01000000"",""0.00028000""],[""60807.99000000"",""0.00018000""],[""60807.98000000"",""0.06737000""],[""60806.96000000"",""0.00009000""],[""60806.91000000"",""0.07965000""],[""60806.79000000"",""0.00000000""],[""60806.75000000"",""0.00000000""],[""60806.66000000"",""0.00000000""],[""60805.36000000"",""0.00000000""],[""60805.00000000"",""0.07579000""],[""60804.84000000"",""0.00000000""],[""60804.24000000"",""0.00000000""],[""60804.14000000"",""0.01000000""],[""60804.03000000"",""0.01316000""],[""60803.14000000"",""0.02000000""],[""60803.12000000"",""1.59497000""],[""60803.10000000"",""0.00010000""],[""60802.28000000"",""0.00822000""],[""60802.27000000"",""0.25067000""],[""60801.84000000"",""0.00000000""],[""60801.58000000"",""0.00048000""],[""60801.48000000"",""0.11037000""],[""60801.39000000"",""0.00000000""],[""60800.44000000"",""0.00068000""],[""60800.35000000"",""0.00822000""],[""60800.21000000"",""0.00000000""],[""60800.20000000"",""0.11037000""],[""60799.85000000"",""0.02600000""],[""60799.64000000"",""0.04000000""],[""60799.34000000"",""0.08000000""],[""60798.88000000"",""0.00000000""],[""60798.84000000"",""0.00190000""],[""60798.83000000"",""0.00000000""],[""60798.33000000"",""0.59686000""],[""60798.32000000"",""1.57852000""],[""60798.31000000"",""0.00000000""],[""60798.30000000"",""0.00000000""],[""60797.43000000"",""0.02000000""],[""60796.47000000"",""0.03200000""],[""60796.36000000"",""0.11037000""],[""60795.09000000"",""0.11037000""],[""60793.92000000"",""0.00020000""],[""60793.34000000"",""0.00000000""],[""60788.67000000"",""0.00255000""],[""60783.84000000"",""0.00409000""],[""60783.82000000"",""0.00000000""],[""60777.08000000"",""0.00000000""],[""60775.56000000"",""0.96014000""],[""60758.33000000"",""1.63016000""],[""60751.46000000"",""0.00000000""],[""60751.11000000"",""0.00589000""],[""60751.06000000"",""0.00000000""],[""60750.83000000"",""0.98717000""],[""60749.57000000"",""0.02600000""],[""60748.77000000"",""0.03200000""],[""60742.21000000"",""0.14822000""],[""60742.16000000"",""0.00000000""],[""60713.39000000"",""0.00000000""],[""60713.04000000"",""0.08455000""],[""60704.95000000"",""0.00000000""],[""60702.79000000"",""0.00000000""],[""60702.19000000"",""0.59458000""],[""60697.42000000"",""0.00858000""],[""60641.24000000"",""0.00000000""],[""60465.02000000"",""0.00000000""],[""59785.96000000"",""0.15929000""],[""54731.70000000"",""0.00060000""]],""a"":[[""60813.01000000"",""4.67456000""],[""60813.02000000"",""0.13190000""],[""60814.29000000"",""0.11037000""],[""60814.30000000"",""0.00000000""],[""60814.44000000"",""0.00409000""],[""60814.75000000"",""0.00417000""],[""60814.76000000"",""0.05078000""],[""60815.82000000"",""0.00000000""],[""60815.83000000"",""0.11036000""],[""60816.00000000"",""0.00000000""],[""60816.29000000"",""0.78811000""],[""60816.32000000"",""0.31611000""],[""60817.15000000"",""0.11047000""],[""60817.19000000"",""0.01807000""],[""60817.59000000"",""0.00162000""],[""60818.33000000"",""0.17701000""],[""60819.09000000"",""0.00000000""],[""60819.10000000"",""0.40109000""],[""60819.41000000"",""0.11037000""],[""60819.64000000"",""0.00176000""],[""60819.81000000"",""0.00000000""],[""60820.69000000"",""0.11037000""],[""60821.12000000"",""0.00000000""],[""60821.29000000"",""0.00000000""],[""60823.25000000"",""0.11014000""],[""60823.78000000"",""0.00000000""],[""60823.97000000"",""0.11037000""],[""60825.01000000"",""0.01360000""],[""60825.48000000"",""1.82735000""],[""60825.52000000"",""0.00000000""],[""60831.00000000"",""0.00009000""],[""60833.64000000"",""0.05138000""],[""60836.34000000"",""0.00010000""],[""60839.99000000"",""0.90083000""],[""60846.39000000"",""0.00000000""],[""60882.16000000"",""0.00582000""],[""60886.41000000"",""0.00000000""],[""60903.77000000"",""0.76979000""],[""60905.18000000"",""0.00000000""],[""60915.84000000"",""0.00000000""],[""60915.85000000"",""0.00009000""],[""60930.48000000"",""0.00000000""],[""60990.99000000"",""0.00000000""],[""60994.15000000"",""0.00000000""],[""61006.25000000"",""0.00068000""],[""89523.24000000"",""0.00037000""]]}"""
1780792020|27310000|binance|depth|0|0|433|BTCUSDT|"""{""e"":""trade"",""E"":1780791937006,""s"":""BTCUSDT"",""t"":6380215450,""p"":""60813.00000000"",""q"":""0.00011000"",""T"":1780791937006,""m"":true,""M"":true}"""
1780792020|27312000|binance|depth|0|0|434|BTCUSDT|"""{""lastUpdateId"":95220203393,""bids"":[[""60813.00000000"",""0.13101000""],[""60812.99000000"",""0.00081000""],[""60812.13000000"",""0.00010000""],[""60812.12000000"",""0.00009000""],[""60812.00000000"",""0.00618000""]],""asks"":[[""60813.01000000"",""4.73867000""],[""60813.02000000"",""0.13190000""],[""60813.03000000"",""0.00017000""],[""60813.12000000"",""0.04073000""],[""60813.74000000"",""0.00009000""]]}"""
1780792020|27320000|binance|depth|0|0|435|BTCUSDT|"""{""e"":""depthUpdate"",""E"":1780791937014,""s"":""BTCUSDT"",""U"":95220203219,""u"":95220203393,""b"":[[""60813.00000000"",""0.13101000""],[""60812.99000000"",""0.00081000""],[""60811.92000000"",""0.00586000""],[""60810.73000000"",""0.00000000""],[""60810.40000000"",""0.00000000""],[""60809.95000000"",""0.09664000""],[""60809.65000000"",""0.00000000""],[""60809.50000000"",""0.00000000""],[""60809.10000000"",""0.00000000""],[""60808.89000000"",""0.01672000""],[""60808.66000000"",""0.00000000""],[""60808.50000000"",""0.00586000""],[""60808.48000000"",""0.00018000""],[""60808.00000000"",""0.02518000""],[""60807.99000000"",""0.00000000""],[""60807.98000000"",""0.00000000""],[""60807.66000000"",""0.00233000""],[""60807.00000000"",""0.00018000""],[""60806.99000000"",""0.00000000""],[""60806.95000000"",""0.00000000""],[""60806.93000000"",""0.00000000""],[""60806.35000000"",""0.00000000""],[""60806.04000000"",""0.00000000""],[""60805.65000000"",""0.00000000""],[""60805.26000000"",""0.00009000""],[""60805.14000000"",""0.00000000""],[""60805.02000000"",""0.00000000""],[""60805.00000000"",""0.00000000""],[""60804.34000000"",""0.00000000""],[""60804.25000000"",""0.00000000""],[""60804.22000000"",""0.01316000""],[""60804.14000000"",""0.00000000""],[""60804.04000000"",""0.11037000""],[""60804.03000000"",""0.00000000""],[""60803.88000000"",""0.00000000""],[""60803.48000000"",""0.07579000""],[""60803.14000000"",""0.00000000""],[""60803.12000000"",""0.00000000""],[""60802.83000000"",""0.00000000""],[""60802.62000000"",""0.00329000""],[""60802.48000000"",""0.00009000""],[""60802.28000000"",""0.00000000""],[""60801.23000000"",""0.00822000""],[""60800.79000000"",""0.00161000""],[""60800.16000000"",""0.00000000""],[""60799.64000000"",""0.07000000""],[""60798.94000000"",""0.00000000""],[""60798.68000000"",""0.18210000""],[""60798.34000000"",""1.57852000""],[""60798.32000000"",""0.00000000""],[""60797.43000000"",""0.00000000""],[""60797.15000000"",""0.00033000""],[""60796.41000000"",""0.00000000""],[""60796.01000000"",""0.00000000""],[""60795.90000000"",""0.00000000""],[""60795.23000000"",""0.02000000""],[""60794.16000000"",""0.09786000""],[""60793.03000000"",""0.00010000""],[""60791.51000000"",""0.82260000""],[""60787.38000000"",""0.48911000""],[""60779.25000000"",""0.00400000""],[""60772.90000000"",""0.00024000""],[""60767.90000000"",""0.00000000""],[""60758.46000000"",""0.00433000""],[""60751.11000000"",""0.00000000""],[""60750.84000000"",""0.00000000""],[""60750.83000000"",""0.00000000""],[""60750.14000000"",""0.98717000""],[""60749.91000000"",""0.00000000""],[""60749.57000000"",""0.00000000""],[""60713.04000000"",""0.00000000""],[""60712.78000000"",""0.00000000""],[""60711.84000000"",""0.00000000""],[""60711.40000000"",""0.00000000""],[""60702.19000000"",""0.00000000""],[""60701.84000000"",""0.59458000""],[""60701.50000000"",""0.00000000""],[""60465.02000000"",""3.00000000""],[""59785.96000000"",""0.00000000""],[""54731.70000000"",""0.00100000""],[""48650.40000000"",""0.00041000""]],""a"":[[""60813.01000000"",""4.73867000""],[""60813.74000000"",""0.00009000""],[""60814.75000000"",""0.00010000""],[""60816.32000000"",""0.29602000""],[""60816.48000000"",""0.00885000""],[""60817.15000000"",""0.11056000""],[""60817.18000000"",""0.00017000""],[""60817.74000000"",""0.21088000""],[""60817.82000000"",""0.01691000""],[""60817.90000000"",""0.00000000""],[""60818.32000000"",""0.33769000""],[""60818.33000000"",""0.00000000""],[""60820.80000000"",""0.00000000""],[""60821.30000000"",""0.00000000""],[""60821.35000000"",""0.12249000""],[""60822.14000000"",""0.00010000""],[""60823.96000000"",""0.82258000""],[""60823.98000000"",""0.00000000""],[""60825.47000000"",""0.11037000""],[""60825.96000000"",""0.00000000""],[""60826.82000000"",""0.00009000""],[""60827.58000000"",""0.00000000""],[""60829.79000000"",""0.00000000""],[""60831.94000000"",""0.00010000""],[""60837.34000000"",""0.00000000""],[""60843.86000000"",""0.00000000""],[""60915.99000000"",""0.03490000""],[""60927.66000000"",""0.05294000""],[""60927.82000000"",""0.00000000""],[""60947.44000000"",""0.00000000""]]}"""
1780792020|27351000|binance|depth|0|0|436|BTCUSDT|"""{""lastUpdateId"":95220203508,""bids"":[[""60813.00000000"",""0.13101000""],[""60812.99000000"",""0.00081000""],[""60812.13000000"",""0.00010000""],[""60812.12000000"",""0.00009000""],[""60812.00000000"",""0.00618000""]],""asks"":[[""60813.01000000"",""4.73867000""],[""60813.02000000"",""0.13190000""],[""60813.03000000"",""0.00017000""],[""60813.12000000"",""0.04073000""],[""60813.74000000"",""0.00009000""]]}"""
1780792020|27365000|binance|depth|0|0|437|BTCUSDT|"""{""e"":""depthUpdate"",""E"":1780791937114,""s"":""BTCUSDT"",""U"":95220203394,""u"":95220203508,""b"":[[""60813.00000000"",""0.13101000""],[""60812.99000000"",""0.00081000""],[""60809.95000000"",""0.09664000""],[""60809.19000000"",""0.00319000""],[""60808.90000000"",""0.00000000""],[""60808.89000000"",""0.00018000""],[""60808.65000000"",""0.00018000""],[""60808.64000000"",""0.01528000""],[""60808.50000000"",""0.00586000""],[""60808.48000000"",""0.00000000""],[""60808.00000000"",""0.02518000""],[""60807.09000000"",""0.00000000""],[""60807.00000000"",""0.00000000""],[""60806.99000000"",""0.00009000""],[""60806.96000000"",""0.00000000""],[""60806.92000000"",""0.00028000""],[""60806.91000000"",""0.07992000""],[""60806.87000000"",""0.00009000""],[""60806.86000000"",""0.06737000""],[""60806.01000000"",""0.00009000""],[""60805.32000000"",""0.10071000""],[""60803.75000000"",""0.00030000""],[""60802.27000000"",""0.54428000""],[""60800.84000000"",""1.57852000""],[""60799.85000000"",""0.02600000""],[""60799.83000000"",""0.02400000""],[""60799.60000000"",""0.00000000""],[""60799.22000000"",""0.02600000""],[""60798.35000000"",""0.66683000""],[""60798.33000000"",""0.00000000""],[""60797.19000000"",""0.09872000""],[""60796.40000000"",""0.00000000""],[""60786.96000000"",""0.00012000""],[""60786.18000000"",""0.00119000""],[""60785.41000000"",""0.00193000""],[""60772.47000000"",""0.00000000""],[""60760.19000000"",""0.63219000""],[""60760.17000000"",""0.02600000""],[""60758.40000000"",""0.02000000""],[""60754.54000000"",""0.02400000""],[""60753.01000000"",""0.01134000""],[""60522.79000000"",""0.00000000""],[""60504.63000000"",""0.00000000""],[""60486.47000000"",""0.00000000""],[""60465.02000000"",""0.00000000""],[""57427.79000000"",""0.00000000""],[""54731.70000000"",""0.00160000""],[""49000.00000000"",""110.56060000""]],""a"":[[""60814.35000000"",""0.00009000""],[""60814.58000000"",""0.00901000""],[""60814.76000000"",""0.05087000""],[""60815.45000000"",""0.14408000""],[""60815.83000000"",""0.00018000""],[""60816.19000000"",""0.02000000""],[""60816.80000000"",""0.02000000""],[""60817.15000000"",""0.11056000""],[""60817.19000000"",""0.01472000""],[""60817.74000000"",""0.00000000""],[""60818.00000000"",""0.00000000""],[""60818.61000000"",""0.00000000""],[""60819.09000000"",""0.30239000""],[""60819.84000000"",""0.02000000""],[""60827.25000000"",""0.00118000""],[""60828.15000000"",""0.00012000""],[""60831.84000000"",""0.00000000""],[""60834.14000000"",""0.00624000""],[""60836.47000000"",""0.00428000""],[""60838.01000000"",""0.00000000""],[""60838.50000000"",""0.00436000""],[""60838.81000000"",""0.00425000""],[""60841.27000000"",""0.00000000""],[""60845.63000000"",""0.00000000""],[""60845.95000000"",""0.00000000""],[""60856.51000000"",""0.01057000""],[""60867.19000000"",""0.02000000""],[""60870.83000000"",""0.02000000""],[""60927.72000000"",""0.04781000""],[""60933.80000000"",""0.04957000""],[""60933.99000000"",""0.00000000""],[""60946.07000000"",""0.00000000""],[""61364.53000000"",""0.00000000""]]}"""
1780792020|27382000|binance|depth|0|0|438|BTCUSDT|"""{""lastUpdateId"":95220203567,""bids"":[[""60813.00000000"",""0.13101000""],[""60812.99000000"",""0.00081000""],[""60812.13000000"",""0.00010000""],[""60812.12000000"",""0.00009000""],[""60812.00000000"",""0.00618000""]],""asks"":[[""60813.01000000"",""4.73867000""],[""60813.02000000"",""0.13190000""],[""60813.03000000"",""0.00017000""],[""60813.12000000"",""0.04073000""],[""60813.74000000"",""0.00009000""]]}"""
1780792020|27389000|binance|depth|0|0|439|BTCUSDT|"""{""e"":""depthUpdate"",""E"":1780791937214,""s"":""BTCUSDT"",""U"":95220203509,""u"":95220203567,""b"":[[""60811.17000000"",""0.00165000""],[""60809.95000000"",""0.09664000""],[""60808.89000000"",""0.00000000""],[""60808.64000000"",""0.01546000""],[""60806.91000000"",""0.07992000""],[""60802.61000000"",""0.00000000""],[""60802.10000000"",""0.00000000""],[""60800.84000000"",""1.57870000""],[""60800.83000000"",""0.04155000""],[""60796.83000000"",""0.02600000""],[""60795.86000000"",""0.00059000""],[""60794.76000000"",""0.00586000""],[""60791.72000000"",""0.00586000""],[""60790.61000000"",""0.00000000""],[""60776.51000000"",""0.00616000""],[""60757.77000000"",""0.02600000""],[""60754.54000000"",""0.00000000""],[""60748.77000000"",""0.00000000""],[""60747.91000000"",""0.00585000""],[""60742.21000000"",""0.63876000""],[""60732.78000000"",""0.60108000""],[""60732.77000000"",""1.24480000""],[""60696.32000000"",""2.92704000""],[""60468.31000000"",""0.00000000""],[""60465.02000000"",""3.00000000""],[""54731.70000000"",""0.00200000""],[""48650.40000000"",""0.00000000""]],""a"":[[""60819.09000000"",""0.08651000""],[""60819.10000000"",""0.40409000""],[""60819.20000000"",""0.02000000""],[""60825.20000000"",""0.00000000""],[""60825.47000000"",""0.00000000""],[""60825.81000000"",""0.00000000""],[""60828.22000000"",""0.07926000""],[""60828.85000000"",""0.02000000""],[""60833.00000000"",""0.00000000""],[""60833.02000000"",""0.00000000""],[""60837.34000000"",""0.00616000""],[""60849.62000000"",""0.02000000""],[""60851.24000000"",""0.00000000""],[""60869.49000000"",""0.00000000""],[""60870.83000000"",""0.00000000""],[""60885.21000000"",""0.07627000""],[""60887.74000000"",""0.00000000""],[""60895.77000000"",""1.24156000""],[""60908.03000000"",""0.02575000""],[""60932.30000000"",""2.91570000""],[""89538.74000000"",""0.00043000""]]}"""
1780792020|27406000|binance|depth|0|0|440|BTCUSDT|"""{""lastUpdateId"":95220203662,""bids"":[[""60813.00000000"",""0.13339000""],[""60812.99000000"",""0.00090000""],[""60812.13000000"",""0.00010000""],[""60812.12000000"",""0.00009000""],[""60812.00000000"",""0.00618000""]],""asks"":[[""60813.01000000"",""4.76019000""],[""60813.02000000"",""0.13190000""],[""60813.03000000"",""0.00017000""],[""60813.74000000"",""0.00009000""],[""60814.28000000"",""0.01247000""]]}"""
1780792020|27414000|binance|depth|0|0|441|BTCUSDT|"""{""e"":""depthUpdate"",""E"":1780791937314,""s"":""BTCUSDT"",""U"":95220203568,""u"":95220203662,""b"":[[""60813.00000000"",""0.13339000""],[""60812.99000000"",""0.00090000""],[""60809.95000000"",""0.09673000""],[""60809.17000000"",""0.00018000""],[""60809.16000000"",""0.11046000""],[""60808.65000000"",""0.00000000""],[""60807.89000000"",""0.11105000""],[""60807.88000000"",""0.11037000""],[""60806.87000000"",""0.00000000""],[""60806.60000000"",""0.11037000""],[""60806.01000000"",""0.00000000""],[""60805.63000000"",""0.01316000""],[""60805.27000000"",""0.07579000""],[""60804.22000000"",""0.00000000""],[""60804.06000000"",""0.57781000""],[""60804.05000000"",""1.57852000""],[""60803.48000000"",""0.00000000""],[""60802.35000000"",""0.14235000""],[""60802.27000000"",""0.52783000""],[""60800.85000000"",""0.49422000""],[""60798.68000000"",""0.00000000""],[""60798.36000000"",""2.63034000""],[""60796.36000000"",""0.00000000""],[""60795.09000000"",""0.00000000""],[""60788.67000000"",""0.00871000""],[""60783.22000000"",""0.59254000""],[""60776.51000000"",""0.00000000""],[""60757.77000000"",""0.00000000""],[""60750.15000000"",""0.89461000""],[""60750.01000000"",""0.00000000""],[""60747.95000000"",""0.00033000""],[""60710.65000000"",""1.64111000""],[""60708.01000000"",""0.04608000""],[""60627.81000000"",""0.00000000""],[""54731.70000000"",""0.00240000""]],""a"":[[""60813.01000000"",""4.76019000""],[""60813.11000000"",""0.00000000""],[""60813.12000000"",""0.00000000""],[""60814.28000000"",""0.01247000""],[""60814.30000000"",""0.00018000""],[""60814.44000000"",""0.00427000""],[""60814.58000000"",""0.00000000""],[""60816.48000000"",""0.00000000""],[""60819.09000000"",""0.00000000""],[""60820.68000000"",""0.31277000""],[""60823.25000000"",""0.00000000""],[""60823.97000000"",""0.00000000""],[""60825.47000000"",""2.63034000""],[""60825.48000000"",""1.30106000""],[""60825.49000000"",""0.00000000""],[""60849.29000000"",""0.59190000""],[""60881.59000000"",""0.00000000""],[""60895.76000000"",""0.53620000""],[""60896.13000000"",""0.00000000""],[""60896.80000000"",""0.00000000""],[""60927.66000000"",""0.00000000""],[""60931.48000000"",""1.11943000""],[""60966.19000000"",""0.05009000""],[""60972.27000000"",""0.03499000""],[""60978.35000000"",""0.05000000""],[""60984.44000000"",""0.07500000""],[""61014.84000000"",""0.08499000""]]}"""
1780792020|27434000|binance|depth|0|0|442|BTCUSDT|"""{""lastUpdateId"":95220203849,""bids"":[[""60813.00000000"",""0.20174000""],[""60812.99000000"",""0.00126000""],[""60812.74000000"",""0.00034000""],[""60812.13000000"",""0.00010000""],[""60812.12000000"",""0.00009000""]],""asks"":[[""60813.01000000"",""4.69122000""],[""60813.02000000"",""0.13190000""],[""60813.03000000"",""0.00017000""],[""60813.74000000"",""0.00009000""],[""60814.28000000"",""0.00018000""]]}"""
1780792020|27442000|binance|depth|0|0|443|BTCUSDT|"""{""e"":""depthUpdate"",""E"":1780791937414,""s"":""BTCUSDT"",""U"":95220203663,""u"":95220203849,""b"":[[""60813.00000000"",""0.20174000""],[""60812.99000000"",""0.00126000""],[""60812.74000000"",""0.00034000""],[""60811.73000000"",""0.00018000""],[""60811.72000000"",""0.11046000""],[""60811.00000000"",""0.01316000""],[""60810.64000000"",""0.07579000""],[""60810.46000000"",""0.00000000""],[""60810.45000000"",""0.00018000""],[""60810.44000000"",""0.11046000""],[""60810.30000000"",""0.00018000""],[""60810.29000000"",""0.06737000""],[""60809.95000000"",""0.09673000""],[""60809.35000000"",""0.00000000""],[""60809.17000000"",""0.00009000""],[""60809.16000000"",""0.11082000""],[""60808.99000000"",""0.07579000""],[""60808.32000000"",""0.00409000""],[""60808.01000000"",""0.00010000""],[""60808.00000000"",""0.02518000""],[""60807.90000000"",""0.00000000""],[""60807.89000000"",""0.57850000""],[""60807.53000000"",""0.00000000""],[""60807.17000000"",""0.00000000""],[""60806.92000000"",""0.00010000""],[""60806.91000000"",""0.07965000""],[""60806.86000000"",""0.00000000""],[""60806.79000000"",""0.00400000""],[""60806.61000000"",""1.57852000""],[""60806.33000000"",""0.00329000""],[""60805.83000000"",""0.00000000""],[""60805.63000000"",""0.00000000""],[""60805.27000000"",""0.00000000""],[""60805.26000000"",""0.00409000""],[""60804.65000000"",""0.00000000""],[""60804.04000000"",""0.00000000""],[""60803.34000000"",""0.02000000""],[""60803.33000000"",""0.00822000""],[""60802.62000000"",""0.00000000""],[""60802.35000000"",""0.00000000""],[""60802.27000000"",""0.79375000""],[""60800.86000000"",""0.49422000""],[""60800.85000000"",""0.00000000""],[""60800.68000000"",""0.00000000""],[""60800.35000000"",""0.00000000""],[""60800.20000000"",""0.00000000""],[""60800.01000000"",""0.00000000""],[""60799.28000000"",""0.04800000""],[""60798.70000000"",""0.00000000""],[""60798.53000000"",""0.09528000""],[""60798.37000000"",""1.31974000""],[""60798.35000000"",""0.00000000""],[""60795.23000000"",""0.00000000""],[""60794.16000000"",""0.00000000""],[""60790.62000000"",""0.02600000""],[""60788.19000000"",""0.00000000""],[""60787.75000000"",""0.00000000""],[""60783.84000000"",""0.00009000""],[""60783.74000000"",""3.20800000""],[""60782.31000000"",""0.00000000""],[""60780.78000000"",""0.00000000""],[""60779.25000000"",""0.00000000""],[""60777.52000000"",""0.56022000""],[""60760.20000000"",""0.02200000""],[""60760.19000000"",""0.25135000""],[""60758.43000000"",""0.02200000""],[""60758.33000000"",""0.00000000""],[""60743.50000000"",""0.05099000""],[""60709.85000000"",""0.08742000""],[""54731.70000000"",""0.00280000""]],""a"":[[""60813.01000000"",""4.69122000""],[""60814.28000000"",""0.00018000""],[""60814.75000000"",""0.00019000""],[""60815.43000000"",""0.00407000""],[""60815.44000000"",""0.00822000""],[""60816.29000000"",""0.33790000""],[""60816.32000000"",""0.29611000""],[""60816.53000000"",""0.06878000""],[""60816.77000000"",""0.04000000""],[""60817.15000000"",""0.11065000""],[""60817.16000000"",""0.49422000""],[""60818.32000000"",""0.21889000""],[""60818.64000000"",""0.00000000""],[""60819.09000000"",""0.11037000""],[""60819.10000000"",""0.40400000""],[""60819.41000000"",""0.00000000""],[""60819.81000000"",""0.02000000""],[""60820.68000000"",""0.00000000""],[""60820.69000000"",""0.11037000""],[""60820.81000000"",""0.00000000""],[""60821.30000000"",""0.11037000""],[""60821.32000000"",""1.57852000""],[""60821.33000000"",""0.00010000""],[""60821.34000000"",""0.00000000""],[""60821.35000000"",""0.00000000""],[""60822.14000000"",""0.22215000""],[""60823.25000000"",""0.11037000""],[""60823.95000000"",""0.11037000""],[""60825.25000000"",""0.21644000""],[""60825.46000000"",""0.12249000""],[""60825.47000000"",""0.00000000""],[""60825.48000000"",""0.00000000""],[""60825.77000000"",""0.02000000""],[""60828.20000000"",""0.00000000""],[""60832.00000000"",""0.00600000""],[""60838.26000000"",""0.00000000""],[""60839.99000000"",""0.25072000""],[""60841.52000000"",""0.00000000""],[""60852.99000000"",""0.00000000""],[""60855.31000000"",""0.38054000""],[""60858.74000000"",""0.56997000""],[""60926.02000000"",""0.05294000""],[""60961.31000000"",""4.92344000""],[""61022.19000000"",""3.78966000""],[""90347.20000000"",""0.00029000""]]}"""
1780792020|27474000|binance|depth|0|0|444|BTCUSDT|"""{""lastUpdateId"":95220203961,""bids"":[[""60813.00000000"",""0.22609000""],[""60812.99000000"",""0.00135000""],[""60812.13000000"",""0.00010000""],[""60812.12000000"",""0.00009000""],[""60812.00000000"",""0.00618000""]],""asks"":[[""60813.01000000"",""4.61710000""],[""60813.02000000"",""0.13199000""],[""60813.03000000"",""0.00017000""],[""60813.74000000"",""0.00009000""],[""60814.28000000"",""0.00018000""]]}"""
1780792020|27482000|binance|depth|0|0|445|BTCUSDT|"""{""e"":""depthUpdate"",""E"":1780791937514,""s"":""BTCUSDT"",""U"":95220203850,""u"":95220203961,""b"":[[""60813.00000000"",""0.22609000""],[""60812.99000000"",""0.00135000""],[""60812.74000000"",""0.00000000""],[""60811.92000000"",""0.00586000""],[""60811.73000000"",""0.00000000""],[""60811.72000000"",""0.00036000""],[""60811.17000000"",""0.00000000""],[""60811.01000000"",""0.00018000""],[""60811.00000000"",""0.01334000""],[""60810.65000000"",""0.00018000""],[""60810.64000000"",""0.07597000""],[""60810.44000000"",""0.11064000""],[""60810.29000000"",""0.00018000""],[""60809.96000000"",""0.00019000""],[""60809.95000000"",""0.09646000""],[""60809.17000000"",""0.00000000""],[""60809.16000000"",""0.11064000""],[""60808.64000000"",""0.01528000""],[""60808.50000000"",""0.00568000""],[""60808.32000000"",""0.00009000""],[""60808.00000000"",""0.02500000""],[""60807.89000000"",""0.00000000""],[""60806.61000000"",""0.00000000""],[""60806.60000000"",""0.00000000""],[""60805.13000000"",""0.00000000""],[""60804.08000000"",""0.71311000""],[""60804.07000000"",""1.68889000""],[""60804.06000000"",""0.00000000""],[""60804.05000000"",""0.00000000""],[""60803.88000000"",""0.00822000""],[""60803.34000000"",""0.00000000""],[""60803.11000000"",""0.00000000""],[""60801.48000000"",""0.00000000""],[""60801.23000000"",""0.00000000""],[""60799.25000000"",""0.02400000""],[""60798.37000000"",""1.30329000""],[""60798.36000000"",""0.00000000""],[""60796.69000000"",""0.02000000""],[""60782.31000000"",""0.00400000""],[""60760.19000000"",""0.22535000""],[""60760.14000000"",""0.02400000""],[""60650.51000000"",""0.00000000""],[""60633.95000000"",""0.00974000""],[""57500.00000000"",""149.46906000""],[""54731.70000000"",""0.00320000""],[""48650.40000000"",""0.00041000""]],""a"":[[""60813.01000000"",""4.61710000""],[""60813.02000000"",""0.13199000""],[""60813.78000000"",""0.00000000""],[""60814.60000000"",""0.04028000""],[""60814.75000000"",""0.00010000""],[""60816.27000000"",""0.82108000""],[""60816.28000000"",""1.57852000""],[""60816.29000000"",""0.00000000""],[""60816.32000000"",""0.29602000""],[""60816.53000000"",""0.00000000""],[""60816.81000000"",""0.02000000""],[""60818.46000000"",""0.00065000""],[""60818.50000000"",""0.00009000""],[""60818.77000000"",""1.57852000""],[""60821.31000000"",""1.54133000""],[""60823.25000000"",""0.00000000""],[""60823.95000000"",""0.00000000""],[""60825.45000000"",""2.63034000""],[""60825.50000000"",""1.29509000""],[""60828.81000000"",""0.02000000""],[""60834.00000000"",""0.00600000""],[""60864.11000000"",""0.00000000""],[""60889.54000000"",""1.07090000""],[""60889.55000000"",""0.00000000""]]}"""
1780792020|27505000|binance|depth|0|0|446|BTCUSDT|"""{""lastUpdateId"":95220204090,""bids"":[[""60813.00000000"",""0.16020000""],[""60812.99000000"",""0.00099000""],[""60812.13000000"",""0.00010000""],[""60812.12000000"",""0.00009000""],[""60812.00000000"",""0.00618000""]],""asks"":[[""60813.01000000"",""4.61710000""],[""60813.02000000"",""0.13190000""],[""60813.03000000"",""0.00017000""],[""60813.74000000"",""0.00009000""],[""60813.92000000"",""0.04073000""]]}"""
1780792020|27513000|binance|depth|0|0|447|BTCUSDT|"""{""e"":""depthUpdate"",""E"":1780791937614,""s"":""BTCUSDT"",""U"":95220203962,""u"":95220204090,""b"":[[""60813.00000000"",""0.16020000""],[""60812.99000000"",""0.00099000""],[""60811.92000000"",""0.00586000""],[""60811.72000000"",""0.00009000""],[""60811.01000000"",""0.00000000""],[""60811.00000000"",""0.00018000""],[""60810.65000000"",""0.00000000""],[""60810.64000000"",""0.00018000""],[""60810.45000000"",""0.00000000""],[""60810.44000000"",""0.00018000""],[""60810.30000000"",""0.00000000""],[""60810.29000000"",""0.00000000""],[""60809.96000000"",""0.00028000""],[""60809.95000000"",""0.09664000""],[""60809.77000000"",""0.00000000""],[""60809.76000000"",""0.00000000""],[""60809.19000000"",""0.00310000""],[""60809.17000000"",""0.00018000""],[""60809.16000000"",""0.11073000""],[""60809.00000000"",""0.00018000""],[""60808.01000000"",""0.00028000""],[""60807.89000000"",""0.00009000""],[""60807.88000000"",""0.11046000""],[""60807.61000000"",""0.06737000""],[""60806.60000000"",""0.11037000""],[""60806.33000000"",""0.00000000""],[""60805.13000000"",""0.00329000""],[""60803.33000000"",""0.00000000""],[""60802.28000000"",""0.11037000""],[""60802.01000000"",""0.00822000""],[""60801.79000000"",""0.00000000""],[""60800.12000000"",""0.17271000""],[""60798.39000000"",""1.44143000""],[""60798.38000000"",""0.00000000""],[""60798.37000000"",""0.00000000""],[""60798.35000000"",""2.63034000""],[""60797.47000000"",""0.02000000""],[""60796.86000000"",""0.02400000""],[""60796.25000000"",""0.02800000""],[""60796.22000000"",""0.02400000""],[""60792.53000000"",""0.00200000""],[""60790.62000000"",""0.00000000""],[""60788.18000000"",""0.00000000""],[""60760.14000000"",""0.00000000""],[""60757.76000000"",""0.02400000""],[""60756.87000000"",""0.00000000""],[""60755.47000000"",""0.02800000""],[""60745.87000000"",""0.02400000""],[""54731.70000000"",""0.00360000""],[""48650.40000000"",""0.00000000""]],""a"":[[""60813.01000000"",""4.61710000""],[""60813.02000000"",""0.13190000""],[""60813.92000000"",""0.04073000""],[""60814.28000000"",""0.00000000""],[""60814.30000000"",""0.00000000""],[""60814.43000000"",""0.00407000""],[""60814.44000000"",""0.00409000""],[""60815.43000000"",""0.00000000""],[""60815.45000000"",""0.14417000""],[""60815.83000000"",""0.00009000""],[""60818.32000000"",""0.70083000""],[""60818.61000000"",""0.02400000""],[""60819.21000000"",""0.02000000""],[""60819.82000000"",""0.02010000""],[""60819.86000000"",""0.02000000""],[""60825.44000000"",""2.11681000""],[""60825.50000000"",""0.00000000""],[""60825.77000000"",""0.00000000""],[""60828.21000000"",""0.00410000""],[""60829.03000000"",""0.00200000""],[""60838.29000000"",""0.00000000""],[""60864.14000000"",""0.00000000""],[""60865.93000000"",""0.00000000""]]}"""
1780792020|27529000|binance|depth|0|0|448|BTCUSDT|"""{""lastUpdateId"":95220204133,""bids"":[[""60813.00000000"",""0.16137000""],[""60812.99000000"",""0.00099000""],[""60812.13000000"",""0.00010000""],[""60812.12000000"",""0.00009000""],[""60812.00000000"",""0.00618000""]],""asks"":[[""60813.01000000"",""4.61710000""],[""60813.02000000"",""0.13190000""],[""60813.03000000"",""0.00017000""],[""60813.74000000"",""0.00009000""],[""60813.92000000"",""0.04073000""]]}"""
1780792020|27537000|binance|depth|0|0|449|BTCUSDT|"""{""e"":""depthUpdate"",""E"":1780791937714,""s"":""BTCUSDT"",""U"":95220204091,""u"":95220204133,""b"":[[""60813.00000000"",""0.16137000""],[""60811.92000000"",""0.00595000""],[""60811.72000000"",""0.00000000""],[""60811.00000000"",""0.00000000""],[""60810.64000000"",""0.00000000""],[""60810.44000000"",""0.00000000""],[""60808.99000000"",""0.07597000""],[""60808.64000000"",""0.01546000""],[""60808.50000000"",""0.00586000""],[""60792.78000000"",""0.00000000""],[""60790.57000000"",""0.00000000""],[""60790.56000000"",""0.00000000""],[""60787.30000000"",""0.00858000""],[""60787.06000000"",""0.00400000""],[""60784.94000000"",""0.00200000""],[""60745.87000000"",""0.00000000""],[""60743.50000000"",""0.00000000""],[""54731.70000000"",""0.00400000""]],""a"":[[""60816.40000000"",""0.00009000""],[""60818.23000000"",""0.00009000""],[""60825.80000000"",""0.00000000""],[""60827.60000000"",""0.00000000""],[""60828.85000000"",""0.00000000""],[""60830.77000000"",""0.00400000""],[""60833.59000000"",""0.00200000""],[""60836.10000000"",""0.00000000""],[""60836.80000000"",""0.48008000""],[""60839.22000000"",""0.00000000""],[""60867.19000000"",""0.00000000""],[""60926.02000000"",""0.00000000""]]}"""
1780792020|27551000|binance|depth|0|0|450|BTCUSDT|"""{""e"":""trade"",""E"":1780791937788,""s"":""BTCUSDT"",""t"":6380215451,""p"":""60813.01000000"",""q"":""0.00050000"",""T"":1780791937788,""m"":false,""M"":true}"""
1780792020|27553000|binance|depth|0|0|451|BTCUSDT|"""{""lastUpdateId"":95220204206,""bids"":[[""60813.00000000"",""0.16119000""],[""60812.99000000"",""0.00099000""],[""60812.00000000"",""0.00618000""],[""60811.92000000"",""0.00595000""],[""60811.38000000"",""0.00009000""]],""asks"":[[""60813.01000000"",""4.61660000""],[""60813.02000000"",""0.13190000""],[""60813.03000000"",""0.00017000""],[""60813.74000000"",""0.00009000""],[""60813.92000000"",""0.04073000""]]}"""
1780792020|27561000|binance|depth|0|0|452|BTCUSDT|"""{""e"":""depthUpdate"",""E"":1780791937814,""s"":""BTCUSDT"",""U"":95220204134,""u"":95220204206,""b"":[[""60813.00000000"",""0.16119000""],[""60812.13000000"",""0.00000000""],[""60812.12000000"",""0.00000000""],[""60810.94000000"",""0.00000000""],[""60809.19000000"",""0.00300000""],[""60809.17000000"",""0.00028000""],[""60808.29000000"",""0.00000000""],[""60808.01000000"",""0.00018000""],[""60807.89000000"",""0.00019000""],[""60807.61000000"",""0.00009000""],[""60806.92000000"",""0.00000000""],[""60806.61000000"",""0.00010000""],[""60805.84000000"",""0.00000000""],[""60805.12000000"",""0.00000000""],[""60804.64000000"",""0.06747000""],[""60804.08000000"",""0.71321000""],[""60803.88000000"",""0.00832000""],[""60803.76000000"",""0.00000000""],[""60803.10000000"",""0.00000000""],[""60802.28000000"",""0.11047000""],[""60800.85000000"",""0.00010000""],[""60799.35000000"",""0.00019000""],[""60798.80000000"",""0.00000000""],[""60798.36000000"",""0.00010000""],[""60798.35000000"",""2.63044000""],[""60798.14000000"",""0.00000000""],[""60797.10000000"",""0.00010000""],[""60795.08000000"",""0.52358000""],[""60795.07000000"",""1.57852000""],[""60794.67000000"",""0.00000000""],[""60793.92000000"",""0.00030000""],[""60793.33000000"",""1.50319000""],[""60793.03000000"",""0.00000000""],[""60789.71000000"",""0.00010000""],[""60786.40000000"",""0.00010000""],[""60785.90000000"",""0.00000000""],[""60783.75000000"",""0.00010000""],[""60733.72000000"",""0.13859000""],[""60725.25000000"",""0.51152000""],[""54735.47000000"",""0.00000000""],[""54731.70000000"",""0.00450000""],[""48650.40000000"",""0.00000000""]],""a"":[[""60813.01000000"",""4.61660000""],[""60814.44000000"",""0.00419000""],[""60814.75000000"",""0.00000000""],[""60816.27000000"",""0.82118000""],[""60818.31000000"",""0.00010000""],[""60818.47000000"",""0.00000000""],[""60818.76000000"",""0.00010000""],[""60819.81000000"",""0.02010000""],[""60819.82000000"",""0.02000000""],[""60821.31000000"",""1.54143000""],[""60821.33000000"",""0.00000000""],[""60822.13000000"",""0.00010000""],[""60822.14000000"",""0.22205000""],[""60825.44000000"",""2.11691000""],[""60825.51000000"",""0.49422000""],[""60828.21000000"",""0.00400000""],[""60828.81000000"",""0.00000000""],[""60831.94000000"",""0.00000000""],[""60839.98000000"",""0.00000000""],[""60902.00000000"",""0.04470000""],[""60916.20000000"",""0.05424000""],[""60917.75000000"",""0.00000000""],[""60947.84000000"",""0.01968000""],[""60964.08000000"",""0.01968000""],[""60964.62000000"",""0.00000000""],[""60984.37000000"",""0.02220000""],[""61013.00000000"",""0.00000000""],[""61029.57000000"",""0.00000000""]]}"""
1780792020|27583000|binance|depth|0|0|453|BTCUSDT|"""{""lastUpdateId"":95220204224,""bids"":[[""60813.00000000"",""0.16110000""],[""60812.99000000"",""0.00099000""],[""60812.00000000"",""0.00618000""],[""60811.92000000"",""0.00595000""],[""60811.38000000"",""0.00009000""]],""asks"":[[""60813.01000000"",""4.61660000""],[""60813.02000000"",""0.13190000""],[""60813.03000000"",""0.00017000""],[""60813.74000000"",""0.00009000""],[""60813.92000000"",""0.04073000""]]}"""
1780792020|27590000|binance|depth|0|0|454|BTCUSDT|"""{""e"":""depthUpdate"",""E"":1780791937914,""s"":""BTCUSDT"",""U"":95220204207,""u"":95220204224,""b"":[[""60813.00000000"",""0.16110000""],[""60806.91000000"",""0.07974000""],[""60802.76000000"",""0.11037000""],[""60759.18000000"",""0.24000000""],[""54731.70000000"",""0.00490000""]],""a"":[[""60813.01000000"",""4.61660000""],[""60816.19000000"",""0.04000000""],[""60818.31000000"",""0.10217000""],[""60819.09000000"",""0.00000000""],[""60819.57000000"",""0.02000000""],[""60933.32000000"",""0.00000000""]]}"""
1780792020|27595000|binance|depth|0|0|455|BTCUSDT|"""{""lastUpdateId"":95220204248,""bids"":[[""60813.00000000"",""0.16110000""],[""60812.99000000"",""0.00099000""],[""60812.00000000"",""0.00618000""],[""60811.92000000"",""0.00595000""],[""60811.38000000"",""0.00009000""]],""asks"":[[""60813.01000000"",""4.61660000""],[""60813.02000000"",""0.13190000""],[""60813.03000000"",""0.00017000""],[""60813.74000000"",""0.00009000""],[""60813.92000000"",""0.04073000""]]}"""
1780792020|27602000|binance|depth|0|0|456|BTCUSDT|"""{""e"":""depthUpdate"",""E"":1780791938014,""s"":""BTCUSDT"",""U"":95220204225,""u"":95220204248,""b"":[[""60803.30000000"",""0.00033000""],[""60803.24000000"",""0.00913000""],[""60802.48000000"",""0.00009000""],[""60800.87000000"",""0.10997000""],[""60785.65000000"",""0.00200000""],[""60784.94000000"",""0.00000000""],[""60042.65000000"",""0.01665000""],[""58342.65000000"",""0.00210000""],[""54731.70000000"",""0.00510000""],[""48650.40000000"",""0.00041000""]],""a"":[[""60825.16000000"",""0.00000000""],[""60826.82000000"",""0.00009000""],[""60828.22000000"",""0.00000000""],[""60828.55000000"",""0.00000000""],[""60833.59000000"",""0.00000000""],[""60834.31000000"",""0.00200000""],[""60839.99000000"",""0.46114000""],[""60863.49000000"",""0.00000000""]]}"""
1780792020|27608000|binance|depth|0|0|457|BTCUSDT|"""{""lastUpdateId"":95220204285,""bids"":[[""60813.00000000"",""0.16118000""],[""60812.99000000"",""0.00107000""],[""60812.98000000"",""0.00017000""],[""60812.00000000"",""0.00618000""],[""60811.92000000"",""0.00595000""]],""asks"":[[""60813.01000000"",""4.64660000""],[""60813.02000000"",""0.13190000""],[""60813.03000000"",""0.00017000""],[""60813.74000000"",""0.00009000""],[""60813.92000000"",""0.04073000""]]}"""
1780792020|27615000|binance|depth|0|0|458|BTCUSDT|"""{""e"":""depthUpdate"",""E"":1780791938114,""s"":""BTCUSDT"",""U"":95220204249,""u"":95220204285,""b"":[[""60813.00000000"",""0.16118000""],[""60812.99000000"",""0.00107000""],[""60812.98000000"",""0.00017000""],[""60809.00000000"",""0.00000000""],[""60808.99000000"",""0.00018000""],[""60807.89000000"",""0.00028000""],[""60806.92000000"",""0.00009000""],[""60806.91000000"",""0.07983000""],[""60806.77000000"",""0.07579000""],[""60804.64000000"",""0.00010000""],[""60800.85000000"",""0.06747000""],[""60641.41000000"",""0.00974000""],[""60633.95000000"",""0.00000000""],[""60508.93000000"",""0.10000000""],[""60490.77000000"",""0.30000000""],[""60472.62000000"",""0.50000000""],[""54731.70000000"",""0.00510000""],[""54731.00000000"",""0.00548000""]],""a"":[[""60813.01000000"",""4.64660000""],[""60816.32000000"",""0.26602000""],[""60817.16000000"",""0.49431000""],[""60831.45000000"",""0.02000000""],[""60832.06000000"",""0.02000000""],[""60835.10000000"",""0.02000000""],[""60870.37000000"",""0.00821000""],[""60870.83000000"",""0.02000000""],[""60878.37000000"",""0.00000000""],[""60923.47000000"",""0.08811000""],[""61360.32000000"",""0.00010000""]]}"""
1780792020|27631000|binance|depth|0|0|459|BTCUSDT|"""{""lastUpdateId"":95220204311,""bids"":[[""60813.00000000"",""0.16118000""],[""60812.99000000"",""0.00107000""],[""60812.98000000"",""0.00017000""],[""60812.00000000"",""0.00618000""],[""60811.92000000"",""0.00595000""]],""asks"":[[""60813.01000000"",""4.64660000""],[""60813.02000000"",""0.13190000""],[""60813.03000000"",""0.00017000""],[""60813.74000000"",""0.00009000""],[""60813.92000000"",""0.04073000""]]}"""
1780792020|27638000|binance|depth|0|0|460|BTCUSDT|"""{""e"":""depthUpdate"",""E"":1780791938214,""s"":""BTCUSDT"",""U"":95220204286,""u"":95220204311,""b"":[[""60809.16000000"",""0.11064000""],[""60808.99000000"",""0.00000000""],[""60808.00000000"",""0.02518000""],[""60792.53000000"",""0.00000000""],[""60790.97000000"",""0.00200000""],[""60757.77000000"",""0.02600000""],[""60454.47000000"",""0.70000000""],[""54731.70000000"",""0.00510000""],[""48650.40000000"",""0.00000000""]],""a"":[[""60819.08000000"",""0.10000000""],[""60827.47000000"",""0.00200000""],[""60829.03000000"",""0.00000000""],[""60837.32000000"",""0.30000000""],[""60855.57000000"",""0.50000000""],[""60864.83000000"",""0.02000000""],[""60870.83000000"",""0.00000000""],[""60873.81000000"",""0.70000000""]]}"""
1780792020|27644000|binance|depth|0|0|461|BTCUSDT|"""{""lastUpdateId"":95220204326,""bids"":[[""60813.00000000"",""0.15918000""],[""60812.99000000"",""0.00107000""],[""60812.98000000"",""0.00017000""],[""60812.00000000"",""0.00618000""],[""60811.92000000"",""0.00595000""]],""asks"":[[""60813.01000000"",""4.64660000""],[""60813.02000000"",""0.13190000""],[""60813.03000000"",""0.00017000""],[""60813.74000000"",""0.00009000""],[""60813.92000000"",""0.04073000""]]}"""
1780792020|27657000|binance|depth|0|0|462|BTCUSDT|"""{""e"":""depthUpdate"",""E"":1780791938314,""s"":""BTCUSDT"",""U"":95220204312,""u"":95220204326,""b"":[[""60813.00000000"",""0.15918000""],[""60792.96000000"",""0.30069000""],[""60787.13000000"",""0.00400000""],[""60787.06000000"",""0.00000000""],[""54731.70000000"",""0.00510000""]],""a"":[[""60813.01000000"",""4.64660000""],[""60830.77000000"",""0.00000000""],[""60830.89000000"",""0.00400000""]]}"""
1780792020|27661000|binance|depth|0|0|463|BTCUSDT|"""{""lastUpdateId"":95220204344,""bids"":[[""60813.00000000"",""0.15918000""],[""60812.99000000"",""0.00107000""],[""60812.98000000"",""0.00017000""],[""60812.00000000"",""0.00618000""],[""60811.92000000"",""0.00595000""]],""asks"":[[""60813.01000000"",""4.64660000""],[""60813.02000000"",""0.13190000""],[""60813.03000000"",""0.00017000""],[""60813.74000000"",""0.00009000""],[""60813.92000000"",""0.04073000""]]}"""
1780792020|27668000|binance|depth|0|0|464|BTCUSDT|"""{""e"":""depthUpdate"",""E"":1780791938414,""s"":""BTCUSDT"",""U"":95220204327,""u"":95220204344,""b"":[[""60803.62000000"",""0.06737000""],[""60800.85000000"",""0.00010000""],[""60760.19000000"",""0.25135000""],[""54731.70000000"",""0.00510000""]],""a"":[[""60815.15000000"",""0.00817000""],[""60817.41000000"",""0.00894000""],[""60818.50000000"",""0.00000000""],[""60832.04000000"",""0.04000000""],[""60835.08000000"",""0.02000000""],[""60864.11000000"",""0.02000000""],[""60878.47000000"",""4.93014000""],[""60879.22000000"",""0.00000000""],[""60882.16000000"",""0.00000000""],[""60967.62000000"",""0.00000000""]]}"""
1780792020|27673000|binance|depth|0|0|465|BTCUSDT|"""{""lastUpdateId"":95220204359,""bids"":[[""60813.00000000"",""0.15918000""],[""60812.99000000"",""0.00107000""],[""60812.98000000"",""0.00017000""],[""60812.00000000"",""0.00618000""],[""60811.92000000"",""0.00595000""]],""asks"":[[""60813.01000000"",""4.64660000""],[""60813.02000000"",""0.13190000""],[""60813.03000000"",""0.00017000""],[""60813.74000000"",""0.00009000""],[""60813.92000000"",""0.04073000""]]}"""
1780792020|27681000|binance|depth|0|0|466|BTCUSDT|"""{""e"":""depthUpdate"",""E"":1780791938514,""s"":""BTCUSDT"",""U"":95220204345,""u"":95220204359,""b"":[[""60792.02000000"",""0.00000000""],[""60785.88000000"",""0.00200000""],[""60760.14000000"",""0.02400000""],[""54731.70000000"",""0.00510000""],[""48650.40000000"",""0.00041000""]],""a"":[[""60832.08000000"",""0.02000000""],[""60834.54000000"",""0.00210000""],[""60840.68000000"",""0.00000000""],[""60864.11000000"",""0.00000000""],[""60864.14000000"",""0.02000000""],[""60867.73000000"",""0.00000000""],[""60879.13000000"",""0.00000000""]]}"""
1780792020|27690000|binance|depth|0|0|467|BTCUSDT|"""{""e"":""trade"",""E"":1780791938600,""s"":""BTCUSDT"",""t"":6380215452,""p"":""60813.01000000"",""q"":""0.00416000"",""T"":1780791938599,""m"":false,""M"":true}"""
1780792020|27693000|binance|depth|0|0|468|BTCUSDT|"""{""lastUpdateId"":95220204382,""bids"":[[""60813.00000000"",""0.16128000""],[""60812.99000000"",""0.00107000""],[""60812.98000000"",""0.00017000""],[""60812.00000000"",""0.00618000""],[""60811.92000000"",""0.00595000""]],""asks"":[[""60813.01000000"",""4.64244000""],[""60813.02000000"",""0.13190000""],[""60813.03000000"",""0.00017000""],[""60813.74000000"",""0.00009000""],[""60813.92000000"",""0.04073000""]]}"""
1780792020|27701000|binance|depth|0|0|469|BTCUSDT|"""{""e"":""depthUpdate"",""E"":1780791938614,""s"":""BTCUSDT"",""U"":95220204360,""u"":95220204382,""b"":[[""60813.00000000"",""0.16128000""],[""60785.65000000"",""0.00000000""],[""60783.15000000"",""0.00200000""],[""60756.87000000"",""0.02000000""],[""54731.70000000"",""0.00510000""],[""48650.40000000"",""0.00000000""]],""a"":[[""60813.01000000"",""4.64244000""],[""60817.19000000"",""0.01463000""],[""60831.80000000"",""0.00200000""],[""60833.87000000"",""0.02400000""],[""60834.31000000"",""0.00000000""],[""60834.48000000"",""0.02000000""],[""60835.09000000"",""0.02000000""],[""60835.12000000"",""0.02000000""],[""60864.14000000"",""0.00000000""],[""60865.93000000"",""0.00000000""],[""60867.19000000"",""0.02000000""],[""60878.69000000"",""0.00578000""],[""60882.27000000"",""0.00000000""]]}"""
1780792020|27707000|binance|depth|0|0|470|BTCUSDT|"""{""lastUpdateId"":95220204407,""bids"":[[""60813.00000000"",""0.16128000""],[""60812.99000000"",""0.00107000""],[""60812.98000000"",""0.00017000""],[""60812.00000000"",""0.00618000""],[""60811.92000000"",""0.00595000""]],""asks"":[[""60813.01000000"",""4.64244000""],[""60813.02000000"",""0.13190000""],[""60813.03000000"",""0.00017000""],[""60813.74000000"",""0.00009000""],[""60813.91000000"",""0.00018000""]]}"""
1780792020|27714000|binance|depth|0|0|471|BTCUSDT|"""{""e"":""depthUpdate"",""E"":1780791938714,""s"":""BTCUSDT"",""U"":95220204383,""u"":95220204407,""b"":[[""60813.00000000"",""0.16128000""],[""54731.70000000"",""0.00490000""]],""a"":[[""60813.01000000"",""4.64244000""],[""60813.91000000"",""0.00018000""],[""60814.28000000"",""0.00018000""],[""60814.30000000"",""0.00018000""],[""60814.44000000"",""0.00428000""],[""60820.69000000"",""0.00000000""],[""60821.30000000"",""0.00000000""],[""60867.19000000"",""0.00000000""],[""60869.10000000"",""0.00000000""],[""60872.34000000"",""0.00000000""]]}"""
1780792020|27719000|binance|depth|0|0|472|BTCUSDT|"""{""lastUpdateId"":95220204437,""bids"":[[""60813.00000000"",""0.16128000""],[""60812.99000000"",""0.00107000""],[""60812.98000000"",""0.00017000""],[""60812.00000000"",""0.00618000""],[""60811.92000000"",""0.00595000""]],""asks"":[[""60813.01000000"",""4.78553000""],[""60813.02000000"",""0.13190000""],[""60813.03000000"",""0.00017000""],[""60813.74000000"",""0.00009000""],[""60813.91000000"",""0.00018000""]]}"""
1780792020|27727000|binance|depth|0|0|473|BTCUSDT|"""{""e"":""depthUpdate"",""E"":1780791938814,""s"":""BTCUSDT"",""U"":95220204408,""u"":95220204437,""b"":[[""60809.96000000"",""0.00018000""],[""60805.33000000"",""0.00010000""],[""60803.88000000"",""0.00822000""],[""60802.24000000"",""0.00010000""],[""60798.35000000"",""2.63034000""],[""60793.92000000"",""0.00020000""],[""60790.89000000"",""0.00010000""],[""60787.06000000"",""0.00010000""],[""60765.35000000"",""0.00009000""],[""60758.06000000"",""0.00009000""],[""54731.70000000"",""0.00490000""],[""48650.40000000"",""0.00000000""]],""a"":[[""60813.01000000"",""4.78553000""],[""60814.30000000"",""0.00028000""],[""60814.60000000"",""0.00000000""],[""60818.31000000"",""0.10207000""],[""60819.09000000"",""0.00010000""],[""60819.81000000"",""0.02000000""],[""60832.92000000"",""0.00010000""],[""60840.90000000"",""0.00010000""],[""60845.99000000"",""0.00000000""],[""60849.10000000"",""0.00000000""],[""60867.01000000"",""0.51877000""],[""60869.70000000"",""0.00000000""]]}"""
1780792020|27739000|binance|depth|0|0|474|BTCUSDT|"""{""lastUpdateId"":95220204456,""bids"":[[""60813.00000000"",""0.16137000""],[""60812.99000000"",""0.00107000""],[""60812.98000000"",""0.00017000""],[""60812.00000000"",""0.00618000""],[""60811.92000000"",""0.00595000""]],""asks"":[[""60813.01000000"",""4.78553000""],[""60813.02000000"",""0.13190000""],[""60813.03000000"",""0.00017000""],[""60813.74000000"",""0.00009000""],[""60813.91000000"",""0.00018000""]]}"""
1780792020|27747000|binance|depth|0|0|475|BTCUSDT|"""{""e"":""depthUpdate"",""E"":1780791938914,""s"":""BTCUSDT"",""U"":95220204438,""u"":95220204456,""b"":[[""60813.00000000"",""0.16137000""],[""60809.16000000"",""0.11073000""],[""60807.90000000"",""0.00009000""],[""60807.89000000"",""0.11486000""],[""60806.92000000"",""0.00000000""],[""60804.08000000"",""0.69676000""],[""60803.47000000"",""0.17004000""],[""60800.12000000"",""0.00000000""],[""60759.31000000"",""0.00000000""],[""60740.03000000"",""0.00332000""],[""54731.70000000"",""0.00510000""]],""a"":[[""60830.48000000"",""0.00332000""],[""60831.45000000"",""0.04000000""],[""60834.84000000"",""0.02000000""],[""60849.79000000"",""0.00000000""],[""60863.49000000"",""0.02000000""]]}"""
1780792020|27752000|binance|depth|0|0|476|BTCUSDT|"""{""e"":""trade"",""E"":1780791938978,""s"":""BTCUSDT"",""t"":6380215453,""p"":""60813.01000000"",""q"":""0.00240000"",""T"":1780791938977,""m"":false,""M"":true}"""
1780792020|27755000|binance|depth|0|0|477|BTCUSDT|"""{""lastUpdateId"":95220204474,""bids"":[[""60813.00000000"",""0.16137000""],[""60812.99000000"",""0.00107000""],[""60812.98000000"",""0.00017000""],[""60812.00000000"",""0.00618000""],[""60811.92000000"",""0.00595000""]],""asks"":[[""60813.01000000"",""4.78313000""],[""60813.02000000"",""0.13190000""],[""60813.03000000"",""0.00017000""],[""60813.74000000"",""0.00009000""],[""60813.91000000"",""0.00018000""]]}"""
1780792020|27762000|binance|depth|0|0|478|BTCUSDT|"""{""e"":""depthUpdate"",""E"":1780791939014,""s"":""BTCUSDT"",""U"":95220204457,""u"":95220204474,""b"":[[""60808.00000000"",""0.02518000""],[""60802.48000000"",""0.00009000""],[""57436.10000000"",""0.00234000""],[""54731.70000000"",""0.00510000""],[""48650.40000000"",""0.00041000""]],""a"":[[""60813.01000000"",""4.78313000""],[""60826.82000000"",""0.00009000""],[""60827.94000000"",""0.07195000""],[""60863.49000000"",""0.00000000""]]}"""
1780792020|27766000|binance|depth|0|0|479|BTCUSDT|"""{""e"":""trade"",""E"":1780791939107,""s"":""BTCUSDT"",""t"":6380215454,""p"":""60813.01000000"",""q"":""0.00085000"",""T"":1780791939107,""m"":false,""M"":true}"""
1780792020|27768000|binance|depth|0|0|480|BTCUSDT|"""{""lastUpdateId"":95220204479,""bids"":[[""60813.00000000"",""0.16137000""],[""60812.99000000"",""0.00107000""],[""60812.98000000"",""0.00017000""],[""60812.00000000"",""0.00618000""],[""60811.92000000"",""0.00595000""]],""asks"":[[""60813.01000000"",""4.78228000""],[""60813.02000000"",""0.13190000""],[""60813.03000000"",""0.00017000""],[""60813.74000000"",""0.00009000""],[""60813.91000000"",""0.00018000""]]}"""
1780792020|27775000|binance|depth|0|0|481|BTCUSDT|"""{""e"":""depthUpdate"",""E"":1780791939114,""s"":""BTCUSDT"",""U"":95220204475,""u"":95220204479,""b"":[[""54731.70000000"",""0.00510000""]],""a"":[[""60813.01000000"",""4.78228000""]]}"""
1780792020|27778000|binance|depth|0|0|482|BTCUSDT|"""{""e"":""trade"",""E"":1780791939156,""s"":""BTCUSDT"",""t"":6380215455,""p"":""60813.01000000"",""q"":""0.00016000"",""T"":1780791939156,""m"":false,""M"":true}"""
1780792020|27781000|binance|depth|0|0|483|BTCUSDT|"""{""lastUpdateId"":95220204489,""bids"":[[""60813.00000000"",""0.16137000""],[""60812.99000000"",""0.00107000""],[""60812.98000000"",""0.00017000""],[""60812.00000000"",""0.00618000""],[""60811.92000000"",""0.00595000""]],""asks"":[[""60813.01000000"",""4.78212000""],[""60813.02000000"",""0.13190000""],[""60813.03000000"",""0.00017000""],[""60813.74000000"",""0.00009000""],[""60813.91000000"",""0.00018000""]]}"""
1780792020|27794000|binance|depth|0|0|484|BTCUSDT|"""{""e"":""depthUpdate"",""E"":1780791939214,""s"":""BTCUSDT"",""U"":95220204480,""u"":95220204489,""b"":[[""54731.70000000"",""0.00510000""],[""48650.40000000"",""0.00000000""]],""a"":[[""60813.01000000"",""4.78212000""],[""60870.50000000"",""0.00000000""],[""60879.89000000"",""0.03083000""],[""60923.47000000"",""0.00000000""],[""60926.06000000"",""0.08667000""]]}"""
1780792020|27798000|binance|depth|0|0|485|BTCUSDT|"""{""lastUpdateId"":95220204496,""bids"":[[""60813.00000000"",""0.16137000""],[""60812.99000000"",""0.00107000""],[""60812.98000000"",""0.00017000""],[""60812.00000000"",""0.00618000""],[""60811.92000000"",""0.00595000""]],""asks"":[[""60813.01000000"",""4.78212000""],[""60813.02000000"",""0.13190000""],[""60813.03000000"",""0.00017000""],[""60813.74000000"",""0.00009000""],[""60813.91000000"",""0.00018000""]]}"""
1780792020|27806000|binance|depth|0|0|486|BTCUSDT|"""{""e"":""depthUpdate"",""E"":1780791939314,""s"":""BTCUSDT"",""U"":95220204490,""u"":95220204496,""b"":[[""54731.70000000"",""0.00510000""],[""54731.00000000"",""0.00548000""]],""a"":[[""60825.61000000"",""0.01645000""]]}"""
1780792020|27809000|binance|depth|0|0|487|BTCUSDT|"""{""lastUpdateId"":95220204514,""bids"":[[""60813.00000000"",""0.15918000""],[""60812.99000000"",""0.00107000""],[""60812.98000000"",""0.00017000""],[""60812.00000000"",""0.00618000""],[""60811.92000000"",""0.00595000""]],""asks"":[[""60813.01000000"",""4.78212000""],[""60813.02000000"",""0.13190000""],[""60813.03000000"",""0.00017000""],[""60813.74000000"",""0.00009000""],[""60813.91000000"",""0.00018000""]]}"""
1780792020|27816000|binance|depth|0|0|488|BTCUSDT|"""{""e"":""depthUpdate"",""E"":1780791939414,""s"":""BTCUSDT"",""U"":95220204497,""u"":95220204514,""b"":[[""60813.00000000"",""0.15918000""],[""60807.90000000"",""0.00000000""],[""60807.89000000"",""0.00028000""],[""60806.92000000"",""0.00009000""],[""60792.74000000"",""0.00200000""],[""60790.97000000"",""0.00000000""],[""60786.41000000"",""0.00200000""],[""60785.88000000"",""0.00000000""],[""54731.70000000"",""0.00510000""]],""a"":[[""60827.47000000"",""0.00000000""],[""60829.23000000"",""0.00213000""],[""60834.54000000"",""0.00010000""],[""60835.07000000"",""0.00200000""]]}"""
1780792020|27821000|binance|depth|0|0|489|BTCUSDT|"""{""lastUpdateId"":95220204528,""bids"":[[""60813.00000000"",""0.15918000""],[""60812.99000000"",""0.00107000""],[""60812.98000000"",""0.00017000""],[""60812.00000000"",""0.00618000""],[""60811.92000000"",""0.00595000""]],""asks"":[[""60813.01000000"",""4.78212000""],[""60813.02000000"",""0.13190000""],[""60813.03000000"",""0.00017000""],[""60813.74000000"",""0.00009000""],[""60813.91000000"",""0.00018000""]]}"""
1780792020|27829000|binance|depth|0|0|490|BTCUSDT|"""{""e"":""depthUpdate"",""E"":1780791939514,""s"":""BTCUSDT"",""U"":95220204515,""u"":95220204528,""b"":[[""60808.00000000"",""0.02518000""],[""60787.44000000"",""0.00400000""],[""60787.13000000"",""0.00000000""],[""60560.00000000"",""0.00943000""],[""54731.70000000"",""0.00510000""],[""48650.40000000"",""0.00041000""]],""a"":[[""60830.89000000"",""0.00000000""],[""60831.14000000"",""0.00400000""]]}"""
1780792020|27832000|binance|depth|0|0|491|BTCUSDT|"""{""lastUpdateId"":95220204536,""bids"":[[""60813.00000000"",""0.15918000""],[""60812.99000000"",""0.00107000""],[""60812.98000000"",""0.00017000""],[""60812.00000000"",""0.00618000""],[""60811.92000000"",""0.00595000""]],""asks"":[[""60813.01000000"",""4.78212000""],[""60813.02000000"",""0.13190000""],[""60813.03000000"",""0.00017000""],[""60813.74000000"",""0.00009000""],[""60813.91000000"",""0.00018000""]]}"""
1780792020|27840000|binance|depth|0|0|492|BTCUSDT|"""{""e"":""depthUpdate"",""E"":1780791939614,""s"":""BTCUSDT"",""U"":95220204529,""u"":95220204536,""b"":[[""60740.03000000"",""0.00000000""],[""60731.13000000"",""0.00332000""],[""54731.70000000"",""0.00510000""],[""48650.40000000"",""0.00000000""]],""a"":[[""60818.69000000"",""0.00332000""],[""60830.48000000"",""0.00000000""],[""78002.32000000"",""0.00000000""]]}"""
1780792020|27851000|binance|depth|0|0|493|BTCUSDT|"""{""lastUpdateId"":95220204540,""bids"":[[""60813.00000000"",""0.15918000""],[""60812.99000000"",""0.00107000""],[""60812.98000000"",""0.00017000""],[""60812.00000000"",""0.00618000""],[""60811.92000000"",""0.00595000""]],""asks"":[[""60813.01000000"",""4.78212000""],[""60813.02000000"",""0.13190000""],[""60813.03000000"",""0.00017000""],[""60813.74000000"",""0.00009000""],[""60813.91000000"",""0.00018000""]]}"""
1780792020|27859000|binance|depth|0|0|494|BTCUSDT|"""{""e"":""depthUpdate"",""E"":1780791939714,""s"":""BTCUSDT"",""U"":95220204537,""u"":95220204540,""b"":[[""54731.70000000"",""0.00510000""]],""a"":[]}"""
1780792020|27861000|binance|depth|0|0|495|BTCUSDT|"""{""lastUpdateId"":95220204555,""bids"":[[""60813.00000000"",""0.15918000""],[""60812.99000000"",""0.00107000""],[""60812.98000000"",""0.00017000""],[""60812.00000000"",""0.00618000""],[""60811.92000000"",""0.00595000""]],""asks"":[[""60813.01000000"",""4.78221000""],[""60813.02000000"",""0.13190000""],[""60813.03000000"",""0.00017000""],[""60813.74000000"",""0.00009000""],[""60813.91000000"",""0.00018000""]]}"""
1780792020|27869000|binance|depth|0|0|496|BTCUSDT|"""{""e"":""depthUpdate"",""E"":1780791939814,""s"":""BTCUSDT"",""U"":95220204541,""u"":95220204555,""b"":[[""60756.10000000"",""0.00009000""],[""60697.76000000"",""0.00000000""],[""60676.41000000"",""0.00143000""],[""54731.70000000"",""0.00510000""],[""54731.00000000"",""0.00548000""],[""48650.40000000"",""0.00000000""]],""a"":[[""60813.01000000"",""4.78221000""],[""78050.80000000"",""0.00000000""]]}"""
1780792020|27873000|binance|depth|0|0|497|BTCUSDT|"""{""lastUpdateId"":95220204582,""bids"":[[""60813.00000000"",""0.15918000""],[""60812.99000000"",""0.00107000""],[""60812.98000000"",""0.00017000""],[""60812.00000000"",""0.00618000""],[""60811.92000000"",""0.00595000""]],""asks"":[[""60813.01000000"",""4.59908000""],[""60813.02000000"",""0.13190000""],[""60813.03000000"",""0.00017000""],[""60813.05000000"",""0.04026000""],[""60813.74000000"",""0.00009000""]]}"""
1780792020|27886000|binance|depth|0|0|498|BTCUSDT|"""{""e"":""depthUpdate"",""E"":1780791939914,""s"":""BTCUSDT"",""U"":95220204556,""u"":95220204582,""b"":[[""60803.48000000"",""0.00010000""],[""60802.24000000"",""0.00000000""],[""60800.84000000"",""1.57880000""],[""60800.13000000"",""0.00000000""],[""60793.34000000"",""0.00010000""],[""60792.16000000"",""0.00000000""],[""60783.75000000"",""0.00000000""],[""54731.70000000"",""0.00510000""],[""54731.00000000"",""0.00548000""]],""a"":[[""60813.01000000"",""4.59908000""],[""60813.05000000"",""0.04026000""],[""60821.36000000"",""0.16476000""],[""60822.13000000"",""0.00000000""],[""60835.96000000"",""0.00010000""],[""60837.16000000"",""0.00000000""],[""60838.43000000"",""0.00010000""],[""60840.90000000"",""0.00000000""],[""78314.03000000"",""0.00000000""]]}"""
1780792020|27892000|binance|depth|0|0|499|BTCUSDT|"""{""lastUpdateId"":95220204596,""bids"":[[""60813.00000000"",""0.13425000""],[""60812.99000000"",""0.00107000""],[""60812.98000000"",""0.00017000""],[""60812.00000000"",""0.00618000""],[""60811.92000000"",""0.00595000""]],""asks"":[[""60813.01000000"",""4.59908000""],[""60813.02000000"",""0.13190000""],[""60813.03000000"",""0.00017000""],[""60813.05000000"",""0.04026000""],[""60813.74000000"",""0.00009000""]]}"""
1780792020|27900000|binance|depth|0|0|500|BTCUSDT|"""{""e"":""depthUpdate"",""E"":1780791940014,""s"":""BTCUSDT"",""U"":95220204583,""u"":95220204596,""b"":[[""60813.00000000"",""0.13425000""],[""60802.48000000"",""0.00009000""],[""54731.70000000"",""0.00510000""],[""54731.00000000"",""0.00548000""],[""48650.40000000"",""0.00041000""]],""a"":[[""60814.44000000"",""0.00419000""],[""60815.53000000"",""0.00895000""],[""60826.82000000"",""0.00009000""],[""60855.27000000"",""0.30302000""]]}"""
1780792020|27918000|binance|depth|0|0|501|BTCUSDT|"""{""lastUpdateId"":95220204615,""bids"":[[""60813.00000000"",""0.13635000""],[""60812.99000000"",""0.00107000""],[""60812.98000000"",""0.00017000""],[""60812.00000000"",""0.00618000""],[""60811.92000000"",""0.00595000""]],""asks"":[[""60813.01000000"",""4.59917000""],[""60813.02000000"",""0.13190000""],[""60813.03000000"",""0.00017000""],[""60813.05000000"",""0.04026000""],[""60813.74000000"",""0.00009000""]]}"""
1780792020|27926000|binance|depth|0|0|502|BTCUSDT|"""{""e"":""depthUpdate"",""E"":1780791940114,""s"":""BTCUSDT"",""U"":95220204597,""u"":95220204615,""b"":[[""60813.00000000"",""0.13635000""],[""54731.70000000"",""0.00510000""]],""a"":[[""60813.01000000"",""4.59917000""],[""78850.01000000"",""0.00000000""]]}"""
1780792020|27929000|binance|depth|0|0|503|BTCUSDT|"""{""lastUpdateId"":95220204629,""bids"":[[""60813.00000000"",""0.13645000""],[""60812.99000000"",""0.00107000""],[""60812.98000000"",""0.00017000""],[""60812.00000000"",""0.00618000""],[""60811.92000000"",""0.00595000""]],""asks"":[[""60813.01000000"",""4.59917000""],[""60813.02000000"",""0.13190000""],[""60813.03000000"",""0.00017000""],[""60813.05000000"",""0.04026000""],[""60813.74000000"",""0.00009000""]]}"""
1780792020|27936000|binance|depth|0|0|504|BTCUSDT|"""{""e"":""depthUpdate"",""E"":1780791940214,""s"":""BTCUSDT"",""U"":95220204616,""u"":95220204629,""b"":[[""60813.00000000"",""0.13645000""],[""60803.47000000"",""0.00000000""],[""60796.44000000"",""0.02000000""],[""60792.96000000"",""0.28424000""],[""60790.33000000"",""0.00000000""],[""54731.70000000"",""0.00510000""],[""48650.40000000"",""0.00000000""]],""a"":[[""60813.01000000"",""4.59917000""],[""60825.61000000"",""0.00000000""],[""79178.22000000"",""0.00000000""]]}"""
1780792020|27941000|binance|depth|0|0|505|BTCUSDT|"""{""lastUpdateId"":95220204641,""bids"":[[""60813.00000000"",""0.13645000""],[""60812.99000000"",""0.00107000""],[""60812.98000000"",""0.00017000""],[""60812.00000000"",""0.00618000""],[""60811.92000000"",""0.00595000""]],""asks"":[[""60813.01000000"",""4.59917000""],[""60813.02000000"",""0.13190000""],[""60813.03000000"",""0.00017000""],[""60813.05000000"",""0.04026000""],[""60813.74000000"",""0.00009000""]]}"""
1780792020|27948000|binance|depth|0|0|506|BTCUSDT|"""{""e"":""depthUpdate"",""E"":1780791940314,""s"":""BTCUSDT"",""U"":95220204630,""u"":95220204641,""b"":[[""60792.74000000"",""0.00000000""],[""60792.62000000"",""0.00200000""],[""60791.94000000"",""0.01541000""],[""60784.71000000"",""0.01541000""],[""59834.61000000"",""0.00000000""],[""54731.70000000"",""0.00510000""]],""a"":[[""60829.11000000"",""0.00200000""],[""60829.23000000"",""0.00013000""]]}"""
1780792020|27952000|binance|depth|0|0|507|BTCUSDT|"""{""lastUpdateId"":95220204665,""bids"":[[""60813.00000000"",""0.13435000""],[""60812.99000000"",""0.00107000""],[""60812.98000000"",""0.00017000""],[""60812.00000000"",""0.00618000""],[""60811.92000000"",""0.00595000""]],""asks"":[[""60813.01000000"",""4.59917000""],[""60813.02000000"",""0.13190000""],[""60813.03000000"",""0.00017000""],[""60813.05000000"",""0.04026000""],[""60813.74000000"",""0.00009000""]]}"""
1780792020|27959000|binance|depth|0|0|508|BTCUSDT|"""{""e"":""depthUpdate"",""E"":1780791940414,""s"":""BTCUSDT"",""U"":95220204642,""u"":95220204665,""b"":[[""60813.00000000"",""0.13435000""],[""60796.50000000"",""0.02200000""],[""60788.82000000"",""0.01645000""],[""60786.05000000"",""0.00200000""],[""60783.15000000"",""0.00000000""],[""54731.70000000"",""0.00510000""],[""54731.00000000"",""0.00558000""]],""a"":[[""60813.01000000"",""4.59917000""],[""60831.80000000"",""0.00000000""],[""60834.71000000"",""0.00200000""],[""77799.46000000"",""0.00019000""],[""79248.24000000"",""0.00000000""]]}"""
1780792020|27964000|binance|depth|0|0|509|BTCUSDT|"""{""lastUpdateId"":95220204680,""bids"":[[""60813.00000000"",""0.13435000""],[""60812.99000000"",""0.00107000""],[""60812.98000000"",""0.00017000""],[""60812.00000000"",""0.00618000""],[""60811.92000000"",""0.00595000""]],""asks"":[[""60813.01000000"",""4.59917000""],[""60813.02000000"",""0.13190000""],[""60813.03000000"",""0.00017000""],[""60813.05000000"",""0.04026000""],[""60813.74000000"",""0.00009000""]]}"""
1780792020|27977000|binance|depth|0|0|510|BTCUSDT|"""{""e"":""depthUpdate"",""E"":1780791940514,""s"":""BTCUSDT"",""U"":95220204666,""u"":95220204680,""b"":[[""60799.22000000"",""0.19881000""],[""60798.53000000"",""0.00000000""],[""60797.48000000"",""0.12982000""],[""60795.09000000"",""0.82255000""],[""60791.51000000"",""0.00000000""],[""60790.38000000"",""0.00000000""],[""54731.70000000"",""0.00490000""],[""54731.00000000"",""0.00548000""],[""48650.40000000"",""0.00041000""]],""a"":[[""60813.01000000"",""4.59917000""]]}"""
1780792020|27981000|binance|depth|0|0|511|BTCUSDT|"""{""lastUpdateId"":95220204697,""bids"":[[""60813.00000000"",""0.13435000""],[""60812.99000000"",""0.00107000""],[""60812.98000000"",""0.00017000""],[""60812.00000000"",""0.00618000""],[""60811.92000000"",""0.00595000""]],""asks"":[[""60813.01000000"",""4.59917000""],[""60813.02000000"",""0.13190000""],[""60813.03000000"",""0.00017000""],[""60813.05000000"",""0.04026000""],[""60813.74000000"",""0.00009000""]]}"""
1780792020|27988000|binance|depth|0|0|512|BTCUSDT|"""{""e"":""depthUpdate"",""E"":1780791940614,""s"":""BTCUSDT"",""U"":95220204681,""u"":95220204697,""b"":[[""60792.62000000"",""0.00000000""],[""60792.39000000"",""0.00200000""],[""60786.41000000"",""0.00000000""],[""60786.24000000"",""0.00200000""],[""54731.70000000"",""0.00490000""],[""48650.40000000"",""0.00000000""]],""a"":[[""60813.01000000"",""4.59917000""],[""60828.89000000"",""0.00200000""],[""60829.11000000"",""0.00000000""],[""60831.11000000"",""0.32900000""],[""60834.90000000"",""0.00200000""],[""60835.07000000"",""0.00000000""],[""79688.63000000"",""0.00000000""]]}"""
1780792020|27993000|binance|depth|0|0|513|BTCUSDT|"""{""lastUpdateId"":95220204705,""bids"":[[""60813.00000000"",""0.13435000""],[""60812.99000000"",""0.00107000""],[""60812.98000000"",""0.00017000""],[""60812.00000000"",""0.00618000""],[""60811.92000000"",""0.00595000""]],""asks"":[[""60813.01000000"",""4.74226000""],[""60813.02000000"",""0.13190000""],[""60813.03000000"",""0.00017000""],[""60813.05000000"",""0.04026000""],[""60813.74000000"",""0.00009000""]]}"""
1780792020|28000000|binance|depth|0|0|514|BTCUSDT|"""{""e"":""depthUpdate"",""E"":1780791940714,""s"":""BTCUSDT"",""U"":95220204698,""u"":95220204705,""b"":[[""54731.70000000"",""0.00490000""]],""a"":[[""60813.01000000"",""4.74226000""],[""60909.05000000"",""0.06996000""],[""60931.27000000"",""0.00000000""],[""80182.29000000"",""0.00000000""]]}"""
1780792020|28003000|binance|depth|0|0|515|BTCUSDT|"""{""e"":""trade"",""E"":1780791940808,""s"":""BTCUSDT"",""t"":6380215456,""p"":""60813.01000000"",""q"":""0.00386000"",""T"":1780791940807,""m"":false,""M"":true}"""
1780792020|28006000|binance|depth|0|0|516|BTCUSDT|"""{""lastUpdateId"":95220204718,""bids"":[[""60813.00000000"",""0.13635000""],[""60812.99000000"",""0.00107000""],[""60812.98000000"",""0.00017000""],[""60812.00000000"",""0.00618000""],[""60811.92000000"",""0.00595000""]],""asks"":[[""60813.01000000"",""4.59531000""],[""60813.02000000"",""0.13190000""],[""60813.03000000"",""0.00017000""],[""60813.05000000"",""0.04026000""],[""60813.74000000"",""0.00009000""]]}"""
1780792020|28014000|binance|depth|0|0|517|BTCUSDT|"""{""e"":""depthUpdate"",""E"":1780791940814,""s"":""BTCUSDT"",""U"":95220204706,""u"":95220204718,""b"":[[""60813.00000000"",""0.13635000""],[""54731.70000000"",""0.00510000""],[""48650.40000000"",""0.00040000""]],""a"":[[""60813.01000000"",""4.59531000""]]}"""
1780792020|28017000|binance|depth|0|0|518|BTCUSDT|"""{""lastUpdateId"":95220204732,""bids"":[[""60813.00000000"",""0.13435000""],[""60812.99000000"",""0.00107000""],[""60812.98000000"",""0.00017000""],[""60812.00000000"",""0.00618000""],[""60811.92000000"",""0.00595000""]],""asks"":[[""60813.01000000"",""4.73840000""],[""60813.02000000"",""0.13190000""],[""60813.03000000"",""0.00017000""],[""60813.05000000"",""0.04026000""],[""60813.74000000"",""0.00009000""]]}"""
1780792020|28025000|binance|depth|0|0|519|BTCUSDT|"""{""e"":""depthUpdate"",""E"":1780791940914,""s"":""BTCUSDT"",""U"":95220204719,""u"":95220204732,""b"":[[""60813.00000000"",""0.13435000""],[""54731.70000000"",""0.00510000""],[""48650.40000000"",""0.00000000""]],""a"":[[""60813.01000000"",""4.73840000""],[""81373.66000000"",""0.00000000""]]}"""
1780792020|28034000|binance|depth|0|0|520|BTCUSDT|"""{""lastUpdateId"":95220204766,""bids"":[[""60813.00000000"",""0.13435000""],[""60812.99000000"",""0.00107000""],[""60812.98000000"",""0.00017000""],[""60812.00000000"",""0.00618000""],[""60811.92000000"",""0.00595000""]],""asks"":[[""60813.01000000"",""4.59512000""],[""60813.02000000"",""0.13190000""],[""60813.03000000"",""0.00017000""],[""60813.05000000"",""0.04026000""],[""60813.74000000"",""0.00009000""]]}"""
1780792020|28042000|binance|depth|0|0|521|BTCUSDT|"""{""e"":""depthUpdate"",""E"":1780791941015,""s"":""BTCUSDT"",""U"":95220204733,""u"":95220204766,""b"":[[""60803.48000000"",""0.00000000""],[""60802.48000000"",""0.00000000""],[""60802.29000000"",""0.00010000""],[""60800.84000000"",""1.57870000""],[""60800.01000000"",""0.00010000""],[""60799.35000000"",""0.00009000""],[""60799.23000000"",""0.00010000""],[""60797.49000000"",""0.00010000""],[""60793.34000000"",""0.00000000""],[""60790.89000000"",""0.00000000""],[""60787.45000000"",""0.00400000""],[""60787.44000000"",""0.00000000""],[""60780.65000000"",""1.71441000""],[""60714.61000000"",""0.02576000""],[""60709.02000000"",""0.00000000""],[""54731.70000000"",""0.00510000""],[""48650.40000000"",""0.00041000""],[""42569.10000000"",""0.00000000""]],""a"":[[""60813.01000000"",""4.59512000""],[""60818.31000000"",""0.10217000""],[""60819.09000000"",""0.00000000""],[""60821.30000000"",""0.00010000""],[""60821.36000000"",""0.16466000""],[""60826.82000000"",""0.00000000""],[""60830.98000000"",""0.00400000""],[""60831.14000000"",""0.00000000""],[""60835.96000000"",""0.00000000""],[""60838.43000000"",""0.00000000""]]}"""
1780792020|28050000|binance|depth|0|0|522|BTCUSDT|"""{""lastUpdateId"":95220204777,""bids"":[[""60813.00000000"",""0.13635000""],[""60812.99000000"",""0.00107000""],[""60812.98000000"",""0.00017000""],[""60812.00000000"",""0.00618000""],[""60811.92000000"",""0.00595000""]],""asks"":[[""60813.01000000"",""4.59531000""],[""60813.02000000"",""0.13190000""],[""60813.03000000"",""0.00017000""],[""60813.05000000"",""0.04026000""],[""60813.74000000"",""0.00009000""]]}"""
1780792020|28057000|binance|depth|0|0|523|BTCUSDT|"""{""e"":""depthUpdate"",""E"":1780791941114,""s"":""BTCUSDT"",""U"":95220204767,""u"":95220204777,""b"":[[""60813.00000000"",""0.13635000""],[""60802.48000000"",""0.00009000""],[""54731.70000000"",""0.00510000""]],""a"":[[""60813.01000000"",""4.59531000""],[""60826.82000000"",""0.00009000""],[""62744.75000000"",""0.00000000""],[""81537.94000000"",""0.00000000""]]}"""
1780792020|28061000|binance|depth|0|0|524|BTCUSDT|"""{""lastUpdateId"":95220204796,""bids"":[[""60813.00000000"",""0.13645000""],[""60812.99000000"",""0.00107000""],[""60812.98000000"",""0.00017000""],[""60812.00000000"",""0.00618000""],[""60811.92000000"",""0.00595000""]],""asks"":[[""60813.01000000"",""4.73840000""],[""60813.02000000"",""0.13190000""],[""60813.03000000"",""0.00017000""],[""60813.04000000"",""0.00009000""],[""60813.05000000"",""0.04026000""]]}"""
1780792020|28068000|binance|depth|0|0|525|BTCUSDT|"""{""e"":""depthUpdate"",""E"":1780791941214,""s"":""BTCUSDT"",""U"":95220204778,""u"":95220204796,""b"":[[""60813.00000000"",""0.13645000""],[""60786.24000000"",""0.00000000""],[""60785.96000000"",""0.00200000""],[""60731.13000000"",""0.00000000""],[""60727.54000000"",""0.00749000""],[""60656.95000000"",""0.02575000""],[""54731.70000000"",""0.00510000""],[""48650.40000000"",""0.00000000""]],""a"":[[""60813.01000000"",""4.73840000""],[""60813.04000000"",""0.00009000""],[""60834.61000000"",""0.00200000""],[""60834.90000000"",""0.00000000""],[""85069.31000000"",""0.00000000""]]}"""
1780792020|28073000|binance|depth|0|0|526|BTCUSDT|"""{""lastUpdateId"":95220204805,""bids"":[[""60813.00000000"",""0.13645000""],[""60812.99000000"",""0.00107000""],[""60812.98000000"",""0.00017000""],[""60812.00000000"",""0.00618000""],[""60811.92000000"",""0.00595000""]],""asks"":[[""60813.01000000"",""4.59531000""],[""60813.02000000"",""0.13190000""],[""60813.03000000"",""0.00017000""],[""60813.04000000"",""0.00009000""],[""60813.05000000"",""0.04026000""]]}"""
1780792020|28088000|binance|depth|0|0|527|BTCUSDT|"""{""e"":""depthUpdate"",""E"":1780791941314,""s"":""BTCUSDT"",""U"":95220204797,""u"":95220204805,""b"":[[""60674.92000000"",""0.09888000""],[""60400.00000000"",""5.84934000""],[""54731.70000000"",""0.00510000""],[""48650.00000000"",""0.23347000""]],""a"":[[""60813.01000000"",""4.59531000""]]}"""
1780792020|28091000|binance|depth|0|0|528|BTCUSDT|"""{""lastUpdateId"":95220204811,""bids"":[[""60813.00000000"",""0.13645000""],[""60812.99000000"",""0.00107000""],[""60812.98000000"",""0.00017000""],[""60812.00000000"",""0.00618000""],[""60811.92000000"",""0.00595000""]],""asks"":[[""60813.01000000"",""4.59531000""],[""60813.02000000"",""0.13190000""],[""60813.03000000"",""0.00017000""],[""60813.04000000"",""0.00009000""],[""60813.05000000"",""0.04026000""]]}"""
1780792020|28099000|binance|depth|0|0|529|BTCUSDT|"""{""e"":""depthUpdate"",""E"":1780791941414,""s"":""BTCUSDT"",""U"":95220204806,""u"":95220204811,""b"":[[""54731.70000000"",""0.00510000""]],""a"":[[""62249.40000000"",""0.00040000""],[""85805.22000000"",""0.00000000""]]}"""
1780792020|28102000|binance|depth|0|0|530|BTCUSDT|"""{""lastUpdateId"":95220204823,""bids"":[[""60813.00000000"",""0.13645000""],[""60812.99000000"",""0.00107000""],[""60812.98000000"",""0.00017000""],[""60812.00000000"",""0.00618000""],[""60811.92000000"",""0.00595000""]],""asks"":[[""60813.01000000"",""4.59531000""],[""60813.02000000"",""0.13190000""],[""60813.03000000"",""0.00017000""],[""60813.04000000"",""0.00009000""],[""60813.05000000"",""0.04026000""]]}"""
1780792020|28110000|binance|depth|0|0|531|BTCUSDT|"""{""e"":""depthUpdate"",""E"":1780791941514,""s"":""BTCUSDT"",""U"":95220204812,""u"":95220204823,""b"":[[""55964.61000000"",""0.00018000""],[""54731.70000000"",""0.00510000""],[""48650.40000000"",""0.00041000""]],""a"":[[""60813.01000000"",""4.59531000""],[""60828.01000000"",""0.01645000""],[""60876.57000000"",""0.01507000""],[""60895.83000000"",""0.00000000""],[""60951.08000000"",""0.09658000""]]}"""
1780792020|28114000|binance|depth|0|0|532|BTCUSDT|"""{""e"":""trade"",""E"":1780791941541,""s"":""BTCUSDT"",""t"":6380215457,""p"":""60813.01000000"",""q"":""0.00016000"",""T"":1780791941541,""m"":false,""M"":true}"""
1780792020|28116000|binance|depth|0|0|533|BTCUSDT|"""{""lastUpdateId"":95220204834,""bids"":[[""60813.00000000"",""0.13645000""],[""60812.99000000"",""0.00107000""],[""60812.98000000"",""0.00017000""],[""60812.00000000"",""0.00618000""],[""60811.92000000"",""0.00595000""]],""asks"":[[""60813.01000000"",""4.73824000""],[""60813.02000000"",""0.13190000""],[""60813.03000000"",""0.00017000""],[""60813.04000000"",""0.00009000""],[""60813.05000000"",""0.04026000""]]}"""
1780792020|28129000|binance|depth|0|0|534|BTCUSDT|"""{""e"":""depthUpdate"",""E"":1780791941614,""s"":""BTCUSDT"",""U"":95220204824,""u"":95220204834,""b"":[[""54731.70000000"",""0.00510000""],[""54731.00000000"",""0.00548000""],[""48650.40000000"",""0.00000000""],[""33000.00000000"",""31.14184000""]],""a"":[[""60813.01000000"",""4.73824000""],[""86293.87000000"",""0.00000000""]]}"""
1780792020|28133000|binance|depth|0|0|535|BTCUSDT|"""{""lastUpdateId"":95220204840,""bids"":[[""60813.00000000"",""0.13645000""],[""60812.99000000"",""0.00107000""],[""60812.98000000"",""0.00017000""],[""60812.00000000"",""0.00618000""],[""60811.92000000"",""0.00595000""]],""asks"":[[""60813.01000000"",""4.73824000""],[""60813.02000000"",""0.13190000""],[""60813.03000000"",""0.00017000""],[""60813.04000000"",""0.00009000""],[""60813.05000000"",""0.04026000""]]}"""
1780792020|28140000|binance|depth|0|0|536|BTCUSDT|"""{""e"":""depthUpdate"",""E"":1780791941714,""s"":""BTCUSDT"",""U"":95220204835,""u"":95220204840,""b"":[[""54731.70000000"",""0.00510000""],[""33000.00000000"",""31.14124000""]],""a"":[[""86782.52000000"",""0.00000000""]]}"""
1780792020|28149000|binance|depth|0|0|537|BTCUSDT|"""{""e"":""trade"",""E"":1780791941748,""s"":""BTCUSDT"",""t"":6380215458,""p"":""60813.01000000"",""q"":""0.00012000"",""T"":1780791941748,""m"":false,""M"":true}"""
1780792020|28152000|binance|depth|0|0|538|BTCUSDT|"""{""e"":""trade"",""E"":1780791941781,""s"":""BTCUSDT"",""t"":6380215459,""p"":""60813.00000000"",""q"":""0.00011000"",""T"":1780791941780,""m"":true,""M"":true}"""
1780792020|28154000|binance|depth|0|0|539|BTCUSDT|"""{""e"":""trade"",""E"":1780791941782,""s"":""BTCUSDT"",""t"":6380215460,""p"":""60813.00000000"",""q"":""0.11242000"",""T"":1780791941780,""m"":true,""M"":true}"""
1780792020|28156000|binance|depth|0|0|540|BTCUSDT|"""{""e"":""trade"",""E"":1780791941782,""s"":""BTCUSDT"",""t"":6380215461,""p"":""60813.00000000"",""q"":""0.00009000"",""T"":1780791941780,""m"":true,""M"":true}"""
1780792020|28159000|binance|depth|0|0|541|BTCUSDT|"""{""e"":""trade"",""E"":1780791941782,""s"":""BTCUSDT"",""t"":6380215462,""p"":""60813.00000000"",""q"":""0.00009000"",""T"":1780791941780,""m"":true,""M"":true}"""
1780792020|28161000|binance|depth|0|0|542|BTCUSDT|"""{""e"":""trade"",""E"":1780791941782,""s"":""BTCUSDT"",""t"":6380215463,""p"":""60813.00000000"",""q"":""0.00009000"",""T"":1780791941780,""m"":true,""M"":true}"""
1780792020|28163000|binance|depth|0|0|543|BTCUSDT|"""{""e"":""trade"",""E"":1780791941782,""s"":""BTCUSDT"",""t"":6380215464,""p"":""60813.00000000"",""q"":""0.00009000"",""T"":1780791941780,""m"":true,""M"":true}"""
1780792020|28166000|binance|depth|0|0|544|BTCUSDT|"""{""e"":""trade"",""E"":1780791941782,""s"":""BTCUSDT"",""t"":6380215465,""p"":""60813.00000000"",""q"":""0.00009000"",""T"":1780791941780,""m"":true,""M"":true}"""
1780792020|28168000|binance|depth|0|0|545|BTCUSDT|"""{""e"":""trade"",""E"":1780791941782,""s"":""BTCUSDT"",""t"":6380215466,""p"":""60813.00000000"",""q"":""0.00009000"",""T"":1780791941780,""m"":true,""M"":true}"""
1780792020|28170000|binance|depth|0|0|546|BTCUSDT|"""{""e"":""trade"",""E"":1780791941782,""s"":""BTCUSDT"",""t"":6380215467,""p"":""60813.00000000"",""q"":""0.00009000"",""T"":1780791941780,""m"":true,""M"":true}"""
1780792020|28172000|binance|depth|0|0|547|BTCUSDT|"""{""e"":""trade"",""E"":1780791941782,""s"":""BTCUSDT"",""t"":6380215468,""p"":""60813.00000000"",""q"":""0.00009000"",""T"":1780791941780,""m"":true,""M"":true}"""
1780792020|28175000|binance|depth|0|0|548|BTCUSDT|"""{""e"":""trade"",""E"":1780791941782,""s"":""BTCUSDT"",""t"":6380215469,""p"":""60813.00000000"",""q"":""0.00009000"",""T"":1780791941780,""m"":true,""M"":true}"""
1780792020|28177000|binance|depth|0|0|549|BTCUSDT|"""{""e"":""trade"",""E"":1780791941782,""s"":""BTCUSDT"",""t"":6380215470,""p"":""60813.00000000"",""q"":""0.00009000"",""T"":1780791941780,""m"":true,""M"":true}"""
1780792020|28179000|binance|depth|0|0|550|BTCUSDT|"""{""e"":""trade"",""E"":1780791941782,""s"":""BTCUSDT"",""t"":6380215471,""p"":""60813.00000000"",""q"":""0.00010000"",""T"":1780791941780,""m"":true,""M"":true}"""
1780792020|28182000|binance|depth|0|0|551|BTCUSDT|"""{""e"":""trade"",""E"":1780791941782,""s"":""BTCUSDT"",""t"":6380215472,""p"":""60813.00000000"",""q"":""0.00009000"",""T"":1780791941780,""m"":true,""M"":true}"""
1780792020|28184000|binance|depth|0|0|552|BTCUSDT|"""{""e"":""trade"",""E"":1780791941782,""s"":""BTCUSDT"",""t"":6380215473,""p"":""60813.00000000"",""q"":""0.00009000"",""T"":1780791941780,""m"":true,""M"":true}"""
1780792020|28186000|binance|depth|0|0|553|BTCUSDT|"""{""e"":""trade"",""E"":1780791941782,""s"":""BTCUSDT"",""t"":6380215474,""p"":""60813.00000000"",""q"":""0.00009000"",""T"":1780791941780,""m"":true,""M"":true}"""
1780792020|28188000|binance|depth|0|0|554|BTCUSDT|"""{""e"":""trade"",""E"":1780791941782,""s"":""BTCUSDT"",""t"":6380215475,""p"":""60813.00000000"",""q"":""0.00009000"",""T"":1780791941780,""m"":true,""M"":true}"""
1780792020|28190000|binance|depth|0|0|555|BTCUSDT|"""{""e"":""trade"",""E"":1780791941782,""s"":""BTCUSDT"",""t"":6380215476,""p"":""60813.00000000"",""q"":""0.00009000"",""T"":1780791941780,""m"":true,""M"":true}"""
1780792020|28198000|binance|depth|0|0|556|BTCUSDT|"""{""e"":""trade"",""E"":1780791941782,""s"":""BTCUSDT"",""t"":6380215477,""p"":""60813.00000000"",""q"":""0.01580000"",""T"":1780791941780,""m"":true,""M"":true}"""
1780792020|28201000|binance|depth|0|0|557|BTCUSDT|"""{""e"":""trade"",""E"":1780791941782,""s"":""BTCUSDT"",""t"":6380215478,""p"":""60813.00000000"",""q"":""0.00009000"",""T"":1780791941780,""m"":true,""M"":true}"""
1780792020|28203000|binance|depth|0|0|558|BTCUSDT|"""{""e"":""trade"",""E"":1780791941782,""s"":""BTCUSDT"",""t"":6380215479,""p"":""60813.00000000"",""q"":""0.00087000"",""T"":1780791941780,""m"":true,""M"":true}"""
1780792020|28205000|binance|depth|0|0|559|BTCUSDT|"""{""e"":""trade"",""E"":1780791941782,""s"":""BTCUSDT"",""t"":6380215480,""p"":""60813.00000000"",""q"":""0.00009000"",""T"":1780791941780,""m"":true,""M"":true}"""
1780792020|28207000|binance|depth|0|0|560|BTCUSDT|"""{""e"":""trade"",""E"":1780791941782,""s"":""BTCUSDT"",""t"":6380215481,""p"":""60813.00000000"",""q"":""0.00009000"",""T"":1780791941780,""m"":true,""M"":true}"""
1780792020|28209000|binance|depth|0|0|561|BTCUSDT|"""{""e"":""trade"",""E"":1780791941782,""s"":""BTCUSDT"",""t"":6380215482,""p"":""60813.00000000"",""q"":""0.00009000"",""T"":1780791941780,""m"":true,""M"":true}"""
1780792020|28212000|binance|depth|0|0|562|BTCUSDT|"""{""e"":""trade"",""E"":1780791941782,""s"":""BTCUSDT"",""t"":6380215483,""p"":""60813.00000000"",""q"":""0.00152000"",""T"":1780791941780,""m"":true,""M"":true}"""
1780792020|28214000|binance|depth|0|0|563|BTCUSDT|"""{""e"":""trade"",""E"":1780791941782,""s"":""BTCUSDT"",""t"":6380215484,""p"":""60813.00000000"",""q"":""0.00135000"",""T"":1780791941780,""m"":true,""M"":true}"""
1780792020|28216000|binance|depth|0|0|564|BTCUSDT|"""{""e"":""trade"",""E"":1780791941782,""s"":""BTCUSDT"",""t"":6380215485,""p"":""60813.00000000"",""q"":""0.00010000"",""T"":1780791941780,""m"":true,""M"":true}"""
1780792020|28218000|binance|depth|0|0|565|BTCUSDT|"""{""e"":""trade"",""E"":1780791941782,""s"":""BTCUSDT"",""t"":6380215486,""p"":""60813.00000000"",""q"":""0.00017000"",""T"":1780791941780,""m"":true,""M"":true}"""
1780792020|28221000|binance|depth|0|0|566|BTCUSDT|"""{""e"":""trade"",""E"":1780791941782,""s"":""BTCUSDT"",""t"":6380215487,""p"":""60813.00000000"",""q"":""0.00010000"",""T"":1780791941780,""m"":true,""M"":true}"""
1780792020|28223000|binance|depth|0|0|567|BTCUSDT|"""{""e"":""trade"",""E"":1780791941782,""s"":""BTCUSDT"",""t"":6380215488,""p"":""60813.00000000"",""q"":""0.00010000"",""T"":1780791941780,""m"":true,""M"":true}"""
1780792020|28225000|binance|depth|0|0|568|BTCUSDT|"""{""e"":""trade"",""E"":1780791941782,""s"":""BTCUSDT"",""t"":6380215489,""p"":""60813.00000000"",""q"":""0.00009000"",""T"":1780791941780,""m"":true,""M"":true}"""
1780792020|28227000|binance|depth|0|0|569|BTCUSDT|"""{""e"":""trade"",""E"":1780791941782,""s"":""BTCUSDT"",""t"":6380215490,""p"":""60812.99000000"",""q"":""0.00009000"",""T"":1780791941780,""m"":true,""M"":true}"""
1780792020|28229000|binance|depth|0|0|570|BTCUSDT|"""{""e"":""trade"",""E"":1780791941782,""s"":""BTCUSDT"",""t"":6380215491,""p"":""60812.99000000"",""q"":""0.00009000"",""T"":1780791941780,""m"":true,""M"":true}"""
1780792020|28231000|binance|depth|0|0|571|BTCUSDT|"""{""e"":""trade"",""E"":1780791941782,""s"":""BTCUSDT"",""t"":6380215492,""p"":""60812.99000000"",""q"":""0.00009000"",""T"":1780791941780,""m"":true,""M"":true}"""
1780792020|28234000|binance|depth|0|0|572|BTCUSDT|"""{""e"":""trade"",""E"":1780791941782,""s"":""BTCUSDT"",""t"":6380215493,""p"":""60812.99000000"",""q"":""0.00009000"",""T"":1780791941780,""m"":true,""M"":true}"""
1780792020|28236000|binance|depth|0|0|573|BTCUSDT|"""{""e"":""trade"",""E"":1780791941782,""s"":""BTCUSDT"",""t"":6380215494,""p"":""60812.99000000"",""q"":""0.00009000"",""T"":1780791941780,""m"":true,""M"":true}"""
1780792020|28238000|binance|depth|0|0|574|BTCUSDT|"""{""e"":""trade"",""E"":1780791941782,""s"":""BTCUSDT"",""t"":6380215495,""p"":""60812.99000000"",""q"":""0.00009000"",""T"":1780791941780,""m"":true,""M"":true}"""
1780792020|28246000|binance|depth|0|0|575|BTCUSDT|"""{""e"":""trade"",""E"":1780791941782,""s"":""BTCUSDT"",""t"":6380215496,""p"":""60812.99000000"",""q"":""0.00009000"",""T"":1780791941780,""m"":true,""M"":true}"""
1780792020|28248000|binance|depth|0|0|576|BTCUSDT|"""{""e"":""trade"",""E"":1780791941782,""s"":""BTCUSDT"",""t"":6380215497,""p"":""60812.99000000"",""q"":""0.00009000"",""T"":1780791941780,""m"":true,""M"":true}"""
1780792020|28250000|binance|depth|0|0|577|BTCUSDT|"""{""e"":""trade"",""E"":1780791941782,""s"":""BTCUSDT"",""t"":6380215498,""p"":""60812.99000000"",""q"":""0.00009000"",""T"":1780791941780,""m"":true,""M"":true}"""
1780792020|28253000|binance|depth|0|0|578|BTCUSDT|"""{""e"":""trade"",""E"":1780791941782,""s"":""BTCUSDT"",""t"":6380215499,""p"":""60812.99000000"",""q"":""0.00009000"",""T"":1780791941780,""m"":true,""M"":true}"""
1780792020|28255000|binance|depth|0|0|579|BTCUSDT|"""{""e"":""trade"",""E"":1780791941782,""s"":""BTCUSDT"",""t"":6380215500,""p"":""60812.99000000"",""q"":""0.00017000"",""T"":1780791941780,""m"":true,""M"":true}"""
1780792020|28257000|binance|depth|0|0|580|BTCUSDT|"""{""e"":""trade"",""E"":1780791941782,""s"":""BTCUSDT"",""t"":6380215501,""p"":""60812.98000000"",""q"":""0.00017000"",""T"":1780791941780,""m"":true,""M"":true}"""
1780792020|28259000|binance|depth|0|0|581|BTCUSDT|"""{""e"":""trade"",""E"":1780791941785,""s"":""BTCUSDT"",""t"":6380215502,""p"":""60812.00000000"",""q"":""0.00600000"",""T"":1780791941782,""m"":true,""M"":true}"""
1780792020|28261000|binance|depth|0|0|582|BTCUSDT|"""{""e"":""trade"",""E"":1780791941785,""s"":""BTCUSDT"",""t"":6380215503,""p"":""60812.00000000"",""q"":""0.00009000"",""T"":1780791941782,""m"":true,""M"":true}"""
1780792020|28264000|binance|depth|0|0|583|BTCUSDT|"""{""e"":""trade"",""E"":1780791941785,""s"":""BTCUSDT"",""t"":6380215504,""p"":""60812.00000000"",""q"":""0.00009000"",""T"":1780791941782,""m"":true,""M"":true}"""
1780792020|28266000|binance|depth|0|0|584|BTCUSDT|"""{""e"":""trade"",""E"":1780791941785,""s"":""BTCUSDT"",""t"":6380215505,""p"":""60811.92000000"",""q"":""0.00568000"",""T"":1780791941782,""m"":true,""M"":true}"""
1780792020|28268000|binance|depth|0|0|585|BTCUSDT|"""{""e"":""trade"",""E"":1780791941785,""s"":""BTCUSDT"",""t"":6380215506,""p"":""60811.92000000"",""q"":""0.00009000"",""T"":1780791941782,""m"":true,""M"":true}"""
1780792020|28270000|binance|depth|0|0|586|BTCUSDT|"""{""e"":""trade"",""E"":1780791941785,""s"":""BTCUSDT"",""t"":6380215507,""p"":""60811.92000000"",""q"":""0.00009000"",""T"":1780791941782,""m"":true,""M"":true}"""
1780792020|28272000|binance|depth|0|0|587|BTCUSDT|"""{""e"":""trade"",""E"":1780791941804,""s"":""BTCUSDT"",""t"":6380215508,""p"":""60811.38000000"",""q"":""0.00009000"",""T"":1780791941793,""m"":true,""M"":true}"""
1780792020|28275000|binance|depth|0|0|588|BTCUSDT|"""{""e"":""trade"",""E"":1780791941804,""s"":""BTCUSDT"",""t"":6380215509,""p"":""60811.38000000"",""q"":""0.00009000"",""T"":1780791941793,""m"":true,""M"":true}"""
1780792020|28277000|binance|depth|0|0|589|BTCUSDT|"""{""e"":""trade"",""E"":1780791941804,""s"":""BTCUSDT"",""t"":6380215510,""p"":""60811.38000000"",""q"":""0.00009000"",""T"":1780791941793,""m"":true,""M"":true}"""
1780792020|28279000|binance|depth|0|0|590|BTCUSDT|"""{""e"":""trade"",""E"":1780791941804,""s"":""BTCUSDT"",""t"":6380215511,""p"":""60811.38000000"",""q"":""0.00009000"",""T"":1780791941793,""m"":true,""M"":true}"""
1780792020|28281000|binance|depth|0|0|591|BTCUSDT|"""{""e"":""trade"",""E"":1780791941804,""s"":""BTCUSDT"",""t"":6380215512,""p"":""60811.38000000"",""q"":""0.00009000"",""T"":1780791941793,""m"":true,""M"":true}"""
1780792020|28284000|binance|depth|0|0|592|BTCUSDT|"""{""e"":""trade"",""E"":1780791941804,""s"":""BTCUSDT"",""t"":6380215513,""p"":""60811.38000000"",""q"":""0.00009000"",""T"":1780791941793,""m"":true,""M"":true}"""
1780792020|28286000|binance|depth|0|0|593|BTCUSDT|"""{""e"":""trade"",""E"":1780791941804,""s"":""BTCUSDT"",""t"":6380215514,""p"":""60811.38000000"",""q"":""0.00009000"",""T"":1780791941793,""m"":true,""M"":true}"""
1780792020|28295000|binance|depth|0|0|594|BTCUSDT|"""{""e"":""trade"",""E"":1780791941804,""s"":""BTCUSDT"",""t"":6380215515,""p"":""60811.38000000"",""q"":""0.00009000"",""T"":1780791941793,""m"":true,""M"":true}"""
1780792020|28297000|binance|depth|0|0|595|BTCUSDT|"""{""e"":""trade"",""E"":1780791941804,""s"":""BTCUSDT"",""t"":6380215516,""p"":""60811.38000000"",""q"":""0.00009000"",""T"":1780791941793,""m"":true,""M"":true}"""
1780792020|28300000|binance|depth|0|0|596|BTCUSDT|"""{""e"":""trade"",""E"":1780791941804,""s"":""BTCUSDT"",""t"":6380215517,""p"":""60811.38000000"",""q"":""0.00009000"",""T"":1780791941793,""m"":true,""M"":true}"""
1780792020|28302000|binance|depth|0|0|597|BTCUSDT|"""{""e"":""trade"",""E"":1780791941804,""s"":""BTCUSDT"",""t"":6380215518,""p"":""60811.38000000"",""q"":""0.00009000"",""T"":1780791941793,""m"":true,""M"":true}"""
1780792020|28304000|binance|depth|0|0|598|BTCUSDT|"""{""e"":""trade"",""E"":1780791941804,""s"":""BTCUSDT"",""t"":6380215519,""p"":""60811.37000000"",""q"":""0.00009000"",""T"":1780791941793,""m"":true,""M"":true}"""
1780792020|28306000|binance|depth|0|0|599|BTCUSDT|"""{""e"":""trade"",""E"":1780791941804,""s"":""BTCUSDT"",""t"":6380215520,""p"":""60811.37000000"",""q"":""0.00009000"",""T"":1780791941793,""m"":true,""M"":true}"""
1780792020|28308000|binance|depth|0|0|600|BTCUSDT|"""{""e"":""trade"",""E"":1780791941804,""s"":""BTCUSDT"",""t"":6380215521,""p"":""60811.37000000"",""q"":""0.00009000"",""T"":1780791941793,""m"":true,""M"":true}"""
1780792020|28315000|binance|depth|0|0|601|BTCUSDT|"""{""e"":""trade"",""E"":1780791941804,""s"":""BTCUSDT"",""t"":6380215522,""p"":""60811.37000000"",""q"":""0.00009000"",""T"":1780791941793,""m"":true,""M"":true}"""
1780792020|28317000|binance|depth|0|0|602|BTCUSDT|"""{""e"":""trade"",""E"":1780791941804,""s"":""BTCUSDT"",""t"":6380215523,""p"":""60811.37000000"",""q"":""0.00009000"",""T"":1780791941793,""m"":true,""M"":true}"""
1780792020|28319000|binance|depth|0|0|603|BTCUSDT|"""{""e"":""trade"",""E"":1780791941804,""s"":""BTCUSDT"",""t"":6380215524,""p"":""60811.37000000"",""q"":""0.00009000"",""T"":1780791941793,""m"":true,""M"":true}"""
1780792020|28321000|binance|depth|0|0|604|BTCUSDT|"""{""e"":""trade"",""E"":1780791941804,""s"":""BTCUSDT"",""t"":6380215525,""p"":""60811.02000000"",""q"":""0.00010000"",""T"":1780791941793,""m"":true,""M"":true}"""
1780792020|28323000|binance|depth|0|0|605|BTCUSDT|"""{""e"":""trade"",""E"":1780791941804,""s"":""BTCUSDT"",""t"":6380215526,""p"":""60810.93000000"",""q"":""0.00009000"",""T"":1780791941793,""m"":true,""M"":true}"""
1780792020|28325000|binance|depth|0|0|606|BTCUSDT|"""{""e"":""trade"",""E"":1780791941804,""s"":""BTCUSDT"",""t"":6380215527,""p"":""60810.93000000"",""q"":""0.00009000"",""T"":1780791941793,""m"":true,""M"":true}"""
1780792020|28327000|binance|depth|0|0|607|BTCUSDT|"""{""e"":""trade"",""E"":1780791941804,""s"":""BTCUSDT"",""t"":6380215528,""p"":""60810.63000000"",""q"":""0.00009000"",""T"":1780791941793,""m"":true,""M"":true}"""
1780792020|28329000|binance|depth|0|0|608|BTCUSDT|"""{""e"":""trade"",""E"":1780791941804,""s"":""BTCUSDT"",""t"":6380215529,""p"":""60810.63000000"",""q"":""0.00009000"",""T"":1780791941793,""m"":true,""M"":true}"""
1780792020|28331000|binance|depth|0|0|609|BTCUSDT|"""{""e"":""trade"",""E"":1780791941804,""s"":""BTCUSDT"",""t"":6380215530,""p"":""60810.62000000"",""q"":""0.00010000"",""T"":1780791941793,""m"":true,""M"":true}"""
1780792020|28333000|binance|depth|0|0|610|BTCUSDT|"""{""e"":""trade"",""E"":1780791941804,""s"":""BTCUSDT"",""t"":6380215531,""p"":""60810.00000000"",""q"":""0.00600000"",""T"":1780791941793,""m"":true,""M"":true}"""
1780792020|28335000|binance|depth|0|0|611|BTCUSDT|"""{""e"":""trade"",""E"":1780791941804,""s"":""BTCUSDT"",""t"":6380215532,""p"":""60810.00000000"",""q"":""0.00009000"",""T"":1780791941793,""m"":true,""M"":true}"""
1780792020|28337000|binance|depth|0|0|612|BTCUSDT|"""{""e"":""trade"",""E"":1780791941804,""s"":""BTCUSDT"",""t"":6380215533,""p"":""60810.00000000"",""q"":""0.00009000"",""T"":1780791941793,""m"":true,""M"":true}"""
1780792020|28339000|binance|depth|0|0|613|BTCUSDT|"""{""e"":""trade"",""E"":1780791941804,""s"":""BTCUSDT"",""t"":6380215534,""p"":""60809.96000000"",""q"":""0.00009000"",""T"":1780791941793,""m"":true,""M"":true}"""
1780792020|28341000|binance|depth|0|0|614|BTCUSDT|"""{""e"":""trade"",""E"":1780791941804,""s"":""BTCUSDT"",""t"":6380215535,""p"":""60809.96000000"",""q"":""0.00009000"",""T"":1780791941793,""m"":true,""M"":true}"""
1780792020|28344000|binance|depth|0|0|615|BTCUSDT|"""{""e"":""trade"",""E"":1780791941804,""s"":""BTCUSDT"",""t"":6380215536,""p"":""60809.96000000"",""q"":""0.00009000"",""T"":1780791941793,""m"":true,""M"":true}"""
1780792020|28346000|binance|depth|0|0|616|BTCUSDT|"""{""lastUpdateId"":95220205733,""bids"":[[""60809.95000000"",""0.17249000""],[""60809.94000000"",""0.00064000""],[""60809.84000000"",""0.00020000""],[""60809.70000000"",""0.00011000""],[""60809.64000000"",""0.00009000""]],""asks"":[[""60809.96000000"",""4.92626000""],[""60809.97000000"",""0.00010000""],[""60810.00000000"",""0.05000000""],[""60811.03000000"",""2.94552000""],[""60811.38000000"",""0.36541000""]]}"""
1780792020|28415000|binance|depth|0|0|617|BTCUSDT|"""{""e"":""depthUpdate"",""E"":1780791941821,""s"":""BTCUSDT"",""U"":95220204841,""u"":95220205733,""b"":[[""60813.00000000"",""0.00000000""],[""60812.99000000"",""0.00000000""],[""60812.98000000"",""0.00000000""],[""60812.00000000"",""0.00000000""],[""60811.92000000"",""0.00000000""],[""60811.38000000"",""0.00000000""],[""60811.37000000"",""0.00000000""],[""60811.02000000"",""0.00000000""],[""60810.93000000"",""0.00000000""],[""60810.63000000"",""0.00000000""],[""60810.62000000"",""0.00000000""],[""60810.31000000"",""0.00000000""],[""60810.00000000"",""0.00000000""],[""60809.96000000"",""0.00000000""],[""60809.95000000"",""0.17249000""],[""60809.94000000"",""0.00064000""],[""60809.20000000"",""0.00000000""],[""60809.17000000"",""0.00010000""],[""60809.16000000"",""0.00036000""],[""60808.65000000"",""0.00018000""],[""60808.64000000"",""0.00018000""],[""60807.97000000"",""0.00000000""],[""60807.89000000"",""0.00010000""],[""60807.88000000"",""0.00027000""],[""60806.92000000"",""0.00018000""],[""60806.91000000"",""0.07992000""],[""60806.79000000"",""0.00000000""],[""60806.77000000"",""0.00018000""],[""60806.60000000"",""0.00018000""],[""60806.32000000"",""0.00000000""],[""60806.26000000"",""0.00000000""],[""60806.01000000"",""0.00018000""],[""60805.32000000"",""0.00000000""],[""60805.13000000"",""0.00000000""],[""60804.09000000"",""0.00000000""],[""60804.08000000"",""0.00010000""],[""60804.07000000"",""0.00000000""],[""60804.01000000"",""0.00009000""],[""60803.88000000"",""0.00000000""],[""60803.65000000"",""0.00000000""],[""60803.62000000"",""0.00000000""],[""60803.24000000"",""0.00000000""],[""60802.76000000"",""0.00000000""],[""60802.28000000"",""0.00010000""],[""60802.27000000"",""0.00000000""],[""60802.24000000"",""0.00000000""],[""60802.02000000"",""0.00329000""],[""60802.01000000"",""0.00000000""],[""60801.78000000"",""0.00888000""],[""60801.14000000"",""0.09928000""],[""60800.88000000"",""0.00000000""],[""60800.87000000"",""0.00000000""],[""60800.86000000"",""0.00000000""],[""60800.84000000"",""0.00018000""],[""60800.04000000"",""0.00000000""],[""60800.01000000"",""0.00010000""],[""60799.86000000"",""0.11037000""],[""60799.84000000"",""0.00010000""],[""60799.22000000"",""0.02600000""],[""60798.67000000"",""0.00000000""],[""60798.62000000"",""0.11037000""],[""60798.61000000"",""0.00000000""],[""60798.40000000"",""0.11037000""],[""60798.39000000"",""0.00000000""],[""60798.35000000"",""0.00000000""],[""60798.34000000"",""0.00000000""],[""60797.48000000"",""0.00000000""],[""60797.20000000"",""0.00920000""],[""60797.09000000"",""0.00000000""],[""60797.08000000"",""0.00822000""],[""60796.69000000"",""0.00000000""],[""60796.02000000"",""0.11037000""],[""60795.11000000"",""1.02862000""],[""60795.10000000"",""0.00000000""],[""60795.09000000"",""0.00000000""],[""60795.08000000"",""0.00010000""],[""60795.07000000"",""0.00000000""],[""60794.74000000"",""0.00000000""],[""60794.25000000"",""0.02000000""],[""60794.01000000"",""0.10356000""],[""60793.34000000"",""1.57852000""],[""60793.33000000"",""0.00010000""],[""60793.32000000"",""0.00000000""],[""60793.00000000"",""0.00000000""],[""60792.16000000"",""0.00000000""],[""60792.15000000"",""0.00000000""],[""60790.88000000"",""0.00009000""],[""60790.87000000"",""0.00000000""],[""60790.51000000"",""0.00000000""],[""60789.71000000"",""1.57862000""],[""60789.70000000"",""0.00000000""],[""60789.07000000"",""0.00000000""],[""60788.67000000"",""0.00255000""],[""60788.63000000"",""0.00000000""],[""60788.54000000"",""0.00000000""],[""60788.30000000"",""0.49422000""],[""60787.57000000"",""0.00000000""],[""60787.45000000"",""0.00000000""],[""60787.38000000"",""0.00000000""],[""60787.14000000"",""0.00000000""],[""60787.05000000"",""0.00000000""],[""60786.92000000"",""0.00000000""],[""60786.69000000"",""0.00616000""],[""60786.40000000"",""2.63044000""],[""60786.39000000"",""0.00000000""],[""60786.33000000"",""0.00000000""],[""60785.82000000"",""0.00000000""],[""60785.05000000"",""0.00000000""],[""60783.84000000"",""0.00409000""],[""60783.74000000"",""1.57852000""],[""60783.22000000"",""0.00000000""],[""60780.78000000"",""0.00000000""],[""60778.89000000"",""0.59267000""],[""60777.57000000"",""0.00000000""],[""60777.41000000"",""0.00000000""],[""60776.01000000"",""0.00000000""],[""60775.98000000"",""0.00000000""],[""60775.52000000"",""0.59261000""],[""60773.98000000"",""0.00000000""],[""60772.20000000"",""0.00408000""],[""60771.97000000"",""1.62979000""],[""60770.76000000"",""0.08077000""],[""60768.24000000"",""0.32538000""],[""60759.21000000"",""1.63014000""],[""60758.29000000"",""0.00013000""],[""60756.24000000"",""0.00009000""],[""60755.01000000"",""0.00000000""],[""60753.47000000"",""0.86835000""],[""60753.32000000"",""1.57852000""],[""60753.31000000"",""0.00000000""],[""60752.22000000"",""1.63032000""],[""60751.76000000"",""0.00410000""],[""60750.15000000"",""0.77142000""],[""60750.14000000"",""0.00000000""],[""60747.91000000"",""0.00000000""],[""60734.90000000"",""1.57852000""],[""60725.52000000"",""0.00010000""],[""60725.25000000"",""0.00000000""],[""60717.21000000"",""0.00000000""],[""60712.03000000"",""2.63034000""],[""60710.01000000"",""0.00164000""],[""60703.51000000"",""2.63034000""],[""60701.84000000"",""0.00000000""],[""60697.99000000"",""0.00000000""],[""60689.94000000"",""0.00164000""],[""60641.34000000"",""0.00009000""],[""60638.30000000"",""0.00029000""],[""60568.54000000"",""4.95537000""],[""60456.80000000"",""0.00250000""],[""54731.70000000"",""0.00030000""]],""a"":[[""60809.96000000"",""4.92626000""],[""60809.97000000"",""0.00010000""],[""60810.00000000"",""0.05000000""],[""60810.01000000"",""0.00000000""],[""60810.63000000"",""0.00000000""],[""60810.64000000"",""0.00000000""],[""60810.94000000"",""0.00000000""],[""60811.03000000"",""2.94552000""],[""60811.38000000"",""0.36541000""],[""60811.39000000"",""1.93588000""],[""60811.40000000"",""0.00010000""],[""60811.41000000"",""0.00000000""],[""60811.82000000"",""0.00000000""],[""60811.83000000"",""0.00018000""],[""60811.86000000"",""0.00000000""],[""60811.87000000"",""0.00018000""],[""60811.88000000"",""0.00000000""],[""60811.91000000"",""0.00000000""],[""60811.93000000"",""0.00000000""],[""60812.00000000"",""0.00000000""],[""60812.01000000"",""0.00080000""],[""60812.02000000"",""0.00000000""],[""60812.10000000"",""0.00010000""],[""60812.11000000"",""0.00000000""],[""60812.16000000"",""0.00000000""],[""60812.91000000"",""0.00400000""],[""60812.99000000"",""0.00407000""],[""60813.00000000"",""0.00117000""],[""60813.01000000"",""0.10284000""],[""60813.02000000"",""0.00018000""],[""60813.03000000"",""0.00000000""],[""60813.04000000"",""0.00000000""],[""60813.74000000"",""0.00009000""],[""60813.91000000"",""0.00000000""],[""60814.28000000"",""0.00000000""],[""60814.29000000"",""0.00000000""],[""60814.30000000"",""0.00010000""],[""60814.31000000"",""0.00009000""],[""60814.43000000"",""0.00000000""],[""60814.45000000"",""0.00000000""],[""60814.58000000"",""0.00009000""],[""60814.76000000"",""0.05036000""],[""60815.45000000"",""0.00009000""],[""60816.00000000"",""0.06878000""],[""60816.15000000"",""0.00000000""],[""60816.30000000"",""0.00000000""],[""60816.32000000"",""0.26521000""],[""60816.61000000"",""0.00056000""],[""60817.05000000"",""0.00013000""],[""60817.14000000"",""0.00000000""],[""60817.15000000"",""0.00019000""],[""60817.16000000"",""0.49422000""],[""60817.19000000"",""0.01382000""],[""60817.40000000"",""0.14735000""],[""60818.29000000"",""1.57335000""],[""60818.30000000"",""2.63034000""],[""60818.31000000"",""0.00010000""],[""60818.32000000"",""0.00000000""],[""60818.76000000"",""0.00010000""],[""60818.98000000"",""0.00009000""],[""60819.64000000"",""0.00163000""],[""60820.35000000"",""0.00000000""],[""60821.30000000"",""0.00010000""],[""60821.37000000"",""0.36886000""],[""60822.14000000"",""0.00000000""],[""60822.53000000"",""0.00000000""],[""60823.28000000"",""0.00000000""],[""60823.80000000"",""0.00568000""],[""60823.95000000"",""0.00000000""],[""60823.96000000"",""0.00000000""],[""60824.65000000"",""0.59214000""],[""60824.70000000"",""0.00010000""],[""60824.71000000"",""0.12657000""],[""60824.87000000"",""0.00000000""],[""60824.90000000"",""0.05001000""],[""60825.00000000"",""0.00333000""],[""60825.54000000"",""0.00000000""],[""60825.55000000"",""1.07892000""],[""60826.42000000"",""0.06500000""],[""60826.91000000"",""0.00010000""],[""60827.95000000"",""0.00000000""],[""60828.01000000"",""0.00000000""],[""60829.47000000"",""0.00000000""],[""60830.98000000"",""0.00000000""],[""60834.03000000"",""0.00000000""],[""60834.38000000"",""0.00009000""],[""60834.39000000"",""0.00024000""],[""60834.95000000"",""1.62811000""],[""60835.72000000"",""0.00616000""],[""60835.86000000"",""0.00009000""],[""60836.20000000"",""0.00000000""],[""60836.80000000"",""0.00000000""],[""60837.34000000"",""0.00000000""],[""60837.39000000"",""0.00000000""],[""60841.54000000"",""1.62793000""],[""60841.98000000"",""0.00000000""],[""60843.33000000"",""0.00000000""],[""60845.20000000"",""0.00000000""],[""60847.79000000"",""0.00000000""],[""60849.29000000"",""0.00000000""],[""60855.30000000"",""0.00000000""],[""60860.92000000"",""0.00000000""],[""60869.34000000"",""0.00000000""],[""60870.77000000"",""0.00010000""],[""60873.74000000"",""0.00406000""],[""60873.75000000"",""0.00000000""],[""60881.58000000"",""0.00000000""],[""60882.50000000"",""1.69862000""],[""60882.51000000"",""0.00000000""],[""60898.06000000"",""0.13335000""],[""60898.11000000"",""0.00000000""],[""60909.05000000"",""0.00000000""],[""60911.07000000"",""0.06996000""],[""60912.28000000"",""0.00000000""],[""60920.46000000"",""0.00000000""],[""60931.58000000"",""0.00010000""],[""60992.39000000"",""0.00010000""],[""61053.20000000"",""0.00010000""],[""61114.01000000"",""0.00010000""],[""61174.82000000"",""0.00010000""],[""61223.82000000"",""0.00250000""],[""61235.63000000"",""0.00010000""],[""61296.44000000"",""0.00051000""],[""66894.31000000"",""0.00009000""]]}"""
1780792020|28486000|binance|depth|0|0|618|BTCUSDT|"""{""e"":""trade"",""E"":1780791941827,""s"":""BTCUSDT"",""t"":6380215537,""p"":""60809.95000000"",""q"":""0.00300000"",""T"":1780791941824,""m"":true,""M"":true}"""
1780792020|28489000|binance|depth|0|0|619|BTCUSDT|"""{""lastUpdateId"":95220206119,""bids"":[[""60809.95000000"",""0.25384000""],[""60809.94000000"",""0.00091000""],[""60809.84000000"",""0.00020000""],[""60809.70000000"",""0.00011000""],[""60809.45000000"",""0.00033000""]],""asks"":[[""60809.96000000"",""5.29545000""],[""60809.97000000"",""0.00027000""],[""60809.98000000"",""0.00017000""],[""60811.00000000"",""0.00018000""],[""60811.01000000"",""0.68311000""]]}"""
1780792020|28497000|binance|depth|0|0|620|BTCUSDT|"""{""e"":""depthUpdate"",""E"":1780791941914,""s"":""BTCUSDT"",""U"":95220205734,""u"":95220206119,""b"":[[""60809.95000000"",""0.25384000""],[""60809.94000000"",""0.00091000""],[""60809.64000000"",""0.00000000""],[""60809.16000000"",""0.00018000""],[""60808.65000000"",""0.00000000""],[""60808.64000000"",""0.00000000""],[""60808.00000000"",""0.02518000""],[""60807.88000000"",""0.00009000""],[""60807.66000000"",""0.00000000""],[""60807.42000000"",""0.00000000""],[""60806.91000000"",""0.08001000""],[""60806.77000000"",""0.00000000""],[""60806.60000000"",""0.00000000""],[""60806.45000000"",""0.00034000""],[""60806.43000000"",""0.00000000""],[""60806.11000000"",""0.11037000""],[""60806.00000000"",""0.02518000""],[""60805.75000000"",""0.00018000""],[""60805.74000000"",""0.01604000""],[""60805.26000000"",""0.00009000""],[""60805.05000000"",""0.00586000""],[""60804.84000000"",""0.00009000""],[""60804.83000000"",""0.11037000""],[""60804.01000000"",""0.00009000""],[""60804.00000000"",""0.02518000""],[""60803.90000000"",""0.00920000""],[""60803.88000000"",""0.00000000""],[""60803.87000000"",""0.05809000""],[""60803.73000000"",""0.00000000""],[""60803.55000000"",""0.11037000""],[""60802.27000000"",""0.11037000""],[""60802.20000000"",""0.00009000""],[""60802.02000000"",""0.00000000""],[""60801.61000000"",""0.00000000""],[""60801.22000000"",""0.00000000""],[""60800.04000000"",""0.00000000""],[""60799.84000000"",""0.17644000""],[""60799.65000000"",""0.00000000""],[""60799.36000000"",""0.00329000""],[""60797.35000000"",""0.00822000""],[""60797.19000000"",""0.00000000""],[""60797.08000000"",""0.00000000""],[""60796.75000000"",""0.09872000""],[""60796.03000000"",""0.23587000""],[""60795.55000000"",""0.00822000""],[""60795.12000000"",""0.49422000""],[""60795.11000000"",""0.11037000""],[""60795.10000000"",""0.00000000""],[""60794.01000000"",""0.00000000""],[""60793.92000000"",""0.00020000""],[""60793.72000000"",""0.00048000""],[""60793.36000000"",""1.09468000""],[""60793.35000000"",""1.85828000""],[""60793.34000000"",""0.00000000""],[""60792.03000000"",""0.11037000""],[""60791.52000000"",""0.11037000""],[""60791.51000000"",""2.63034000""],[""60791.50000000"",""0.00000000""],[""60790.75000000"",""0.00000000""],[""60790.01000000"",""0.00000000""],[""60789.72000000"",""0.63823000""],[""60788.31000000"",""0.00000000""],[""60787.30000000"",""0.00000000""],[""60786.96000000"",""1.47683000""],[""60786.75000000"",""0.00000000""],[""60786.69000000"",""0.00000000""],[""60786.19000000"",""0.40306000""],[""60782.45000000"",""0.59255000""],[""60779.25000000"",""0.00400000""],[""60777.72000000"",""0.00400000""],[""60777.58000000"",""0.00000000""],[""60776.19000000"",""0.00400000""],[""60775.62000000"",""0.00000000""],[""60771.14000000"",""0.59266000""],[""60759.54000000"",""1.57852000""],[""60747.71000000"",""0.00000000""],[""60747.41000000"",""0.00000000""],[""60746.50000000"",""0.00000000""],[""60746.43000000"",""0.00576000""],[""60743.62000000"",""0.98721000""],[""60733.72000000"",""0.00000000""],[""60730.36000000"",""0.00034000""],[""60711.94000000"",""0.00000000""],[""60710.30000000"",""0.04581000""],[""60709.85000000"",""0.00000000""],[""60709.57000000"",""0.00000000""],[""60708.62000000"",""0.00000000""],[""60708.56000000"",""0.08781000""],[""60708.01000000"",""0.00000000""],[""60707.60000000"",""0.00000000""],[""60703.51000000"",""0.00000000""],[""60681.78000000"",""0.09346000""],[""60679.84000000"",""0.59480000""],[""60635.15000000"",""0.00009000""],[""60632.11000000"",""0.00009000""],[""54731.70000000"",""0.00020000""],[""54728.96000000"",""0.00040000""],[""54728.95000000"",""0.00010000""],[""48647.96000000"",""0.00000000""]],""a"":[[""60809.96000000"",""5.29545000""],[""60809.97000000"",""0.00027000""],[""60809.98000000"",""0.00017000""],[""60810.00000000"",""0.00000000""],[""60811.00000000"",""0.00018000""],[""60811.01000000"",""0.68311000""],[""60811.02000000"",""0.49450000""],[""60811.03000000"",""0.22166000""],[""60811.05000000"",""0.00162000""],[""60811.38000000"",""0.00867000""],[""60811.39000000"",""0.34597000""],[""60811.40000000"",""0.00000000""],[""60811.41000000"",""0.00805000""],[""60811.83000000"",""0.06896000""],[""60811.87000000"",""0.00009000""],[""60811.93000000"",""0.00343000""],[""60812.01000000"",""0.03009000""],[""60812.30000000"",""0.00000000""],[""60812.49000000"",""0.17226000""],[""60812.50000000"",""0.13424000""],[""60812.54000000"",""0.00000000""],[""60812.99000000"",""0.00407000""],[""60813.00000000"",""0.00127000""],[""60813.01000000"",""0.08365000""],[""60813.02000000"",""0.00000000""],[""60813.04000000"",""0.00000000""],[""60813.54000000"",""0.00885000""],[""60813.74000000"",""0.00000000""],[""60813.80000000"",""0.00000000""],[""60814.17000000"",""0.00000000""],[""60814.30000000"",""0.00000000""],[""60814.31000000"",""0.00000000""],[""60814.44000000"",""0.00409000""],[""60814.75000000"",""0.00010000""],[""60814.76000000"",""0.05036000""],[""60815.01000000"",""0.00000000""],[""60815.08000000"",""0.11046000""],[""60815.44000000"",""0.00000000""],[""60815.83000000"",""0.00000000""],[""60816.00000000"",""0.00000000""],[""60816.26000000"",""0.11037000""],[""60816.32000000"",""0.26512000""],[""60816.76000000"",""0.08767000""],[""60817.15000000"",""0.00019000""],[""60817.17000000"",""0.00000000""],[""60817.19000000"",""0.00486000""],[""60817.40000000"",""0.00000000""],[""60817.59000000"",""0.00000000""],[""60817.86000000"",""0.00010000""],[""60818.28000000"",""1.19432000""],[""60818.29000000"",""0.00010000""],[""60818.30000000"",""0.00000000""],[""60818.31000000"",""0.00000000""],[""60818.42000000"",""0.00000000""],[""60818.46000000"",""0.00034000""],[""60819.80000000"",""0.00000000""],[""60821.30000000"",""0.00000000""],[""60822.58000000"",""0.00010000""],[""60824.64000000"",""0.00010000""],[""60824.65000000"",""0.00000000""],[""60824.88000000"",""0.00000000""],[""60827.94000000"",""0.00000000""],[""60829.42000000"",""0.59209000""],[""60830.90000000"",""0.00328000""],[""60831.94000000"",""0.00010000""],[""60832.92000000"",""0.00000000""],[""60834.11000000"",""0.00000000""],[""60834.34000000"",""0.00000000""],[""60834.94000000"",""0.00010000""],[""60835.72000000"",""0.00000000""],[""60839.99000000"",""0.91957000""],[""60841.53000000"",""0.00010000""],[""60845.36000000"",""0.59193000""],[""60845.81000000"",""0.01145000""],[""60853.91000000"",""0.01734000""],[""60854.41000000"",""0.00110000""],[""60860.81000000"",""0.12317000""],[""60861.02000000"",""0.36346000""],[""60861.56000000"",""0.98721000""],[""60865.69000000"",""0.00568000""],[""60866.03000000"",""0.00000000""],[""60866.10000000"",""0.00000000""],[""60869.03000000"",""0.00000000""],[""60873.48000000"",""0.00000000""],[""60878.01000000"",""0.00000000""],[""60885.21000000"",""0.10519000""],[""60916.20000000"",""0.00000000""],[""60919.40000000"",""3.29069000""],[""60938.82000000"",""0.00000000""],[""60939.92000000"",""0.08574000""],[""60942.50000000"",""0.00000000""],[""60947.35000000"",""0.21938000""],[""60970.41000000"",""0.00000000""],[""60988.58000000"",""0.00000000""],[""60999.64000000"",""0.00000000""],[""61060.46000000"",""0.00000000""],[""61121.28000000"",""0.00000000""],[""61182.09000000"",""0.00000000""],[""61242.91000000"",""0.00000000""],[""61303.73000000"",""0.00000000""],[""66894.31000000"",""0.00000000""],[""87271.17000000"",""0.00000000""]]}"""
1780792020|28556000|binance|depth|0|0|621|BTCUSDT|"""{""lastUpdateId"":95220206330,""bids"":[[""60809.95000000"",""0.35099000""],[""60809.94000000"",""0.00109000""],[""60809.84000000"",""0.00020000""],[""60809.70000000"",""0.00011000""],[""60809.45000000"",""0.00033000""]],""asks"":[[""60809.96000000"",""4.97712000""],[""60809.97000000"",""0.00027000""],[""60809.98000000"",""0.00017000""],[""60810.99000000"",""0.00018000""],[""60811.00000000"",""0.23190000""]]}"""
1780792020|28564000|binance|depth|0|0|622|BTCUSDT|"""{""e"":""depthUpdate"",""E"":1780791942014,""s"":""BTCUSDT"",""U"":95220206120,""u"":95220206330,""b"":[[""60809.95000000"",""0.35099000""],[""60809.94000000"",""0.00109000""],[""60809.17000000"",""0.00000000""],[""60809.16000000"",""0.00009000""],[""60808.41000000"",""0.00000000""],[""60807.89000000"",""0.00000000""],[""60807.40000000"",""0.00018000""],[""60807.39000000"",""0.11037000""],[""60806.92000000"",""0.00028000""],[""60806.91000000"",""0.08010000""],[""60806.61000000"",""0.00000000""],[""60806.31000000"",""0.00018000""],[""60806.30000000"",""0.02120000""],[""60806.12000000"",""0.00028000""],[""60806.11000000"",""0.11055000""],[""60806.01000000"",""0.00000000""],[""60806.00000000"",""0.02518000""],[""60805.75000000"",""0.00000000""],[""60805.74000000"",""0.00018000""],[""60805.33000000"",""0.00000000""],[""60805.05000000"",""0.00586000""],[""60805.04000000"",""0.00000000""],[""60804.84000000"",""0.11742000""],[""60804.83000000"",""0.11064000""],[""60804.08000000"",""0.00000000""],[""60804.01000000"",""0.00000000""],[""60804.00000000"",""0.02500000""],[""60803.93000000"",""0.07579000""],[""60803.90000000"",""0.00902000""],[""60803.87000000"",""0.05791000""],[""60803.56000000"",""0.00010000""],[""60803.33000000"",""0.00329000""],[""60803.32000000"",""0.00000000""],[""60802.58000000"",""0.06737000""],[""60802.29000000"",""0.00000000""],[""60802.28000000"",""0.00000000""],[""60802.24000000"",""0.17008000""],[""60802.19000000"",""0.00000000""],[""60801.78000000"",""0.00000000""],[""60801.15000000"",""0.00010000""],[""60801.05000000"",""0.00000000""],[""60800.99000000"",""0.00013000""],[""60800.85000000"",""0.00000000""],[""60800.16000000"",""0.00000000""],[""60800.01000000"",""0.00000000""],[""60799.88000000"",""0.73600000""],[""60799.87000000"",""1.57862000""],[""60799.85000000"",""0.02610000""],[""60799.84000000"",""0.00010000""],[""60799.36000000"",""0.00000000""],[""60799.23000000"",""0.00000000""],[""60798.79000000"",""0.14553000""],[""60798.63000000"",""0.00010000""],[""60798.36000000"",""0.00000000""],[""60797.49000000"",""0.00000000""],[""60797.48000000"",""0.00010000""],[""60797.10000000"",""0.00000000""],[""60796.76000000"",""0.00010000""],[""60796.75000000"",""0.00000000""],[""60796.69000000"",""0.00000000""],[""60796.67000000"",""0.00000000""],[""60796.04000000"",""1.93244000""],[""60796.03000000"",""0.00000000""],[""60795.83000000"",""0.00000000""],[""60795.80000000"",""0.00000000""],[""60795.74000000"",""0.00000000""],[""60795.46000000"",""0.09872000""],[""60795.13000000"",""0.00010000""],[""60795.10000000"",""0.00048000""],[""60795.08000000"",""0.00000000""],[""60794.74000000"",""0.00010000""],[""60793.36000000"",""1.09478000""],[""60793.33000000"",""0.00000000""],[""60792.04000000"",""0.82257000""],[""60792.03000000"",""0.00000000""],[""60791.52000000"",""0.00010000""],[""60790.71000000"",""0.04073000""],[""60789.72000000"",""0.63833000""],[""60789.71000000"",""1.57852000""],[""60788.31000000"",""0.00010000""],[""60787.06000000"",""0.00000000""],[""60786.96000000"",""1.47693000""],[""60786.56000000"",""0.59251000""],[""60786.41000000"",""0.00010000""],[""60786.40000000"",""2.63034000""],[""60783.75000000"",""0.00010000""],[""60780.65000000"",""1.71431000""],[""60778.07000000"",""1.62963000""],[""60745.66000000"",""0.00000000""],[""60685.28000000"",""0.00000000""],[""60632.11000000"",""0.00000000""],[""54731.70000000"",""0.00000000""],[""54728.96000000"",""0.00080000""],[""48647.96000000"",""0.00041000""]],""a"":[[""60809.96000000"",""4.97712000""],[""60810.99000000"",""0.00018000""],[""60811.00000000"",""0.23190000""],[""60811.01000000"",""0.00027000""],[""60811.03000000"",""0.22157000""],[""60811.39000000"",""0.16020000""],[""60811.82000000"",""0.00822000""],[""60811.83000000"",""0.00018000""],[""60812.49000000"",""0.12923000""],[""60812.50000000"",""0.00000000""],[""60813.01000000"",""0.08365000""],[""60813.12000000"",""0.10418000""],[""60815.08000000"",""0.11055000""],[""60816.24000000"",""0.80385000""],[""60816.25000000"",""1.57852000""],[""60816.27000000"",""0.00010000""],[""60816.28000000"",""0.00000000""],[""60816.32000000"",""0.26503000""],[""60816.76000000"",""0.00000000""],[""60817.15000000"",""0.00010000""],[""60818.27000000"",""0.13818000""],[""60818.28000000"",""0.41507000""],[""60818.76000000"",""1.57862000""],[""60818.77000000"",""0.00000000""],[""60821.30000000"",""0.82257000""],[""60825.43000000"",""2.63034000""],[""60825.44000000"",""0.00010000""],[""60825.45000000"",""0.00000000""],[""60834.95000000"",""0.00000000""],[""60859.54000000"",""1.62745000""],[""60928.18000000"",""0.00000000""]]}"""
1780792020|28600000|binance|depth|0|0|623|BTCUSDT|"""{""e"":""trade"",""E"":1780791942069,""s"":""BTCUSDT"",""t"":6380215538,""p"":""60809.96000000"",""q"":""0.00016000"",""T"":1780791942068,""m"":false,""M"":true}"""
1780792020|28602000|binance|depth|0|0|624|BTCUSDT|"""{""lastUpdateId"":95220206407,""bids"":[[""60809.95000000"",""0.35117000""],[""60809.94000000"",""0.00109000""],[""60809.84000000"",""0.00020000""],[""60809.70000000"",""0.00011000""],[""60809.45000000"",""0.00033000""]],""asks"":[[""60809.96000000"",""5.05275000""],[""60809.97000000"",""0.00027000""],[""60809.98000000"",""0.00017000""],[""60810.99000000"",""0.00018000""],[""60811.00000000"",""0.23190000""]]}"""
1780792020|28610000|binance|depth|0|0|625|BTCUSDT|"""{""e"":""depthUpdate"",""E"":1780791942114,""s"":""BTCUSDT"",""U"":95220206331,""u"":95220206407,""b"":[[""60809.95000000"",""0.35117000""],[""60808.00000000"",""0.02518000""],[""60807.39000000"",""0.11055000""],[""60806.91000000"",""0.08010000""],[""60806.30000000"",""0.02138000""],[""60806.11000000"",""0.11064000""],[""60806.00000000"",""0.02518000""],[""60805.74000000"",""0.00000000""],[""60805.05000000"",""0.00586000""],[""60804.83000000"",""0.11046000""],[""60804.62000000"",""0.00009000""],[""60804.61000000"",""0.00233000""],[""60802.48000000"",""0.00000000""],[""60802.39000000"",""0.00811000""],[""60799.43000000"",""0.00009000""],[""60796.05000000"",""0.88999000""],[""60796.04000000"",""1.57852000""],[""60795.46000000"",""0.00000000""],[""60793.36000000"",""1.54988000""],[""60793.35000000"",""1.74791000""],[""60792.39000000"",""0.00000000""],[""60789.75000000"",""0.00200000""],[""60782.72000000"",""0.47773000""],[""60768.25000000"",""0.18636000""],[""60768.09000000"",""0.00000000""],[""60764.49000000"",""0.93228000""],[""60744.44000000"",""0.05099000""],[""60743.81000000"",""0.38083000""],[""60508.93000000"",""0.00000000""],[""60490.77000000"",""0.00000000""],[""60472.62000000"",""0.00000000""],[""55964.61000000"",""0.00000000""],[""54728.96000000"",""0.00120000""],[""48648.00000000"",""0.01000000""]],""a"":[[""60809.96000000"",""5.05275000""],[""60813.01000000"",""0.05030000""],[""60818.28000000"",""0.67161000""],[""60823.77000000"",""0.00009000""],[""60826.24000000"",""0.00200000""],[""60826.82000000"",""0.00000000""],[""60828.89000000"",""0.00000000""],[""60834.74000000"",""0.48852000""],[""60852.99000000"",""0.92342000""],[""60860.81000000"",""0.40934000""],[""60918.93000000"",""1.18526000""],[""60926.96000000"",""0.05294000""],[""61360.32000000"",""0.00000000""],[""87759.82000000"",""0.00000000""]]}"""
1780792020|28628000|binance|depth|0|0|626|BTCUSDT|"""{""lastUpdateId"":95220206442,""bids"":[[""60809.95000000"",""0.18657000""],[""60809.94000000"",""0.00100000""],[""60809.84000000"",""0.00020000""],[""60809.70000000"",""0.00011000""],[""60809.45000000"",""0.00033000""]],""asks"":[[""60809.96000000"",""5.05275000""],[""60809.97000000"",""0.00027000""],[""60809.98000000"",""0.00017000""],[""60810.99000000"",""0.00018000""],[""60811.00000000"",""0.23190000""]]}"""
1780792020|28636000|binance|depth|0|0|627|BTCUSDT|"""{""e"":""depthUpdate"",""E"":1780791942214,""s"":""BTCUSDT"",""U"":95220206408,""u"":95220206442,""b"":[[""60809.95000000"",""0.18657000""],[""60809.94000000"",""0.00100000""],[""60809.19000000"",""0.00000000""],[""60797.78000000"",""0.00300000""],[""60796.02000000"",""0.00000000""],[""60795.11000000"",""0.00000000""],[""60785.62000000"",""0.00616000""],[""60780.78000000"",""0.00400000""],[""60776.19000000"",""0.00000000""],[""60714.61000000"",""0.00000000""],[""60713.58000000"",""0.93456000""],[""60685.71000000"",""0.02585000""],[""60454.47000000"",""0.00000000""],[""54728.96000000"",""0.00160000""],[""48648.00000000"",""0.00000000""],[""48647.96000000"",""0.00000000""]],""a"":[[""60809.96000000"",""5.05275000""],[""60814.35000000"",""0.00000000""],[""60819.08000000"",""0.00000000""],[""60822.13000000"",""0.00300000""],[""60827.46000000"",""0.00000000""],[""60834.29000000"",""0.00616000""],[""60837.32000000"",""0.00000000""],[""60855.27000000"",""0.02875000""],[""60855.57000000"",""0.00000000""],[""60873.81000000"",""0.00000000""],[""88022.73000000"",""0.00000000""]]}"""
1780792020|28644000|binance|depth|0|0|628|BTCUSDT|"""{""lastUpdateId"":95220206456,""bids"":[[""60809.95000000"",""0.18881000""],[""60809.94000000"",""0.00100000""],[""60809.84000000"",""0.00020000""],[""60809.70000000"",""0.00011000""],[""60809.45000000"",""0.00033000""]],""asks"":[[""60809.96000000"",""5.08610000""],[""60809.97000000"",""0.00027000""],[""60809.98000000"",""0.00017000""],[""60810.99000000"",""0.00018000""],[""60811.00000000"",""0.23190000""]]}"""
1780792020|28652000|binance|depth|0|0|629|BTCUSDT|"""{""e"":""depthUpdate"",""E"":1780791942314,""s"":""BTCUSDT"",""U"":95220206443,""u"":95220206456,""b"":[[""60809.95000000"",""0.18881000""],[""60805.62000000"",""0.06737000""],[""60802.58000000"",""0.00000000""],[""60802.20000000"",""0.00409000""],[""60796.05000000"",""0.58334000""],[""60777.72000000"",""0.00000000""],[""60685.71000000"",""0.00009000""],[""60660.28000000"",""0.02576000""],[""60641.41000000"",""0.00000000""],[""60624.13000000"",""0.00974000""],[""54728.96000000"",""0.00200000""]],""a"":[[""60809.96000000"",""5.08610000""],[""60825.25000000"",""0.00000000""]]}"""
1780792020|28657000|binance|depth|0|0|630|BTCUSDT|"""{""lastUpdateId"":95220206493,""bids"":[[""60809.95000000"",""0.18890000""],[""60809.94000000"",""0.00100000""],[""60809.84000000"",""0.00020000""],[""60809.70000000"",""0.00011000""],[""60809.45000000"",""0.00033000""]],""asks"":[[""60809.96000000"",""5.08610000""],[""60809.97000000"",""0.00027000""],[""60809.98000000"",""0.00017000""],[""60810.99000000"",""0.00018000""],[""60811.00000000"",""0.23190000""]]}"""
1780792020|28665000|binance|depth|0|0|631|BTCUSDT|"""{""e"":""depthUpdate"",""E"":1780791942414,""s"":""BTCUSDT"",""U"":95220206457,""u"":95220206493,""b"":[[""60809.95000000"",""0.18890000""],[""60806.11000000"",""0.11073000""],[""60806.00000000"",""0.02518000""],[""60805.62000000"",""0.06755000""],[""60805.05000000"",""0.00568000""],[""60798.93000000"",""0.00164000""],[""60791.71000000"",""0.00016000""],[""60780.69000000"",""0.00000000""],[""60773.46000000"",""0.00016000""],[""60762.44000000"",""0.00000000""],[""60755.22000000"",""0.00016000""],[""60744.20000000"",""0.00000000""],[""60736.98000000"",""0.00016000""],[""60725.95000000"",""1.48554000""],[""60718.74000000"",""0.00016000""],[""60674.92000000"",""0.00000000""],[""60660.28000000"",""0.00000000""],[""54728.96000000"",""0.00240000""]],""a"":[[""60821.22000000"",""0.01645000""],[""60828.20000000"",""0.00016000""],[""60835.44000000"",""0.00164000""],[""60846.45000000"",""0.00016000""],[""60853.68000000"",""0.00000000""],[""60864.69000000"",""0.00016000""],[""60871.93000000"",""0.00000000""],[""60882.93000000"",""0.00016000""],[""60890.17000000"",""0.00000000""],[""60901.17000000"",""0.00016000""],[""60908.42000000"",""0.00000000""],[""60951.08000000"",""0.00000000""],[""88022.78000000"",""0.00000000""]]}"""
1780792020|28686000|binance|depth|0|0|632|BTCUSDT|"""{""lastUpdateId"":95220206498,""bids"":[[""60809.95000000"",""0.18890000""],[""60809.94000000"",""0.00100000""],[""60809.84000000"",""0.00020000""],[""60809.70000000"",""0.00011000""],[""60809.45000000"",""0.00033000""]],""asks"":[[""60809.96000000"",""5.08610000""],[""60809.97000000"",""0.00027000""],[""60809.98000000"",""0.00017000""],[""60810.99000000"",""0.00018000""],[""60811.00000000"",""0.23190000""]]}"""
1780792020|28694000|binance|depth|0|0|633|BTCUSDT|"""{""e"":""depthUpdate"",""E"":1780791942514,""s"":""BTCUSDT"",""U"":95220206494,""u"":95220206498,""b"":[[""60779.79000000"",""0.25024000""],[""54728.96000000"",""0.00300000""],[""48647.96000000"",""0.00041000""]],""a"":[]}"""
1780792020|28697000|binance|depth|0|0|634|BTCUSDT|"""{""lastUpdateId"":95220206503,""bids"":[[""60809.95000000"",""0.18890000""],[""60809.94000000"",""0.00100000""],[""60809.84000000"",""0.00020000""],[""60809.70000000"",""0.00011000""],[""60809.45000000"",""0.00033000""]],""asks"":[[""60809.96000000"",""5.08610000""],[""60809.97000000"",""0.00027000""],[""60809.98000000"",""0.00017000""],[""60810.99000000"",""0.00018000""],[""60811.00000000"",""0.23190000""]]}"""
1780792020|28704000|binance|depth|0|0|635|BTCUSDT|"""{""e"":""depthUpdate"",""E"":1780791942614,""s"":""BTCUSDT"",""U"":95220206499,""u"":95220206503,""b"":[[""54728.96000000"",""0.00340000""],[""48647.96000000"",""0.00000000""]],""a"":[[""60822.68000000"",""0.06024000""],[""88248.47000000"",""0.00000000""]]}"""
1780792020|28707000|binance|depth|0|0|636|BTCUSDT|"""{""lastUpdateId"":95220206509,""bids"":[[""60809.95000000"",""0.18890000""],[""60809.94000000"",""0.00100000""],[""60809.84000000"",""0.00020000""],[""60809.70000000"",""0.00011000""],[""60809.45000000"",""0.00033000""]],""asks"":[[""60809.96000000"",""5.08610000""],[""60809.97000000"",""0.00027000""],[""60809.98000000"",""0.00017000""],[""60810.99000000"",""0.00018000""],[""60811.00000000"",""0.23190000""]]}"""
1780792020|28715000|binance|depth|0|0|637|BTCUSDT|"""{""e"":""depthUpdate"",""E"":1780791942714,""s"":""BTCUSDT"",""U"":95220206504,""u"":95220206509,""b"":[[""54728.96000000"",""0.00380000""],[""54728.00000000"",""0.00020000""],[""48668.00000000"",""0.00000000""],[""48665.00000000"",""0.00000000""]],""a"":[[""88253.62000000"",""0.00000000""]]}"""
1780792020|28718000|binance|depth|0|0|638|BTCUSDT|"""{""lastUpdateId"":95220206534,""bids"":[[""60809.95000000"",""0.18900000""],[""60809.94000000"",""0.00100000""],[""60809.84000000"",""0.00020000""],[""60809.70000000"",""0.00011000""],[""60809.45000000"",""0.00033000""]],""asks"":[[""60809.96000000"",""5.08690000""],[""60809.97000000"",""0.00027000""],[""60809.98000000"",""0.00017000""],[""60810.24000000"",""0.04073000""],[""60810.99000000"",""0.00018000""]]}"""
1780792020|28733000|binance|depth|0|0|639|BTCUSDT|"""{""e"":""depthUpdate"",""E"":1780791942814,""s"":""BTCUSDT"",""U"":95220206510,""u"":95220206534,""b"":[[""60809.95000000"",""0.18900000""],[""60807.39000000"",""0.00018000""],[""60805.62000000"",""0.00018000""],[""60804.84000000"",""0.00010000""],[""60799.89000000"",""0.11037000""],[""60799.86000000"",""0.00000000""],[""60798.79000000"",""0.00000000""],[""60798.40000000"",""0.00000000""],[""60786.05000000"",""0.00000000""],[""60783.53000000"",""0.00200000""],[""54728.96000000"",""0.00420000""],[""54728.00000000"",""0.00000000""]],""a"":[[""60809.96000000"",""5.08690000""],[""60810.24000000"",""0.04073000""],[""60811.38000000"",""0.00849000""],[""60813.80000000"",""0.11037000""],[""60817.15000000"",""0.11047000""],[""60818.26000000"",""0.11037000""],[""60821.29000000"",""0.11037000""],[""60832.18000000"",""0.00200000""],[""60834.71000000"",""0.00000000""]]}"""
1780792020|28740000|binance|depth|0|0|640|BTCUSDT|"""{""lastUpdateId"":95220206607,""bids"":[[""60809.95000000"",""0.19201000""],[""60809.94000000"",""0.00091000""],[""60809.84000000"",""0.00020000""],[""60809.70000000"",""0.00011000""],[""60809.45000000"",""0.00033000""]],""asks"":[[""60809.96000000"",""5.11690000""],[""60809.97000000"",""0.00027000""],[""60809.98000000"",""0.00017000""],[""60810.24000000"",""0.04073000""],[""60811.00000000"",""0.23190000""]]}"""
1780792020|28747000|binance|depth|0|0|641|BTCUSDT|"""{""e"":""depthUpdate"",""E"":1780791942914,""s"":""BTCUSDT"",""U"":95220206535,""u"":95220206607,""b"":[[""60809.95000000"",""0.19201000""],[""60809.94000000"",""0.00091000""],[""60808.00000000"",""0.02518000""],[""60807.40000000"",""0.00000000""],[""60807.39000000"",""0.00000000""],[""60806.11000000"",""0.11064000""],[""60806.01000000"",""0.00009000""],[""60806.00000000"",""0.02518000""],[""60805.62000000"",""0.00000000""],[""60805.05000000"",""0.00586000""],[""60804.83000000"",""0.11055000""],[""60803.93000000"",""0.00000000""],[""60803.33000000"",""0.00000000""],[""60802.49000000"",""0.07579000""],[""60801.69000000"",""0.00329000""],[""60798.98000000"",""0.06737000""],[""60792.04000000"",""0.00000000""],[""60789.73000000"",""0.82261000""],[""54728.96000000"",""0.00460000""],[""48650.00000000"",""0.23347000""],[""48647.96000000"",""0.00000000""]],""a"":[[""60809.96000000"",""5.11690000""],[""60810.99000000"",""0.00000000""],[""60811.01000000"",""0.00019000""],[""60811.02000000"",""0.49422000""],[""60811.38000000"",""0.00859000""],[""60812.01000000"",""0.00009000""],[""60813.00000000"",""0.00117000""],[""60813.12000000"",""0.10427000""],[""60813.79000000"",""0.00010000""],[""60814.75000000"",""0.00000000""],[""60815.45000000"",""0.00000000""],[""60816.24000000"",""0.80395000""],[""60816.27000000"",""0.00000000""],[""60816.31000000"",""0.00010000""],[""60818.29000000"",""0.00000000""],[""60818.75000000"",""0.00010000""],[""60818.76000000"",""1.57852000""],[""60819.09000000"",""0.00010000""],[""60824.64000000"",""0.00000000""],[""60825.42000000"",""0.00010000""],[""60825.44000000"",""0.00000000""],[""60829.41000000"",""0.00010000""],[""60834.94000000"",""0.00000000""],[""60841.53000000"",""0.00000000""],[""88814.92000000"",""0.00000000""]]}"""
1780792020|28759000|binance|depth|0|0|642|BTCUSDT|"""{""e"":""trade"",""E"":1780791943003,""s"":""BTCUSDT"",""t"":6380215539,""p"":""60809.96000000"",""q"":""0.00343000"",""T"":1780791943003,""m"":false,""M"":true}"""
1780792020|28761000|binance|depth|0|0|643|BTCUSDT|"""{""lastUpdateId"":95220206649,""bids"":[[""60809.95000000"",""0.19201000""],[""60809.94000000"",""0.00091000""],[""60809.84000000"",""0.00020000""],[""60809.70000000"",""0.00011000""],[""60809.45000000"",""0.00033000""]],""asks"":[[""60809.96000000"",""5.11347000""],[""60809.97000000"",""0.00027000""],[""60809.98000000"",""0.00017000""],[""60810.24000000"",""0.04073000""],[""60811.00000000"",""0.23190000""]]}"""
1780792020|28769000|binance|depth|0|0|644|BTCUSDT|"""{""e"":""depthUpdate"",""E"":1780791943014,""s"":""BTCUSDT"",""U"":95220206608,""u"":95220206649,""b"":[[""60808.01000000"",""0.00028000""],[""60806.11000000"",""0.11055000""],[""60804.84000000"",""0.00000000""],[""60803.88000000"",""0.00010000""],[""60803.56000000"",""0.00000000""],[""60802.31000000"",""0.06737000""],[""60800.84000000"",""0.00028000""],[""60799.88000000"",""0.73610000""],[""60799.87000000"",""1.57852000""],[""60799.85000000"",""0.02600000""],[""60799.35000000"",""0.00019000""],[""60798.98000000"",""0.00000000""],[""60797.48000000"",""0.00000000""],[""60796.84000000"",""0.00010000""],[""60796.77000000"",""0.18056000""],[""60796.76000000"",""0.00000000""],[""60796.06000000"",""0.11037000""],[""60796.05000000"",""0.58344000""],[""60794.74000000"",""0.00000000""],[""60793.92000000"",""0.00030000""],[""60789.75000000"",""0.00000000""],[""60788.48000000"",""0.00200000""],[""60788.31000000"",""0.00000000""],[""60783.75000000"",""0.00000000""],[""54728.96000000"",""0.00510000""],[""54728.95000000"",""0.00000000""],[""48648.00000000"",""0.00200000""],[""48647.96000000"",""0.00041000""]],""a"":[[""60809.96000000"",""5.11347000""],[""60814.76000000"",""0.05027000""],[""60818.73000000"",""0.07235000""],[""60824.98000000"",""0.00200000""],[""60826.24000000"",""0.00000000""],[""60832.05000000"",""0.00000000""]]}"""
1780792020|28786000|binance|depth|0|0|645|BTCUSDT|"""{""e"":""trade"",""E"":1780791943016,""s"":""BTCUSDT"",""t"":6380215540,""p"":""60809.95000000"",""q"":""0.00044000"",""T"":1780791943015,""m"":true,""M"":true}"""
1780792020|28789000|binance|depth|0|0|646|BTCUSDT|"""{""lastUpdateId"":95220206671,""bids"":[[""60809.95000000"",""0.19194000""],[""60809.94000000"",""0.00108000""],[""60809.93000000"",""0.00017000""],[""60809.84000000"",""0.00020000""],[""60809.70000000"",""0.00011000""]],""asks"":[[""60809.96000000"",""5.11347000""],[""60809.97000000"",""0.00027000""],[""60809.98000000"",""0.00017000""],[""60810.24000000"",""0.04073000""],[""60811.00000000"",""0.23190000""]]}"""
1780792020|28797000|binance|depth|0|0|647|BTCUSDT|"""{""e"":""depthUpdate"",""E"":1780791943114,""s"":""BTCUSDT"",""U"":95220206650,""u"":95220206671,""b"":[[""60809.95000000"",""0.19194000""],[""60809.94000000"",""0.00108000""],[""60809.93000000"",""0.00017000""],[""60799.43000000"",""0.00009000""],[""60797.15000000"",""0.11070000""],[""60778.08000000"",""0.70446000""],[""60505.90000000"",""0.10000000""],[""60487.74000000"",""0.30000000""],[""60469.59000000"",""0.50000000""],[""54728.96000000"",""0.00510000""],[""48648.00000000"",""0.00000000""]],""a"":[[""60823.77000000"",""0.00009000""],[""60825.42000000"",""2.07520000""],[""89195.26000000"",""0.00000000""]]}"""
1780792020|28802000|binance|depth|0|0|648|BTCUSDT|"""{""lastUpdateId"":95220206684,""bids"":[[""60809.95000000"",""0.19194000""],[""60809.94000000"",""0.00108000""],[""60809.93000000"",""0.00017000""],[""60809.84000000"",""0.00020000""],[""60809.70000000"",""0.00011000""]],""asks"":[[""60809.96000000"",""5.11347000""],[""60809.97000000"",""0.00027000""],[""60809.98000000"",""0.00017000""],[""60810.24000000"",""0.04073000""],[""60811.00000000"",""0.23190000""]]}"""
1780792020|28809000|binance|depth|0|0|649|BTCUSDT|"""{""e"":""depthUpdate"",""E"":1780791943214,""s"":""BTCUSDT"",""U"":95220206672,""u"":95220206684,""b"":[[""60451.44000000"",""0.70000000""],[""54728.96000000"",""0.00510000""],[""48647.96000000"",""0.00000000""]],""a"":[[""60816.03000000"",""0.10000000""],[""60834.27000000"",""0.30000000""],[""60852.51000000"",""0.50000000""],[""60855.27000000"",""0.15369000""],[""60870.76000000"",""0.70000000""],[""61357.24000000"",""0.00010000""],[""89342.65000000"",""0.00000000""]]}"""
1780792020|28813000|binance|depth|0|0|650|BTCUSDT|"""{""lastUpdateId"":95220206700,""bids"":[[""60809.95000000"",""0.19194000""],[""60809.94000000"",""0.00108000""],[""60809.93000000"",""0.00017000""],[""60809.84000000"",""0.00020000""],[""60809.70000000"",""0.00011000""]],""asks"":[[""60809.96000000"",""5.11347000""],[""60809.97000000"",""0.00027000""],[""60809.98000000"",""0.00017000""],[""60810.24000000"",""0.04073000""],[""60810.70000000"",""0.00009000""]]}"""
1780792020|28829000|binance|depth|0|0|651|BTCUSDT|"""{""e"":""depthUpdate"",""E"":1780791943314,""s"":""BTCUSDT"",""U"":95220206685,""u"":95220206700,""b"":[[""60801.14000000"",""0.00000000""],[""60797.25000000"",""0.10951000""],[""60796.06000000"",""0.00000000""],[""54728.96000000"",""0.00510000""],[""48648.00000000"",""0.00000000""]],""a"":[[""60810.70000000"",""0.00009000""],[""60811.03000000"",""0.11159000""],[""60813.12000000"",""0.10436000""],[""60813.77000000"",""0.10951000""],[""60815.08000000"",""0.11055000""],[""60816.26000000"",""0.00000000""]]}"""
1780792020|28840000|binance|depth|0|0|652|BTCUSDT|"""{""lastUpdateId"":95220206720,""bids"":[[""60809.95000000"",""0.19194000""],[""60809.94000000"",""0.00108000""],[""60809.93000000"",""0.00017000""],[""60809.84000000"",""0.00020000""],[""60809.70000000"",""0.00011000""]],""asks"":[[""60809.96000000"",""5.11347000""],[""60809.97000000"",""0.00027000""],[""60809.98000000"",""0.00017000""],[""60810.24000000"",""0.04073000""],[""60810.70000000"",""0.00009000""]]}"""
1780792020|28848000|binance|depth|0|0|653|BTCUSDT|"""{""e"":""depthUpdate"",""E"":1780791943414,""s"":""BTCUSDT"",""U"":95220206701,""u"":95220206720,""b"":[[""60641.41000000"",""0.00974000""],[""60624.13000000"",""0.00000000""],[""54728.96000000"",""0.00510000""]],""a"":[[""60809.96000000"",""5.11347000""],[""60810.98000000"",""0.47706000""],[""60810.99000000"",""1.57852000""],[""60811.00000000"",""0.00000000""],[""60812.49000000"",""0.64776000""],[""60813.76000000"",""1.57852000""],[""60817.15000000"",""0.00010000""],[""60818.26000000"",""0.00000000""],[""60821.29000000"",""0.00000000""],[""60873.24000000"",""0.00000000""],[""60875.21000000"",""0.00000000""],[""89523.24000000"",""0.00000000""]]}"""
1780792020|28853000|binance|depth|0|0|654|BTCUSDT|"""{""lastUpdateId"":95220206727,""bids"":[[""60809.95000000"",""0.19194000""],[""60809.94000000"",""0.00108000""],[""60809.93000000"",""0.00017000""],[""60809.84000000"",""0.00020000""],[""60809.70000000"",""0.00011000""]],""asks"":[[""60809.96000000"",""5.11347000""],[""60809.97000000"",""0.00027000""],[""60809.98000000"",""0.00017000""],[""60810.24000000"",""0.04073000""],[""60810.70000000"",""0.00009000""]]}"""
1780792020|28860000|binance|depth|0|0|655|BTCUSDT|"""{""e"":""depthUpdate"",""E"":1780791943514,""s"":""BTCUSDT"",""U"":95220206721,""u"":95220206727,""b"":[[""60721.21000000"",""0.51155000""],[""54728.96000000"",""0.00510000""],[""48647.96000000"",""0.00041000""]],""a"":[[""60813.80000000"",""0.00000000""]]}"""
1780792020|28863000|binance|depth|0|0|656|BTCUSDT|"""{""lastUpdateId"":95220206735,""bids"":[[""60809.95000000"",""0.19194000""],[""60809.94000000"",""0.00108000""],[""60809.93000000"",""0.00017000""],[""60809.84000000"",""0.00020000""],[""60809.70000000"",""0.00011000""]],""asks"":[[""60809.96000000"",""5.11347000""],[""60809.97000000"",""0.00027000""],[""60809.98000000"",""0.00017000""],[""60810.24000000"",""0.04073000""],[""60810.70000000"",""0.00009000""]]}"""
1780792020|28871000|binance|depth|0|0|657|BTCUSDT|"""{""e"":""depthUpdate"",""E"":1780791943614,""s"":""BTCUSDT"",""U"":95220206728,""u"":95220206735,""b"":[[""59785.96000000"",""0.00000000""],[""54728.96000000"",""0.00510000""],[""48647.96000000"",""0.00000000""]],""a"":[[""89538.74000000"",""0.00000000""]]}"""
1780792020|28874000|binance|depth|0|0|658|BTCUSDT|"""{""lastUpdateId"":95220206741,""bids"":[[""60809.95000000"",""0.19194000""],[""60809.94000000"",""0.00108000""],[""60809.93000000"",""0.00017000""],[""60809.84000000"",""0.00020000""],[""60809.70000000"",""0.00011000""]],""asks"":[[""60809.96000000"",""5.11347000""],[""60809.97000000"",""0.00027000""],[""60809.98000000"",""0.00017000""],[""60810.24000000"",""0.04073000""],[""60810.70000000"",""0.00009000""]]}"""
1780792020|28881000|binance|depth|0|0|659|BTCUSDT|"""{""e"":""depthUpdate"",""E"":1780791943716,""s"":""BTCUSDT"",""U"":95220206736,""u"":95220206741,""b"":[[""54728.96000000"",""0.00510000""]],""a"":[[""60822.12000000"",""0.00010000""],[""60833.54000000"",""0.00000000""],[""90347.20000000"",""0.00000000""]]}"""
1780792020|28884000|binance|depth|0|0|660|BTCUSDT|"""{""lastUpdateId"":95220206746,""bids"":[[""60809.95000000"",""0.19194000""],[""60809.94000000"",""0.00108000""],[""60809.93000000"",""0.00017000""],[""60809.84000000"",""0.00020000""],[""60809.70000000"",""0.00011000""]],""asks"":[[""60809.96000000"",""5.11347000""],[""60809.97000000"",""0.00027000""],[""60809.98000000"",""0.00017000""],[""60810.24000000"",""0.04073000""],[""60810.70000000"",""0.00009000""]]}"""
1780792020|28900000|binance|depth|0|0|661|BTCUSDT|"""{""e"":""depthUpdate"",""E"":1780791943814,""s"":""BTCUSDT"",""U"":95220206742,""u"":95220206746,""b"":[[""54728.96000000"",""0.00510000""],[""54728.00000000"",""0.00020000""]],""a"":[]}"""
1780792020|28902000|binance|depth|0|0|662|BTCUSDT|"""{""lastUpdateId"":95220206756,""bids"":[[""60809.95000000"",""0.19194000""],[""60809.94000000"",""0.00108000""],[""60809.93000000"",""0.00017000""],[""60809.84000000"",""0.00020000""],[""60809.70000000"",""0.00011000""]],""asks"":[[""60809.96000000"",""5.11347000""],[""60809.97000000"",""0.00027000""],[""60809.98000000"",""0.00017000""],[""60810.24000000"",""0.04073000""],[""60810.70000000"",""0.00009000""]]}"""
1780792020|28909000|binance|depth|0|0|663|BTCUSDT|"""{""e"":""depthUpdate"",""E"":1780791943915,""s"":""BTCUSDT"",""U"":95220206747,""u"":95220206756,""b"":[[""54728.96000000"",""0.00510000""],[""54728.00000000"",""0.00000000""],[""48647.96000000"",""0.00000000""]],""a"":[[""60828.00000000"",""0.00600000""]]}"""
1780792020|28912000|binance|depth|0|0|664|BTCUSDT|"""{""lastUpdateId"":95220206780,""bids"":[[""60809.95000000"",""0.19194000""],[""60809.94000000"",""0.00108000""],[""60809.93000000"",""0.00017000""],[""60809.84000000"",""0.00020000""],[""60809.70000000"",""0.00011000""]],""asks"":[[""60809.96000000"",""5.11347000""],[""60809.97000000"",""0.00027000""],[""60809.98000000"",""0.00017000""],[""60810.24000000"",""0.04073000""],[""60810.70000000"",""0.00009000""]]}"""
1780792020|28919000|binance|depth|0|0|665|BTCUSDT|"""{""e"":""depthUpdate"",""E"":1780791944014,""s"":""BTCUSDT"",""U"":95220206757,""u"":95220206780,""b"":[[""60808.01000000"",""0.00018000""],[""60802.01000000"",""0.00010000""],[""60801.15000000"",""0.00000000""],[""60796.84000000"",""0.00000000""],[""60796.78000000"",""0.00010000""],[""60793.92000000"",""0.00020000""],[""60793.37000000"",""0.00010000""],[""54728.96000000"",""0.00510000""],[""48647.96000000"",""0.00041000""]],""a"":[[""60810.98000000"",""0.47716000""],[""60811.01000000"",""0.00009000""],[""60811.38000000"",""0.00849000""],[""60812.48000000"",""0.00010000""],[""60813.12000000"",""0.10427000""],[""60813.75000000"",""0.00010000""],[""60813.79000000"",""0.00000000""],[""60815.07000000"",""0.00010000""],[""60816.31000000"",""0.00000000""],[""60821.29000000"",""0.00010000""],[""60829.41000000"",""0.00000000""],[""60830.00000000"",""0.00600000""]]}"""
1780792020|28924000|binance|depth|0|0|666|BTCUSDT|"""{""lastUpdateId"":95220206798,""bids"":[[""60809.95000000"",""0.19194000""],[""60809.94000000"",""0.00108000""],[""60809.93000000"",""0.00017000""],[""60809.84000000"",""0.00020000""],[""60809.70000000"",""0.00011000""]],""asks"":[[""60809.96000000"",""5.11347000""],[""60809.97000000"",""0.00027000""],[""60809.98000000"",""0.00017000""],[""60810.24000000"",""0.04073000""],[""60810.70000000"",""0.00009000""]]}"""
1780792020|28931000|binance|depth|0|0|667|BTCUSDT|"""{""e"":""depthUpdate"",""E"":1780791944114,""s"":""BTCUSDT"",""U"":95220206781,""u"":95220206798,""b"":[[""60799.43000000"",""0.00009000""],[""60783.83000000"",""0.88863000""],[""60778.08000000"",""0.68801000""],[""60777.55000000"",""0.00000000""],[""60761.01000000"",""0.08326000""],[""60744.44000000"",""0.00000000""],[""60731.22000000"",""0.63281000""],[""54728.96000000"",""0.00490000""]],""a"":[[""60823.77000000"",""0.00009000""],[""60829.41000000"",""0.18228000""],[""60913.70000000"",""0.05425000""],[""60926.96000000"",""0.00000000""]]}"""
1780792020|28935000|binance|depth|0|0|668|BTCUSDT|"""{""lastUpdateId"":95220206902,""bids"":[[""60809.95000000"",""0.19176000""],[""60809.94000000"",""0.00108000""],[""60809.93000000"",""0.00017000""],[""60809.84000000"",""0.00020000""],[""60809.70000000"",""0.00011000""]],""asks"":[[""60809.96000000"",""5.12576000""],[""60809.97000000"",""0.00027000""],[""60809.98000000"",""0.00017000""],[""60810.24000000"",""0.04073000""],[""60810.70000000"",""0.00009000""]]}"""
1780792020|28948000|binance|depth|0|0|669|BTCUSDT|"""{""e"":""depthUpdate"",""E"":1780791944214,""s"":""BTCUSDT"",""U"":95220206799,""u"":95220206902,""b"":[[""60809.95000000"",""0.19176000""],[""60809.94000000"",""0.00108000""],[""60806.45000000"",""0.00000000""],[""60806.12000000"",""0.00010000""],[""60806.11000000"",""0.00018000""],[""60806.01000000"",""0.00018000""],[""60804.83000000"",""0.00018000""],[""60804.01000000"",""0.00009000""],[""60803.87000000"",""0.05791000""],[""60803.60000000"",""0.10951000""],[""60803.55000000"",""0.00000000""],[""60802.49000000"",""0.00000000""],[""60802.33000000"",""0.10951000""],[""60802.31000000"",""0.00000000""],[""60802.24000000"",""0.00010000""],[""60802.20000000"",""0.00009000""],[""60800.79000000"",""0.00000000""],[""60800.48000000"",""0.07579000""],[""60799.88000000"",""0.00010000""],[""60799.87000000"",""0.00000000""],[""60798.62000000"",""0.00000000""],[""60798.53000000"",""0.10951000""],[""60797.15000000"",""0.00033000""],[""60797.14000000"",""0.06737000""],[""60796.77000000"",""0.00000000""],[""60796.07000000"",""0.65097000""],[""60796.06000000"",""1.57852000""],[""60796.05000000"",""0.00010000""],[""60796.04000000"",""0.00000000""],[""60795.16000000"",""0.00000000""],[""60795.12000000"",""0.00000000""],[""60794.78000000"",""0.00400000""],[""60794.74000000"",""0.10951000""],[""60793.44000000"",""0.10951000""],[""60793.38000000"",""0.10951000""],[""60793.37000000"",""1.57862000""],[""60793.36000000"",""1.11741000""],[""60793.35000000"",""0.16939000""],[""60791.89000000"",""0.00161000""],[""60785.62000000"",""0.00000000""],[""60783.83000000"",""0.87218000""],[""60778.08000000"",""0.00000000""],[""60778.07000000"",""0.00000000""],[""60776.19000000"",""0.00400000""],[""60773.46000000"",""0.00632000""],[""60760.19000000"",""1.23311000""],[""60755.56000000"",""0.00000000""],[""60755.33000000"",""0.00000000""],[""60755.10000000"",""0.00000000""],[""60746.43000000"",""0.00000000""],[""60745.43000000"",""0.00585000""],[""60743.17000000"",""0.01702000""],[""60735.92000000"",""0.55733000""],[""60721.21000000"",""0.00000000""],[""60708.56000000"",""0.00000000""],[""60707.62000000"",""0.08658000""],[""60687.26000000"",""0.00000000""],[""60659.03000000"",""4.94797000""],[""60657.98000000"",""0.20218000""],[""54728.96000000"",""0.00490000""],[""48647.96000000"",""0.00000000""]],""a"":[[""60809.96000000"",""5.12576000""],[""60810.70000000"",""0.00009000""],[""60811.38000000"",""0.00442000""],[""60811.82000000"",""0.00000000""],[""60812.34000000"",""0.00034000""],[""60814.76000000"",""0.05036000""],[""60815.04000000"",""0.10951000""],[""60816.05000000"",""0.00400000""],[""60817.15000000"",""0.00010000""],[""60818.25000000"",""1.45432000""],[""60818.26000000"",""2.63034000""],[""60818.28000000"",""0.00000000""],[""60818.51000000"",""0.01360000""],[""60825.01000000"",""0.00000000""],[""60876.37000000"",""0.00000000""],[""60877.75000000"",""1.86379000""],[""60951.00000000"",""0.18729000""],[""60966.32000000"",""0.00000000""],[""61711.75000000"",""1.73798000""],[""61727.92000000"",""0.00000000""]]}"""
1780792020|28965000|binance|depth|0|0|670|BTCUSDT|"""{""lastUpdateId"":95220206946,""bids"":[[""60809.95000000"",""0.19176000""],[""60809.94000000"",""0.00108000""],[""60809.93000000"",""0.00017000""],[""60809.84000000"",""0.00020000""],[""60809.70000000"",""0.00011000""]],""asks"":[[""60809.96000000"",""5.12576000""],[""60809.97000000"",""0.00027000""],[""60809.98000000"",""0.00017000""],[""60810.24000000"",""0.04073000""],[""60810.70000000"",""0.00009000""]]}"""
1780792020|28972000|binance|depth|0|0|671|BTCUSDT|"""{""e"":""depthUpdate"",""E"":1780791944314,""s"":""BTCUSDT"",""U"":95220206903,""u"":95220206946,""b"":[[""60806.91000000"",""0.07992000""],[""60806.51000000"",""0.00034000""],[""60806.30000000"",""0.02138000""],[""60806.11000000"",""0.00000000""],[""60805.05000000"",""0.00586000""],[""60804.83000000"",""0.00000000""],[""60804.00000000"",""0.02518000""],[""60803.90000000"",""0.00920000""],[""60799.84000000"",""0.19587000""],[""60796.07000000"",""0.63452000""],[""60788.94000000"",""0.00400000""],[""60783.53000000"",""0.00000000""],[""60781.00000000"",""0.00200000""],[""60743.67000000"",""0.00110000""],[""60743.00000000"",""0.01081000""],[""60740.33000000"",""0.05100000""],[""60731.22000000"",""0.49422000""],[""60708.01000000"",""0.04401000""],[""60697.42000000"",""0.00000000""],[""60691.53000000"",""0.00858000""],[""54728.96000000"",""0.00510000""]],""a"":[[""60820.16000000"",""0.00400000""],[""60829.65000000"",""0.00200000""],[""60832.18000000"",""0.00000000""],[""60845.49000000"",""0.08124000""],[""60875.09000000"",""0.00000000""],[""60913.70000000"",""0.00000000""],[""60922.84000000"",""0.05294000""]]}"""
1780792020|28986000|binance|depth|0|0|672|BTCUSDT|"""{""lastUpdateId"":95220206960,""bids"":[[""60809.95000000"",""0.19185000""],[""60809.94000000"",""0.00108000""],[""60809.93000000"",""0.00017000""],[""60809.84000000"",""0.00020000""],[""60809.70000000"",""0.00011000""]],""asks"":[[""60809.96000000"",""5.12576000""],[""60809.97000000"",""0.00027000""],[""60809.98000000"",""0.00017000""],[""60810.24000000"",""0.04073000""],[""60810.70000000"",""0.00009000""]]}"""
1780792020|28993000|binance|depth|0|0|673|BTCUSDT|"""{""e"":""depthUpdate"",""E"":1780791944414,""s"":""BTCUSDT"",""U"":95220206947,""u"":95220206960,""b"":[[""60809.95000000"",""0.19185000""],[""60806.91000000"",""0.08001000""],[""60804.20000000"",""0.00009000""],[""60804.19000000"",""0.54297000""],[""60804.01000000"",""0.00000000""],[""60783.01000000"",""0.00400000""],[""60750.28000000"",""0.00000000""],[""54728.96000000"",""0.00510000""],[""48650.00000000"",""0.23347000""]],""a"":[[""60826.39000000"",""0.00400000""]]}"""
1780792020|28997000|binance|depth|0|0|674|BTCUSDT|"""{""lastUpdateId"":95220206976,""bids"":[[""60809.95000000"",""0.19185000""],[""60809.94000000"",""0.00108000""],[""60809.93000000"",""0.00017000""],[""60809.84000000"",""0.00020000""],[""60809.70000000"",""0.00011000""]],""asks"":[[""60809.96000000"",""5.12576000""],[""60809.97000000"",""0.00027000""],[""60809.98000000"",""0.00017000""],[""60810.24000000"",""0.04073000""],[""60810.70000000"",""0.00009000""]]}"""
1780792020|29004000|binance|depth|0|0|675|BTCUSDT|"""{""e"":""depthUpdate"",""E"":1780791944514,""s"":""BTCUSDT"",""U"":95220206961,""u"":95220206976,""b"":[[""60805.05000000"",""0.00586000""],[""60804.19000000"",""0.54315000""],[""60803.90000000"",""0.00902000""],[""60791.94000000"",""0.00000000""],[""60786.15000000"",""0.01541000""],[""60641.41000000"",""0.00000000""],[""60633.95000000"",""0.00974000""],[""54728.96000000"",""0.00510000""],[""48647.96000000"",""0.00041000""]],""a"":[]}"""
1780792020|29008000|binance|depth|0|0|676|BTCUSDT|"""{""lastUpdateId"":95220206984,""bids"":[[""60809.95000000"",""0.19185000""],[""60809.94000000"",""0.00108000""],[""60809.93000000"",""0.00017000""],[""60809.84000000"",""0.00020000""],[""60809.70000000"",""0.00011000""]],""asks"":[[""60809.96000000"",""5.12576000""],[""60809.97000000"",""0.00027000""],[""60809.98000000"",""0.00017000""],[""60810.24000000"",""0.04073000""],[""60810.70000000"",""0.00009000""]]}"""
1780792020|29015000|binance|depth|0|0|677|BTCUSDT|"""{""e"":""depthUpdate"",""E"":1780791944614,""s"":""BTCUSDT"",""U"":95220206977,""u"":95220206984,""b"":[[""60804.87000000"",""0.10951000""],[""60795.28000000"",""0.16556000""],[""54728.96000000"",""0.00510000""],[""48647.96000000"",""0.00000000""]],""a"":[[""60812.34000000"",""0.00000000""]]}"""
1780792020|29018000|binance|depth|0|0|678|BTCUSDT|"""{""lastUpdateId"":95220207010,""bids"":[[""60809.95000000"",""0.19194000""],[""60809.94000000"",""0.00117000""],[""60809.93000000"",""0.00017000""],[""60809.84000000"",""0.00020000""],[""60809.70000000"",""0.00011000""]],""asks"":[[""60809.96000000"",""5.12576000""],[""60809.97000000"",""0.00027000""],[""60809.98000000"",""0.00017000""],[""60810.24000000"",""0.04073000""],[""60810.70000000"",""0.00009000""]]}"""
1780792020|29032000|binance|depth|0|0|679|BTCUSDT|"""{""e"":""depthUpdate"",""E"":1780791944714,""s"":""BTCUSDT"",""U"":95220206985,""u"":95220207010,""b"":[[""60809.95000000"",""0.19194000""],[""60809.94000000"",""0.00117000""],[""60806.91000000"",""0.08010000""],[""60805.05000000"",""0.00586000""],[""60804.88000000"",""0.00009000""],[""60804.87000000"",""0.10969000""],[""60804.00000000"",""0.02500000""],[""60802.28000000"",""0.18768000""],[""60799.85000000"",""0.09337000""],[""60799.84000000"",""0.17942000""],[""60797.14000000"",""0.00000000""],[""60796.09000000"",""0.80619000""],[""60796.08000000"",""0.49831000""],[""60796.07000000"",""0.10951000""],[""60719.90000000"",""0.00000000""],[""54728.96000000"",""0.00510000""]],""a"":[[""60813.77000000"",""0.00000000""]]}"""
1780792020|29037000|binance|depth|0|0|680|BTCUSDT|"""{""lastUpdateId"":95220207026,""bids"":[[""60809.95000000"",""0.19194000""],[""60809.94000000"",""0.00117000""],[""60809.93000000"",""0.00017000""],[""60809.84000000"",""0.00020000""],[""60809.70000000"",""0.00011000""]],""asks"":[[""60809.96000000"",""5.12576000""],[""60809.97000000"",""0.00027000""],[""60809.98000000"",""0.00017000""],[""60810.24000000"",""0.04073000""],[""60810.70000000"",""0.00009000""]]}"""
1780792020|29044000|binance|depth|0|0|681|BTCUSDT|"""{""e"":""depthUpdate"",""E"":1780791944815,""s"":""BTCUSDT"",""U"":95220207011,""u"":95220207026,""b"":[[""60795.73000000"",""0.00400000""],[""60794.78000000"",""0.00000000""],[""60785.96000000"",""0.00000000""],[""60782.21000000"",""0.00200000""],[""60777.72000000"",""0.00400000""],[""60776.19000000"",""0.00000000""],[""54728.96000000"",""0.00510000""],[""54728.00000000"",""0.00000000""]],""a"":[[""60820.16000000"",""0.00000000""],[""60820.86000000"",""0.00400000""],[""60830.86000000"",""0.00200000""],[""60834.61000000"",""0.00000000""]]}"""
1780792020|29048000|binance|depth|0|0|682|BTCUSDT|"""{""lastUpdateId"":95220207048,""bids"":[[""60809.95000000"",""0.19194000""],[""60809.94000000"",""0.00117000""],[""60809.93000000"",""0.00017000""],[""60809.84000000"",""0.00020000""],[""60809.70000000"",""0.00011000""]],""asks"":[[""60809.96000000"",""5.12576000""],[""60809.97000000"",""0.00027000""],[""60809.98000000"",""0.00017000""],[""60810.24000000"",""0.04073000""],[""60810.70000000"",""0.00009000""]]}"""
1780792020|29062000|binance|depth|0|0|683|BTCUSDT|"""{""e"":""depthUpdate"",""E"":1780791944914,""s"":""BTCUSDT"",""U"":95220207027,""u"":95220207048,""b"":[[""60708.01000000"",""0.00000000""],[""60707.62000000"",""0.00000000""],[""60707.36000000"",""0.08487000""],[""54728.96000000"",""0.00510000""],[""54728.00000000"",""0.00020000""],[""48647.96000000"",""0.00000000""]],""a"":[[""60813.12000000"",""0.10427000""],[""60813.75000000"",""0.10574000""]]}"""
1780792020|29066000|binance|depth|0|0|684|BTCUSDT|"""{""lastUpdateId"":95220207086,""bids"":[[""60809.95000000"",""0.19194000""],[""60809.94000000"",""0.00117000""],[""60809.93000000"",""0.00017000""],[""60809.84000000"",""0.00020000""],[""60809.70000000"",""0.00011000""]],""asks"":[[""60809.96000000"",""5.12576000""],[""60809.97000000"",""0.00027000""],[""60809.98000000"",""0.00017000""],[""60810.24000000"",""0.04073000""],[""60810.70000000"",""0.00009000""]]}"""
1780792020|29073000|binance|depth|0|0|685|BTCUSDT|"""{""e"":""depthUpdate"",""E"":1780791945014,""s"":""BTCUSDT"",""U"":95220207049,""u"":95220207086,""b"":[[""60806.12000000"",""0.00000000""],[""60804.88000000"",""0.00019000""],[""60804.20000000"",""0.00019000""],[""60803.88000000"",""0.00000000""],[""60802.29000000"",""0.00010000""],[""60802.01000000"",""0.00000000""],[""60800.84000000"",""0.00018000""],[""60800.49000000"",""0.00010000""],[""60799.88000000"",""0.00000000""],[""60799.85000000"",""0.09347000""],[""60798.63000000"",""0.00000000""],[""60798.54000000"",""0.00010000""],[""60797.26000000"",""0.00010000""],[""60796.78000000"",""0.00000000""],[""60796.07000000"",""0.10961000""],[""60796.05000000"",""0.00000000""],[""60795.29000000"",""0.00010000""],[""60795.13000000"",""0.00000000""],[""60794.74000000"",""0.10961000""],[""60793.38000000"",""0.10961000""],[""60793.37000000"",""1.57852000""],[""60793.36000000"",""1.11731000""],[""60789.74000000"",""0.00010000""],[""60786.96000000"",""1.47683000""],[""60773.46000000"",""0.00016000""],[""54728.96000000"",""0.00510000""],[""54728.00000000"",""0.00000000""],[""48647.96000000"",""0.00041000""]],""a"":[[""60818.25000000"",""1.45442000""],[""60819.09000000"",""0.00000000""],[""60819.85000000"",""0.00010000""],[""60821.29000000"",""0.00000000""],[""60884.08000000"",""0.00000000""]]}"""
1780792020|29091000|binance|depth|0|0|686|BTCUSDT|"""{""lastUpdateId"":95220207093,""bids"":[[""60809.95000000"",""0.19204000""],[""60809.94000000"",""0.00117000""],[""60809.93000000"",""0.00017000""],[""60809.84000000"",""0.00020000""],[""60809.70000000"",""0.00011000""]],""asks"":[[""60809.96000000"",""5.12576000""],[""60809.97000000"",""0.00027000""],[""60809.98000000"",""0.00017000""],[""60810.24000000"",""0.04073000""],[""60810.70000000"",""0.00009000""]]}"""
1780792020|29098000|binance|depth|0|0|687|BTCUSDT|"""{""e"":""depthUpdate"",""E"":1780791945114,""s"":""BTCUSDT"",""U"":95220207087,""u"":95220207093,""b"":[[""60809.95000000"",""0.19204000""],[""60785.62000000"",""0.00616000""],[""60777.53000000"",""0.18524000""],[""54728.96000000"",""0.00510000""]],""a"":[]}"""
1780792020|29101000|binance|depth|0|0|688|BTCUSDT|"""{""lastUpdateId"":95220207110,""bids"":[[""60809.95000000"",""0.19204000""],[""60809.94000000"",""0.00117000""],[""60809.93000000"",""0.00017000""],[""60809.84000000"",""0.00020000""],[""60809.70000000"",""0.00011000""]],""asks"":[[""60809.96000000"",""5.12576000""],[""60809.97000000"",""0.00027000""],[""60809.98000000"",""0.00017000""],[""60810.24000000"",""0.04073000""],[""60810.70000000"",""0.00009000""]]}"""
1780792020|29108000|binance|depth|0|0|689|BTCUSDT|"""{""e"":""depthUpdate"",""E"":1780791945214,""s"":""BTCUSDT"",""U"":95220207094,""u"":95220207110,""b"":[[""60799.43000000"",""0.00009000""],[""60789.56000000"",""0.00400000""],[""60788.94000000"",""0.00000000""],[""60783.39000000"",""0.00400000""],[""60783.01000000"",""0.00000000""],[""54728.96000000"",""0.00510000""],[""48647.96000000"",""0.00000000""]],""a"":[[""60820.74000000"",""0.00400000""],[""60820.86000000"",""0.00000000""],[""60823.77000000"",""0.00009000""],[""60826.39000000"",""0.00000000""],[""60914.52000000"",""0.00000000""],[""60918.17000000"",""0.01969000""],[""60928.75000000"",""0.00000000""]]}"""
1780792020|29112000|binance|depth|0|0|690|BTCUSDT|"""{""e"":""trade"",""E"":1780791945217,""s"":""BTCUSDT"",""t"":6380215541,""p"":""60809.96000000"",""q"":""0.00317000"",""T"":1780791945216,""m"":false,""M"":true}"""
1780792020|29114000|binance|depth|0|0|691|BTCUSDT|"""{""lastUpdateId"":95220207119,""bids"":[[""60809.95000000"",""0.19204000""],[""60809.94000000"",""0.00117000""],[""60809.93000000"",""0.00017000""],[""60809.84000000"",""0.00020000""],[""60809.70000000"",""0.00011000""]],""asks"":[[""60809.96000000"",""5.12259000""],[""60809.97000000"",""0.00027000""],[""60809.98000000"",""0.00017000""],[""60810.24000000"",""0.04073000""],[""60810.70000000"",""0.00009000""]]}"""
1780792020|29121000|binance|depth|0|0|692|BTCUSDT|"""{""e"":""depthUpdate"",""E"":1780791945314,""s"":""BTCUSDT"",""U"":95220207111,""u"":95220207119,""b"":[[""60721.21000000"",""0.51155000""],[""54728.96000000"",""0.00510000""]],""a"":[[""60809.96000000"",""5.12259000""],[""60826.72000000"",""0.00400000""]]}"""
1780792020|29123000|binance|depth|0|0|693|BTCUSDT|"""{""lastUpdateId"":95220207135,""bids"":[[""60809.95000000"",""0.19204000""],[""60809.94000000"",""0.00117000""],[""60809.93000000"",""0.00017000""],[""60809.84000000"",""0.00020000""],[""60809.70000000"",""0.00011000""]],""asks"":[[""60809.96000000"",""5.12259000""],[""60809.97000000"",""0.00027000""],[""60809.98000000"",""0.00017000""],[""60810.24000000"",""0.04073000""],[""60810.70000000"",""0.00009000""]]}"""
1780792020|29130000|binance|depth|0|0|694|BTCUSDT|"""{""e"":""depthUpdate"",""E"":1780791945415,""s"":""BTCUSDT"",""U"":95220207120,""u"":95220207135,""b"":[[""60802.28000000"",""0.00000000""],[""60795.73000000"",""0.00000000""],[""60795.68000000"",""0.00000000""],[""60794.91000000"",""0.00400000""],[""60789.56000000"",""0.00000000""],[""60788.83000000"",""0.00400000""],[""60660.18000000"",""0.02576000""],[""54728.96000000"",""0.00510000""],[""54728.00000000"",""0.00010000""]],""a"":[]}"""
