recv_tsec,recv_tnsec,venue,stream_kind,shard_id,conn_epoch,conn_seq,symbol,payload_json
1780775211|864392000|binance|depth|0|0|0|BTCUSDT|"""{""lastUpdateId"":95210783222,""bids"":[[""60603.99000000"",""3.39209000""],[""60603.98000000"",""0.00035000""],[""60603.97000000"",""0.00017000""],[""60603.92000000"",""0.00400000""],[""60603.64000000"",""0.04091000""]],""asks"":[[""60604.00000000"",""0.17741000""],[""60604.01000000"",""0.00080000""],[""60604.02000000"",""0.00017000""],[""60605.84000000"",""0.00018000""],[""60605.85000000"",""0.03063000""]]}"""
1780775211|864616000|binance|depth|0|0|1|BTCUSDT|"""{""e"":""depthUpdate"",""E"":1780775025014,""s"":""BTCUSDT"",""U"":95210783213,""u"":95210783222,""b"":[[""60572.93000000"",""0.01249000""],[""60494.83000000"",""0.09918000""],[""54543.60000000"",""0.00500000""],[""48483.20000000"",""0.00087000""],[""48483.00000000"",""0.00200000""]],""a"":[[""60683.97000000"",""0.00898000""]]}"""
1780775211|864622000|binance|depth|0|0|2|BTCUSDT|"""{""lastUpdateId"":95210783231,""bids"":[[""60603.99000000"",""3.39209000""],[""60603.98000000"",""0.00035000""],[""60603.97000000"",""0.00017000""],[""60603.92000000"",""0.00400000""],[""60603.64000000"",""0.04091000""]],""asks"":[[""60604.00000000"",""0.17741000""],[""60604.01000000"",""0.00080000""],[""60604.02000000"",""0.00017000""],[""60605.84000000"",""0.00018000""],[""60605.85000000"",""0.03063000""]]}"""
1780775211|864637000|binance|depth|0|0|3|BTCUSDT|"""{""e"":""depthUpdate"",""E"":1780775025114,""s"":""BTCUSDT"",""U"":95210783223,""u"":95210783231,""b"":[[""54543.60000000"",""0.00500000""]],""a"":[[""60615.33000000"",""0.00048000""],[""60635.15000000"",""0.00000000""],[""60635.16000000"",""0.00200000""],[""60700.19000000"",""0.00898000""],[""60717.73000000"",""0.00070000""]]}"""
1780775211|864641000|binance|depth|0|0|4|BTCUSDT|"""{""e"":""trade"",""E"":1780775025205,""s"":""BTCUSDT"",""t"":6379750128,""p"":""60603.99000000"",""q"":""0.00036000"",""T"":1780775025205,""m"":true,""M"":true}"""
1780775211|864645000|binance|depth|0|0|5|BTCUSDT|"""{""lastUpdateId"":95210783240,""bids"":[[""60603.99000000"",""3.39173000""],[""60603.98000000"",""0.00035000""],[""60603.97000000"",""0.00017000""],[""60603.92000000"",""0.00400000""],[""60603.64000000"",""0.04091000""]],""asks"":[[""60604.00000000"",""0.17741000""],[""60604.01000000"",""0.00080000""],[""60604.02000000"",""0.00017000""],[""60605.84000000"",""0.00018000""],[""60605.85000000"",""0.03063000""]]}"""
1780775211|864657000|binance|depth|0|0|6|BTCUSDT|"""{""e"":""depthUpdate"",""E"":1780775025214,""s"":""BTCUSDT"",""U"":95210783232,""u"":95210783240,""b"":[[""60603.99000000"",""3.39173000""],[""54543.60000000"",""0.00500000""],[""48483.20000000"",""0.00046000""]],""a"":[[""60716.40000000"",""0.00898000""],[""60730.15000000"",""0.00000000""],[""60745.08000000"",""0.00143000""]]}"""
1780775211|864662000|binance|depth|0|0|7|BTCUSDT|"""{""lastUpdateId"":95210783249,""bids"":[[""60603.99000000"",""3.39173000""],[""60603.98000000"",""0.00035000""],[""60603.97000000"",""0.00017000""],[""60603.92000000"",""0.00400000""],[""60603.64000000"",""0.04091000""]],""asks"":[[""60604.00000000"",""0.17741000""],[""60604.01000000"",""0.00080000""],[""60604.02000000"",""0.00017000""],[""60605.84000000"",""0.00018000""],[""60605.85000000"",""0.03063000""]]}"""
1780775211|864674000|binance|depth|0|0|8|BTCUSDT|"""{""e"":""depthUpdate"",""E"":1780775025314,""s"":""BTCUSDT"",""U"":95210783241,""u"":95210783249,""b"":[[""54543.60000000"",""0.00500000""],[""54543.00000000"",""0.00000000""]],""a"":[[""60732.62000000"",""0.00897000""]]}"""
1780775211|864678000|binance|depth|0|0|9|BTCUSDT|"""{""lastUpdateId"":95210783262,""bids"":[[""60603.99000000"",""3.39173000""],[""60603.98000000"",""0.00035000""],[""60603.97000000"",""0.00017000""],[""60603.92000000"",""0.00400000""],[""60603.64000000"",""0.04091000""]],""asks"":[[""60604.00000000"",""0.17741000""],[""60604.01000000"",""0.00080000""],[""60604.02000000"",""0.00017000""],[""60605.84000000"",""0.00018000""],[""60605.85000000"",""0.03063000""]]}"""
1780775211|864690000|binance|depth|0|0|10|BTCUSDT|"""{""e"":""depthUpdate"",""E"":1780775025415,""s"":""BTCUSDT"",""U"":95210783250,""u"":95210783262,""b"":[[""60597.92000000"",""0.27700000""],[""54543.60000000"",""0.00500000""],[""54543.00000000"",""0.00000000""]],""a"":[[""60619.25000000"",""0.00400000""],[""60619.31000000"",""0.00000000""],[""60635.14000000"",""3.55673000""],[""60635.16000000"",""0.00000000""],[""60748.83000000"",""0.00897000""]]}"""
1780775211|864695000|binance|depth|0|0|11|BTCUSDT|"""{""lastUpdateId"":95210783275,""bids"":[[""60603.99000000"",""3.39173000""],[""60603.98000000"",""0.00035000""],[""60603.97000000"",""0.00017000""],[""60603.92000000"",""0.00400000""],[""60603.64000000"",""0.04091000""]],""asks"":[[""60604.00000000"",""0.17741000""],[""60604.01000000"",""0.00080000""],[""60604.02000000"",""0.00017000""],[""60605.84000000"",""0.00018000""],[""60605.85000000"",""0.03063000""]]}"""
1780775211|864720000|binance|depth|0|0|12|BTCUSDT|"""{""e"":""depthUpdate"",""E"":1780775025514,""s"":""BTCUSDT"",""U"":95210783263,""u"":95210783275,""b"":[[""60594.80000000"",""0.00800000""],[""60594.74000000"",""0.00000000""],[""54543.60000000"",""0.00500000""],[""54543.00000000"",""0.00000000""],[""48483.20000000"",""0.00087000""]],""a"":[[""60625.31000000"",""0.00400000""],[""60625.37000000"",""0.00000000""],[""60765.05000000"",""0.00897000""]]}"""
1780775211|864725000|binance|depth|0|0|13|BTCUSDT|"""{""lastUpdateId"":95210783289,""bids"":[[""60603.99000000"",""3.39173000""],[""60603.98000000"",""0.00035000""],[""60603.97000000"",""0.00017000""],[""60603.92000000"",""0.00400000""],[""60603.64000000"",""0.04091000""]],""asks"":[[""60604.00000000"",""0.17741000""],[""60604.01000000"",""0.00080000""],[""60604.02000000"",""0.00017000""],[""60605.84000000"",""0.00018000""],[""60605.85000000"",""0.03063000""]]}"""
1780775211|864737000|binance|depth|0|0|14|BTCUSDT|"""{""e"":""depthUpdate"",""E"":1780775025614,""s"":""BTCUSDT"",""U"":95210783276,""u"":95210783289,""b"":[[""60585.79000000"",""0.00009000""],[""60494.83000000"",""0.00000000""],[""54543.60000000"",""0.00500000""],[""54543.00000000"",""0.00000000""],[""48483.20000000"",""0.00046000""],[""33000.00000000"",""31.14030000""]],""a"":[[""60622.17000000"",""0.00009000""],[""60811.79000000"",""0.00000000""]]}"""
1780775211|864742000|binance|depth|0|0|15|BTCUSDT|"""{""lastUpdateId"":95210783296,""bids"":[[""60603.99000000"",""3.25365000""],[""60603.98000000"",""0.00035000""],[""60603.97000000"",""0.00017000""],[""60603.92000000"",""0.00400000""],[""60603.64000000"",""0.04091000""]],""asks"":[[""60604.00000000"",""0.17741000""],[""60604.01000000"",""0.00080000""],[""60604.02000000"",""0.00017000""],[""60605.84000000"",""0.00018000""],[""60605.85000000"",""0.03063000""]]}"""
1780775211|864754000|binance|depth|0|0|16|BTCUSDT|"""{""e"":""depthUpdate"",""E"":1780775025715,""s"":""BTCUSDT"",""U"":95210783290,""u"":95210783296,""b"":[[""60603.99000000"",""3.25365000""],[""60579.74000000"",""0.00490000""],[""60567.62000000"",""0.00618000""],[""54543.60000000"",""0.00500000""]],""a"":[]}"""
1780775211|864758000|binance|depth|0|0|17|BTCUSDT|"""{""lastUpdateId"":95210783313,""bids"":[[""60603.99000000"",""3.25365000""],[""60603.98000000"",""0.00035000""],[""60603.97000000"",""0.00017000""],[""60603.92000000"",""0.00400000""],[""60603.64000000"",""0.04091000""]],""asks"":[[""60604.00000000"",""0.17741000""],[""60604.01000000"",""0.00080000""],[""60604.02000000"",""0.00017000""],[""60605.84000000"",""0.00018000""],[""60605.85000000"",""0.03063000""]]}"""
1780775211|864770000|binance|depth|0|0|18|BTCUSDT|"""{""e"":""depthUpdate"",""E"":1780775025814,""s"":""BTCUSDT"",""U"":95210783297,""u"":95210783313,""b"":[[""60588.73000000"",""0.00400000""],[""60588.68000000"",""0.00000000""],[""54543.60000000"",""0.00480000""],[""54543.00000000"",""0.00000000""],[""48483.19000000"",""0.00000000""]],""a"":[[""60631.31000000"",""0.00400000""],[""60631.43000000"",""0.00000000""],[""60634.82000000"",""0.00200000""],[""60635.17000000"",""0.00000000""]]}"""
1780775211|864775000|binance|depth|0|0|19|BTCUSDT|"""{""lastUpdateId"":95210783323,""bids"":[[""60603.99000000"",""3.25369000""],[""60603.98000000"",""0.00035000""],[""60603.97000000"",""0.00017000""],[""60603.92000000"",""0.00400000""],[""60603.64000000"",""0.04091000""]],""asks"":[[""60604.00000000"",""0.17741000""],[""60604.01000000"",""0.00080000""],[""60604.02000000"",""0.00017000""],[""60605.84000000"",""0.00018000""],[""60605.85000000"",""0.03063000""]]}"""
1780775211|864786000|binance|depth|0|0|20|BTCUSDT|"""{""e"":""depthUpdate"",""E"":1780775025914,""s"":""BTCUSDT"",""U"":95210783314,""u"":95210783323,""b"":[[""60603.99000000"",""3.25369000""],[""60579.74000000"",""0.01108000""],[""60567.62000000"",""0.00000000""],[""54543.60000000"",""0.00480000""]],""a"":[[""60608.19000000"",""0.00009000""],[""60608.20000000"",""0.09748000""]]}"""
1780775211|864800000|binance|depth|0|0|21|BTCUSDT|"""{""lastUpdateId"":95210783349,""bids"":[[""60603.99000000"",""3.25369000""],[""60603.98000000"",""0.00035000""],[""60603.97000000"",""0.00017000""],[""60603.92000000"",""0.00400000""],[""60603.65000000"",""0.00018000""]],""asks"":[[""60604.00000000"",""0.17750000""],[""60604.01000000"",""0.00089000""],[""60604.02000000"",""0.00017000""],[""60605.84000000"",""0.00018000""],[""60605.85000000"",""0.03063000""]]}"""
1780775211|864812000|binance|depth|0|0|22|BTCUSDT|"""{""e"":""depthUpdate"",""E"":1780775026014,""s"":""BTCUSDT"",""U"":95210783324,""u"":95210783349,""b"":[[""60603.65000000"",""0.00018000""],[""60603.25000000"",""0.00018000""],[""60603.24000000"",""0.01025000""],[""60603.23000000"",""0.01522000""],[""60603.22000000"",""0.10547000""],[""54543.60000000"",""0.00500000""],[""48483.20000000"",""0.00087000""]],""a"":[[""60604.00000000"",""0.17750000""],[""60604.01000000"",""0.00089000""],[""60608.00000000"",""0.02518000""],[""60608.20000000"",""0.09766000""],[""60609.64000000"",""0.10575000""]]}"""
1780775211|864819000|binance|depth|0|0|23|BTCUSDT|"""{""lastUpdateId"":95210783356,""bids"":[[""60603.99000000"",""3.25369000""],[""60603.98000000"",""0.00035000""],[""60603.97000000"",""0.00017000""],[""60603.92000000"",""0.00400000""],[""60603.65000000"",""0.00018000""]],""asks"":[[""60604.00000000"",""0.17750000""],[""60604.01000000"",""0.00089000""],[""60604.02000000"",""0.00017000""],[""60605.84000000"",""0.00018000""],[""60605.85000000"",""0.03063000""]]}"""
1780775211|864831000|binance|depth|0|0|24|BTCUSDT|"""{""e"":""depthUpdate"",""E"":1780775026114,""s"":""BTCUSDT"",""U"":95210783350,""u"":95210783356,""b"":[[""60601.99000000"",""0.04830000""],[""59785.96000000"",""0.15929000""],[""54543.60000000"",""0.00500000""],[""48483.00000000"",""0.00400000""]],""a"":[]}"""
1780775211|864834000|binance|depth|0|0|25|BTCUSDT|"""{""lastUpdateId"":95210783366,""bids"":[[""60603.99000000"",""3.25369000""],[""60603.98000000"",""0.00035000""],[""60603.97000000"",""0.00017000""],[""60603.92000000"",""0.00400000""],[""60603.65000000"",""0.00018000""]],""asks"":[[""60604.00000000"",""0.17750000""],[""60604.01000000"",""0.00089000""],[""60604.02000000"",""0.00017000""],[""60605.84000000"",""0.00018000""],[""60605.85000000"",""0.03063000""]]}"""
1780775211|864848000|binance|depth|0|0|26|BTCUSDT|"""{""e"":""depthUpdate"",""E"":1780775026214,""s"":""BTCUSDT"",""U"":95210783357,""u"":95210783366,""b"":[[""60602.94000000"",""0.00210000""],[""60586.00000000"",""0.01503000""],[""59785.96000000"",""0.00000000""],[""54543.60000000"",""0.00500000""],[""48483.20000000"",""0.00046000""],[""48483.00000000"",""0.00200000""]],""a"":[]}"""
1780775211|864853000|binance|depth|0|0|27|BTCUSDT|"""{""lastUpdateId"":95210783606,""bids"":[[""60603.99000000"",""1.94903000""],[""60603.98000000"",""0.00098000""],[""60603.97000000"",""0.00017000""],[""60603.64000000"",""0.00018000""],[""60603.30000000"",""0.00009000""]],""asks"":[[""60604.00000000"",""1.87964000""],[""60604.01000000"",""0.00089000""],[""60604.02000000"",""0.00017000""],[""60604.53000000"",""0.05863000""],[""60605.39000000"",""0.00018000""]]}"""
1780775211|864874000|binance|depth|0|0|28|BTCUSDT|"""{""e"":""depthUpdate"",""E"":1780775026314,""s"":""BTCUSDT"",""U"":95210783367,""u"":95210783606,""b"":[[""60603.99000000"",""1.94903000""],[""60603.98000000"",""0.00098000""],[""60603.92000000"",""0.00000000""],[""60603.65000000"",""0.00000000""],[""60603.64000000"",""0.00018000""],[""60603.60000000"",""0.00000000""],[""60603.25000000"",""0.00000000""],[""60603.24000000"",""0.00036000""],[""60603.23000000"",""0.01504000""],[""60603.22000000"",""0.00189000""],[""60602.95000000"",""0.00000000""],[""60602.88000000"",""0.00018000""],[""60602.86000000"",""0.00018000""],[""60602.59000000"",""0.00000000""],[""60602.58000000"",""0.00018000""],[""60602.40000000"",""0.00000000""],[""60602.30000000"",""0.00018000""],[""60602.27000000"",""0.00009000""],[""60602.00000000"",""0.00000000""],[""60601.94000000"",""0.00000000""],[""60601.75000000"",""0.00009000""],[""60601.15000000"",""0.16890000""],[""60601.11000000"",""0.00000000""],[""60601.05000000"",""0.00000000""],[""60600.89000000"",""0.00000000""],[""60600.78000000"",""0.12265000""],[""60600.47000000"",""0.00000000""],[""60600.36000000"",""0.05421000""],[""60600.33000000"",""0.00000000""],[""60600.23000000"",""0.13077000""],[""60600.06000000"",""0.07608000""],[""60599.74000000"",""0.00000000""],[""60599.53000000"",""0.00330000""],[""60599.41000000"",""0.00000000""],[""60598.51000000"",""0.00825000""],[""60598.50000000"",""0.00000000""],[""60598.49000000"",""0.00000000""],[""60598.48000000"",""0.00000000""],[""60598.13000000"",""0.00000000""],[""60597.93000000"",""0.00000000""],[""60597.92000000"",""0.27300000""],[""60597.19000000"",""0.00825000""],[""60596.70000000"",""0.16500000""],[""60596.03000000"",""1.57988000""],[""60596.02000000"",""0.00000000""],[""60595.75000000"",""0.00000000""],[""60595.11000000"",""0.00000000""],[""60595.09000000"",""0.08898000""],[""60594.80000000"",""0.00400000""],[""60594.72000000"",""0.00400000""],[""60594.45000000"",""0.00164000""],[""60594.35000000"",""0.00000000""],[""60593.41000000"",""3.55473000""],[""60593.38000000"",""0.00000000""],[""60593.36000000"",""0.00000000""],[""60591.69000000"",""0.12921000""],[""60591.36000000"",""0.00000000""],[""60591.35000000"",""0.00000000""],[""60590.83000000"",""0.00000000""],[""60590.51000000"",""0.00024000""],[""60589.93000000"",""0.01486000""],[""60589.92000000"",""0.00400000""],[""60588.27000000"",""4.38004000""],[""60588.26000000"",""0.00000000""],[""60588.24000000"",""0.00000000""],[""60587.58000000"",""1.07289000""],[""60587.57000000"",""0.00000000""],[""60586.40000000"",""0.00000000""],[""60583.37000000"",""0.00000000""],[""60581.10000000"",""0.00000000""],[""60579.74000000"",""0.00000000""],[""60578.08000000"",""0.00400000""],[""60576.56000000"",""0.00400000""],[""60574.39000000"",""0.00275000""],[""60574.28000000"",""0.59458000""],[""60567.62000000"",""0.01108000""],[""60565.20000000"",""0.00000000""],[""60553.15000000"",""0.00000000""],[""60552.50000000"",""0.00000000""],[""60541.37000000"",""0.99046000""],[""60525.27000000"",""0.00000000""],[""60521.23000000"",""0.51329000""],[""60462.94000000"",""4.96403000""],[""60450.18000000"",""0.14665000""],[""60441.11000000"",""0.04480000""],[""54543.60000000"",""0.00500000""]],""a"":[[""60604.00000000"",""1.87964000""],[""60604.01000000"",""0.00089000""],[""60604.53000000"",""0.05863000""],[""60605.39000000"",""0.00018000""],[""60605.40000000"",""0.10500000""],[""60605.44000000"",""0.00400000""],[""60606.79000000"",""0.00009000""],[""60606.80000000"",""0.10500000""],[""60606.86000000"",""0.12512000""],[""60606.96000000"",""0.00400000""],[""60607.99000000"",""0.00155000""],[""60608.19000000"",""0.00000000""],[""60608.48000000"",""0.00400000""],[""60608.76000000"",""0.00825000""],[""60608.99000000"",""0.00000000""],[""60609.33000000"",""0.00000000""],[""60609.35000000"",""0.00018000""],[""60609.69000000"",""0.00000000""],[""60610.00000000"",""0.02900000""],[""60610.67000000"",""0.15062000""],[""60611.71000000"",""0.00000000""],[""60611.99000000"",""0.00000000""],[""60612.51000000"",""0.00000000""],[""60612.77000000"",""1.57988000""],[""60613.04000000"",""0.04473000""],[""60613.66000000"",""0.14696000""],[""60613.99000000"",""0.00825000""],[""60614.81000000"",""0.00000000""],[""60614.99000000"",""0.00000000""],[""60615.17000000"",""0.17395000""],[""60616.60000000"",""0.00000000""],[""60616.95000000"",""0.00000000""],[""60617.06000000"",""0.00000000""],[""60617.86000000"",""1.97494000""],[""60617.87000000"",""0.00000000""],[""60618.84000000"",""1.02381000""],[""60620.80000000"",""0.00000000""],[""60621.98000000"",""0.00000000""],[""60621.99000000"",""0.00000000""],[""60622.35000000"",""0.00000000""],[""60628.81000000"",""0.00000000""],[""60629.69000000"",""0.00400000""],[""60629.76000000"",""0.00000000""],[""60631.28000000"",""0.00000000""],[""60631.61000000"",""0.59402000""],[""60632.80000000"",""0.00000000""],[""60634.32000000"",""0.00000000""],[""60635.14000000"",""3.55473000""],[""60635.84000000"",""0.00000000""],[""60638.20000000"",""1.63339000""],[""60638.30000000"",""0.00000000""],[""60647.24000000"",""0.00000000""],[""60648.29000000"",""0.00000000""],[""60656.50000000"",""0.00000000""],[""60658.94000000"",""0.99046000""],[""60670.73000000"",""0.00000000""],[""60744.28000000"",""0.00000000""]]}"""
1780775211|864939000|binance|depth|0|0|29|BTCUSDT|"""{""lastUpdateId"":95210783688,""bids"":[[""60603.99000000"",""1.94729000""],[""60603.98000000"",""0.00098000""],[""60603.97000000"",""0.00017000""],[""60603.30000000"",""0.00009000""],[""60603.24000000"",""0.00018000""]],""asks"":[[""60604.00000000"",""1.80474000""],[""60604.01000000"",""0.00089000""],[""60604.02000000"",""0.00017000""],[""60604.52000000"",""0.00018000""],[""60604.53000000"",""0.05881000""]]}"""
1780775211|864953000|binance|depth|0|0|30|BTCUSDT|"""{""e"":""depthUpdate"",""E"":1780775026414,""s"":""BTCUSDT"",""U"":95210783607,""u"":95210783688,""b"":[[""60603.99000000"",""1.94729000""],[""60603.64000000"",""0.00000000""],[""60603.24000000"",""0.00018000""],[""60603.23000000"",""0.01504000""],[""60603.22000000"",""0.00171000""],[""60602.85000000"",""0.02018000""],[""60602.58000000"",""0.00000000""],[""60602.29000000"",""0.02018000""],[""60602.26000000"",""0.02018000""],[""60602.25000000"",""0.04018000""],[""60601.99000000"",""0.12438000""],[""60600.23000000"",""0.13068000""],[""60600.06000000"",""0.00000000""],[""60599.55000000"",""0.00034000""],[""60596.99000000"",""0.10500000""],[""60596.22000000"",""0.00188000""],[""60596.04000000"",""0.10500000""],[""60589.92000000"",""0.00000000""],[""60588.02000000"",""0.00400000""],[""60537.65000000"",""0.00000000""],[""60535.33000000"",""0.00000000""],[""54543.60000000"",""0.00500000""]],""a"":[[""60604.00000000"",""1.80474000""],[""60604.52000000"",""0.00018000""],[""60604.53000000"",""0.05881000""],[""60605.40000000"",""0.10518000""],[""60605.75000000"",""0.00009000""],[""60605.76000000"",""0.07608000""],[""60606.00000000"",""0.02528000""],[""60606.79000000"",""0.00000000""],[""60606.80000000"",""0.10518000""],[""60606.85000000"",""0.00000000""],[""60608.20000000"",""0.09766000""],[""60609.00000000"",""0.01610000""],[""60609.35000000"",""0.00000000""],[""60609.60000000"",""0.09908000""],[""60615.33000000"",""0.00000000""],[""60618.46000000"",""0.00400000""],[""60625.31000000"",""0.00000000""],[""60637.66000000"",""0.03345000""],[""60717.73000000"",""0.00000000""],[""60719.55000000"",""0.00000000""]]}"""
1780775211|864967000|binance|depth|0|0|31|BTCUSDT|"""{""lastUpdateId"":95210783732,""bids"":[[""60603.99000000"",""1.94729000""],[""60603.98000000"",""0.00098000""],[""60603.97000000"",""0.00017000""],[""60603.30000000"",""0.00009000""],[""60603.24000000"",""0.00018000""]],""asks"":[[""60604.00000000"",""1.80540000""],[""60604.01000000"",""0.00098000""],[""60604.02000000"",""0.00017000""],[""60604.52000000"",""0.00018000""],[""60604.53000000"",""0.05881000""]]}"""
1780775211|864980000|binance|depth|0|0|32|BTCUSDT|"""{""e"":""depthUpdate"",""E"":1780775026514,""s"":""BTCUSDT"",""U"":95210783689,""u"":95210783732,""b"":[[""60603.99000000"",""1.94729000""],[""60603.98000000"",""0.00098000""],[""60588.18000000"",""0.01402000""],[""55753.84000000"",""0.00018000""],[""54543.60000000"",""0.00500000""],[""48483.20000000"",""0.00087000""]],""a"":[[""60604.00000000"",""1.80540000""],[""60604.01000000"",""0.00098000""],[""60605.40000000"",""0.10518000""],[""60605.76000000"",""0.07626000""],[""60608.20000000"",""0.09748000""],[""60617.88000000"",""1.57988000""],[""60658.94000000"",""0.00000000""],[""60659.20000000"",""0.99046000""]]}"""
1780775211|864986000|binance|depth|0|0|33|BTCUSDT|"""{""lastUpdateId"":95210783757,""bids"":[[""60603.99000000"",""1.94720000""],[""60603.98000000"",""0.00098000""],[""60603.97000000"",""0.00017000""],[""60603.30000000"",""0.00009000""],[""60603.24000000"",""0.00018000""]],""asks"":[[""60604.00000000"",""1.80474000""],[""60604.01000000"",""0.00089000""],[""60604.02000000"",""0.00017000""],[""60604.52000000"",""0.00018000""],[""60604.53000000"",""0.05881000""]]}"""
1780775211|865007000|binance|depth|0|0|34|BTCUSDT|"""{""e"":""depthUpdate"",""E"":1780775026614,""s"":""BTCUSDT"",""U"":95210783733,""u"":95210783757,""b"":[[""60603.99000000"",""1.94720000""],[""60603.22000000"",""0.00000000""],[""60594.91000000"",""0.00400000""],[""60594.72000000"",""0.00000000""],[""60585.79000000"",""0.00009000""],[""60580.06000000"",""0.49286000""],[""60561.89000000"",""0.96080000""],[""54543.60000000"",""0.00500000""],[""48483.20000000"",""0.00046000""],[""48483.00000000"",""0.00200000""]],""a"":[[""60604.00000000"",""1.80474000""],[""60604.01000000"",""0.00089000""],[""60611.24000000"",""0.00048000""],[""60613.31000000"",""0.00400000""],[""60619.25000000"",""0.00000000""],[""60622.17000000"",""0.00009000""],[""60632.58000000"",""0.47096000""],[""60650.77000000"",""0.88246000""]]}"""
1780775211|865014000|binance|depth|0|0|35|BTCUSDT|"""{""lastUpdateId"":95210783770,""bids"":[[""60603.99000000"",""2.01143000""],[""60603.98000000"",""0.00098000""],[""60603.97000000"",""0.00017000""],[""60603.30000000"",""0.00009000""],[""60603.24000000"",""0.00018000""]],""asks"":[[""60604.00000000"",""1.80474000""],[""60604.01000000"",""0.00089000""],[""60604.02000000"",""0.00017000""],[""60604.52000000"",""0.00018000""],[""60604.53000000"",""0.05881000""]]}"""
1780775211|865027000|binance|depth|0|0|36|BTCUSDT|"""{""e"":""depthUpdate"",""E"":1780775026714,""s"":""BTCUSDT"",""U"":95210783758,""u"":95210783770,""b"":[[""60603.99000000"",""2.01143000""],[""60591.67000000"",""0.00333000""],[""60505.06000000"",""0.00000000""],[""60465.01000000"",""0.00000000""],[""60456.01000000"",""0.00977000""],[""54543.60000000"",""0.00500000""]],""a"":[[""60615.17000000"",""0.00000000""],[""60617.51000000"",""0.51120000""],[""60629.39000000"",""0.00200000""],[""60634.82000000"",""0.00000000""]]}"""
1780775211|865032000|binance|depth|0|0|37|BTCUSDT|"""{""lastUpdateId"":95210783811,""bids"":[[""60603.99000000"",""2.64843000""],[""60603.98000000"",""0.00098000""],[""60603.97000000"",""0.00017000""],[""60603.30000000"",""0.00009000""],[""60603.24000000"",""0.00018000""]],""asks"":[[""60604.00000000"",""0.97442000""],[""60604.01000000"",""0.00089000""],[""60604.02000000"",""0.00017000""],[""60604.52000000"",""0.00018000""],[""60604.53000000"",""0.00018000""]]}"""
1780775211|865044000|binance|depth|0|0|38|BTCUSDT|"""{""e"":""depthUpdate"",""E"":1780775026814,""s"":""BTCUSDT"",""U"":95210783771,""u"":95210783811,""b"":[[""60603.99000000"",""2.64843000""],[""60596.22000000"",""0.00000000""],[""60595.09000000"",""0.00898000""],[""60572.05000000"",""0.59461000""],[""54543.60000000"",""0.00500000""],[""54543.59000000"",""0.00021000""],[""48483.19000000"",""0.00000000""]],""a"":[[""60604.00000000"",""0.97442000""],[""60604.53000000"",""0.00018000""],[""60617.51000000"",""0.00000000""],[""60617.85000000"",""0.08746000""],[""60618.84000000"",""0.19850000""],[""60622.35000000"",""0.82533000""],[""60627.42000000"",""0.59406000""],[""60659.20000000"",""0.00000000""],[""60659.82000000"",""0.99046000""]]}"""
1780775211|865051000|binance|depth|0|0|39|BTCUSDT|"""{""lastUpdateId"":95210783962,""bids"":[[""60603.99000000"",""2.92012000""],[""60603.98000000"",""0.00035000""],[""60603.97000000"",""0.00017000""],[""60603.92000000"",""0.00400000""],[""60603.30000000"",""0.00009000""]],""asks"":[[""60604.00000000"",""0.18574000""],[""60604.01000000"",""0.00080000""],[""60604.02000000"",""0.00017000""],[""60605.40000000"",""0.00018000""],[""60605.76000000"",""0.00018000""]]}"""
1780775211|865077000|binance|depth|0|0|40|BTCUSDT|"""{""e"":""depthUpdate"",""E"":1780775026914,""s"":""BTCUSDT"",""U"":95210783812,""u"":95210783962,""b"":[[""60603.99000000"",""2.92012000""],[""60603.98000000"",""0.00035000""],[""60603.92000000"",""0.00400000""],[""60603.35000000"",""0.00000000""],[""60603.31000000"",""0.00000000""],[""60602.59000000"",""0.10509000""],[""60602.40000000"",""0.00400000""],[""60602.30000000"",""0.00000000""],[""60602.27000000"",""0.00000000""],[""60602.24000000"",""0.04073000""],[""60601.99000000"",""0.04830000""],[""60601.19000000"",""0.10500000""],[""60600.36000000"",""0.00000000""],[""60600.23000000"",""0.13077000""],[""60599.89000000"",""0.59477000""],[""60599.53000000"",""0.00000000""],[""60598.39000000"",""0.10500000""],[""60598.03000000"",""0.16500000""],[""60597.60000000"",""0.00000000""],[""60596.70000000"",""0.00000000""],[""60596.31000000"",""0.04073000""],[""60594.19000000"",""0.10500000""],[""60593.42000000"",""0.10500000""],[""60587.64000000"",""0.59445000""],[""60579.60000000"",""0.00000000""],[""60578.08000000"",""0.00000000""],[""60576.56000000"",""0.00000000""],[""60574.28000000"",""0.00000000""],[""60567.62000000"",""0.00618000""],[""60541.37000000"",""0.00000000""],[""60450.18000000"",""0.00000000""],[""60441.11000000"",""0.00000000""],[""54543.60000000"",""0.00500000""],[""54543.59000000"",""0.00010000""],[""54543.00000000"",""0.00000000""]],""a"":[[""60604.00000000"",""0.18574000""],[""60604.01000000"",""0.00080000""],[""60604.52000000"",""0.00000000""],[""60604.53000000"",""0.00000000""],[""60605.39000000"",""0.00000000""],[""60605.40000000"",""0.00018000""],[""60605.44000000"",""0.00000000""],[""60605.75000000"",""0.00000000""],[""60605.76000000"",""0.00018000""],[""60606.79000000"",""0.00018000""],[""60606.80000000"",""0.00018000""],[""60606.85000000"",""0.00018000""],[""60606.91000000"",""0.00009000""],[""60606.92000000"",""0.00000000""],[""60606.96000000"",""0.00000000""],[""60607.98000000"",""0.00000000""],[""60607.99000000"",""0.00000000""],[""60608.20000000"",""0.09766000""],[""60608.76000000"",""0.00000000""],[""60609.39000000"",""0.06322000""],[""60609.76000000"",""0.00000000""],[""60610.40000000"",""0.00000000""],[""60610.67000000"",""0.00000000""],[""60610.97000000"",""0.00000000""],[""60613.04000000"",""0.00400000""],[""60613.31000000"",""0.00000000""],[""60613.66000000"",""0.00000000""],[""60613.86000000"",""0.00825000""],[""60613.87000000"",""0.00000000""],[""60616.11000000"",""0.00400000""],[""60617.85000000"",""0.00000000""],[""60617.86000000"",""0.00009000""],[""60618.46000000"",""0.00000000""],[""60618.84000000"",""0.00000000""],[""60620.14000000"",""0.11602000""],[""60623.24000000"",""0.19850000""],[""60623.47000000"",""0.00400000""],[""60627.42000000"",""0.00000000""],[""60631.28000000"",""0.00400000""],[""60634.32000000"",""0.00400000""],[""60638.20000000"",""0.00000000""],[""60648.64000000"",""0.59385000""],[""60659.82000000"",""0.00000000""],[""60660.67000000"",""0.00000000""],[""60661.92000000"",""0.00000000""],[""60757.23000000"",""4.93998000""]]}"""
1780775211|865110000|binance|depth|0|0|41|BTCUSDT|"""{""e"":""trade"",""E"":1780775026974,""s"":""BTCUSDT"",""t"":6379750129,""p"":""60604.00000000"",""q"":""0.00087000"",""T"":1780775026973,""m"":false,""M"":true}"""
1780775211|865114000|binance|depth|0|0|42|BTCUSDT|"""{""lastUpdateId"":95210784065,""bids"":[[""60603.99000000"",""2.92829000""],[""60603.98000000"",""0.00035000""],[""60603.97000000"",""0.00017000""],[""60603.92000000"",""0.00400000""],[""60603.37000000"",""0.00164000""]],""asks"":[[""60604.00000000"",""0.18658000""],[""60604.01000000"",""0.00071000""],[""60604.02000000"",""0.00017000""],[""60605.84000000"",""0.00018000""],[""60605.85000000"",""0.03063000""]]}"""
1780775211|865126000|binance|depth|0|0|43|BTCUSDT|"""{""e"":""depthUpdate"",""E"":1780775027014,""s"":""BTCUSDT"",""U"":95210783963,""u"":95210784065,""b"":[[""60603.99000000"",""2.92829000""],[""60603.37000000"",""0.00164000""],[""60602.85000000"",""0.02018000""],[""60602.60000000"",""0.00843000""],[""60602.59000000"",""0.10527000""],[""60602.30000000"",""0.00009000""],[""60602.25000000"",""0.04018000""],[""60600.78000000"",""0.12256000""],[""60599.90000000"",""1.57988000""],[""60598.51000000"",""0.00000000""],[""60597.19000000"",""0.00000000""],[""60594.45000000"",""0.00000000""],[""60594.19000000"",""0.00000000""],[""60593.42000000"",""0.00000000""],[""60593.07000000"",""0.00400000""],[""60589.58000000"",""0.00275000""],[""60588.02000000"",""0.00000000""],[""60579.74000000"",""0.00490000""],[""60574.39000000"",""0.00000000""],[""60549.04000000"",""0.99047000""],[""54543.60000000"",""0.00510000""],[""54543.59000000"",""0.00000000""],[""48483.20000000"",""0.00087000""]],""a"":[[""60604.00000000"",""0.18658000""],[""60604.01000000"",""0.00071000""],[""60605.40000000"",""0.00000000""],[""60605.76000000"",""0.00000000""],[""60606.00000000"",""0.02528000""],[""60606.79000000"",""0.00000000""],[""60606.80000000"",""0.00000000""],[""60606.91000000"",""0.00000000""],[""60607.99000000"",""0.00018000""],[""60608.19000000"",""0.00009000""],[""60608.20000000"",""0.09766000""],[""60608.48000000"",""0.00000000""],[""60609.00000000"",""0.01628000""],[""60609.39000000"",""0.06340000""],[""60609.60000000"",""0.09926000""],[""60611.13000000"",""0.00048000""],[""60611.51000000"",""0.00000000""],[""60612.69000000"",""0.05863000""],[""60613.99000000"",""0.00000000""],[""60614.99000000"",""0.00825000""],[""60615.17000000"",""0.10109000""],[""60619.25000000"",""0.00155000""],[""60623.24000000"",""0.00000000""],[""60623.47000000"",""0.00000000""],[""60624.64000000"",""0.00400000""],[""60628.81000000"",""0.19850000""],[""60632.80000000"",""0.00400000""],[""60666.62000000"",""0.99047000""],[""60668.65000000"",""0.00000000""],[""60714.92000000"",""0.00070000""]]}"""
1780775211|865151000|binance|depth|0|0|44|BTCUSDT|"""{""lastUpdateId"":95210784081,""bids"":[[""60603.99000000"",""2.79021000""],[""60603.98000000"",""0.00035000""],[""60603.97000000"",""0.00017000""],[""60603.92000000"",""0.00400000""],[""60603.37000000"",""0.00164000""]],""asks"":[[""60604.00000000"",""0.18408000""],[""60604.01000000"",""0.00071000""],[""60604.02000000"",""0.00017000""],[""60605.84000000"",""0.00018000""],[""60605.85000000"",""0.03063000""]]}"""
1780775211|865164000|binance|depth|0|0|45|BTCUSDT|"""{""e"":""depthUpdate"",""E"":1780775027114,""s"":""BTCUSDT"",""U"":95210784066,""u"":95210784081,""b"":[[""60603.99000000"",""2.79021000""],[""60602.85000000"",""0.02018000""],[""60599.83000000"",""0.00000000""],[""60596.83000000"",""0.01650000""],[""55753.84000000"",""0.00000000""],[""54543.60000000"",""0.00510000""]],""a"":[[""60604.00000000"",""0.18408000""],[""60612.18000000"",""0.07608000""],[""60627.98000000"",""0.00000000""],[""60630.98000000"",""0.01650000""]]}"""
1780775211|865169000|binance|depth|0|0|46|BTCUSDT|"""{""lastUpdateId"":95210784094,""bids"":[[""60603.99000000"",""2.92829000""],[""60603.98000000"",""0.00035000""],[""60603.97000000"",""0.00017000""],[""60603.92000000"",""0.00400000""],[""60603.37000000"",""0.00164000""]],""asks"":[[""60604.00000000"",""0.18408000""],[""60604.01000000"",""0.00071000""],[""60604.02000000"",""0.00017000""],[""60605.84000000"",""0.00018000""],[""60605.85000000"",""0.03063000""]]}"""
1780775211|865182000|binance|depth|0|0|47|BTCUSDT|"""{""e"":""depthUpdate"",""E"":1780775027214,""s"":""BTCUSDT"",""U"":95210784082,""u"":95210784094,""b"":[[""60603.99000000"",""2.92829000""],[""60593.31000000"",""0.00000000""],[""60592.32000000"",""0.00200000""],[""54543.60000000"",""0.00510000""],[""54543.00000000"",""0.00010000""],[""48483.20000000"",""0.00046000""]],""a"":[[""60628.69000000"",""0.00200000""],[""60629.69000000"",""0.00000000""],[""60634.30000000"",""0.00200000""]]}"""
1780775211|865187000|binance|depth|0|0|48|BTCUSDT|"""{""lastUpdateId"":95210784108,""bids"":[[""60603.99000000"",""2.92829000""],[""60603.98000000"",""0.00035000""],[""60603.97000000"",""0.00017000""],[""60603.92000000"",""0.00400000""],[""60603.37000000"",""0.00164000""]],""asks"":[[""60604.00000000"",""0.18408000""],[""60604.01000000"",""0.00071000""],[""60604.02000000"",""0.00017000""],[""60605.84000000"",""0.00018000""],[""60605.85000000"",""0.03063000""]]}"""
1780775211|865199000|binance|depth|0|0|49|BTCUSDT|"""{""e"":""depthUpdate"",""E"":1780775027314,""s"":""BTCUSDT"",""U"":95210784095,""u"":95210784108,""b"":[[""60588.73000000"",""0.00000000""],[""60587.96000000"",""0.00400000""],[""60579.69000000"",""0.00019000""],[""54543.60000000"",""0.00510000""],[""54543.00000000"",""0.00010000""]],""a"":[[""60629.39000000"",""0.00000000""],[""60630.62000000"",""0.00400000""],[""60631.31000000"",""0.00000000""],[""60634.09000000"",""0.00200000""],[""60698.98000000"",""0.00000000""]]}"""
1780775211|865214000|binance|depth|0|0|50|BTCUSDT|"""{""e"":""trade"",""E"":1780775027373,""s"":""BTCUSDT"",""t"":6379750130,""p"":""60604.00000000"",""q"":""0.00016000"",""T"":1780775027373,""m"":false,""M"":true}"""
1780775211|865217000|binance|depth|0|0|51|BTCUSDT|"""{""lastUpdateId"":95210784114,""bids"":[[""60603.99000000"",""2.92829000""],[""60603.98000000"",""0.00035000""],[""60603.97000000"",""0.00017000""],[""60603.92000000"",""0.00400000""],[""60603.37000000"",""0.00164000""]],""asks"":[[""60604.00000000"",""0.18392000""],[""60604.01000000"",""0.00071000""],[""60604.02000000"",""0.00017000""],[""60605.84000000"",""0.00018000""],[""60605.85000000"",""0.03063000""]]}"""
1780775211|865230000|binance|depth|0|0|52|BTCUSDT|"""{""e"":""depthUpdate"",""E"":1780775027414,""s"":""BTCUSDT"",""U"":95210784109,""u"":95210784114,""b"":[[""54543.60000000"",""0.00510000""],[""54543.00000000"",""0.00000000""]],""a"":[[""60604.00000000"",""0.18392000""]]}"""
1780775211|865233000|binance|depth|0|0|53|BTCUSDT|"""{""e"":""trade"",""E"":1780775027472,""s"":""BTCUSDT"",""t"":6379750131,""p"":""60603.99000000"",""q"":""0.00016000"",""T"":1780775027472,""m"":true,""M"":true}"""
1780775211|865236000|binance|depth|0|0|54|BTCUSDT|"""{""lastUpdateId"":95210784126,""bids"":[[""60603.99000000"",""2.92813000""],[""60603.98000000"",""0.00035000""],[""60603.97000000"",""0.00017000""],[""60603.92000000"",""0.00400000""],[""60603.37000000"",""0.00164000""]],""asks"":[[""60604.00000000"",""0.18392000""],[""60604.01000000"",""0.00071000""],[""60604.02000000"",""0.00017000""],[""60605.84000000"",""0.00018000""],[""60605.85000000"",""0.03063000""]]}"""
1780775211|865249000|binance|depth|0|0|55|BTCUSDT|"""{""e"":""depthUpdate"",""E"":1780775027514,""s"":""BTCUSDT"",""U"":95210784115,""u"":95210784126,""b"":[[""60603.99000000"",""2.92813000""],[""60592.43000000"",""0.00209000""],[""60592.32000000"",""0.00000000""],[""54543.60000000"",""0.00510000""],[""48483.20000000"",""0.00087000""]],""a"":[[""60618.10000000"",""0.14015000""],[""60628.69000000"",""0.00000000""],[""60628.81000000"",""0.20050000""],[""60631.56000000"",""0.15630000""]]}"""
1780775211|865254000|binance|depth|0|0|56|BTCUSDT|"""{""lastUpdateId"":95210784138,""bids"":[[""60603.99000000"",""2.92813000""],[""60603.98000000"",""0.00035000""],[""60603.97000000"",""0.00017000""],[""60603.92000000"",""0.00400000""],[""60603.37000000"",""0.00164000""]],""asks"":[[""60604.00000000"",""0.17692000""],[""60604.01000000"",""0.00071000""],[""60604.02000000"",""0.00017000""],[""60605.84000000"",""0.00018000""],[""60605.85000000"",""0.03063000""]]}"""
1780775211|865266000|binance|depth|0|0|57|BTCUSDT|"""{""e"":""depthUpdate"",""E"":1780775027614,""s"":""BTCUSDT"",""U"":95210784127,""u"":95210784138,""b"":[[""60585.79000000"",""0.00000000""],[""60579.74000000"",""0.00000000""],[""60567.62000000"",""0.01108000""],[""54543.60000000"",""0.00490000""],[""48483.20000000"",""0.00046000""]],""a"":[[""60604.00000000"",""0.17692000""],[""60622.17000000"",""0.00000000""],[""60634.06000000"",""0.00200000""],[""60634.09000000"",""0.00000000""]]}"""
1780775211|865271000|binance|depth|0|0|58|BTCUSDT|"""{""lastUpdateId"":95210784147,""bids"":[[""60603.99000000"",""2.92813000""],[""60603.98000000"",""0.00035000""],[""60603.97000000"",""0.00017000""],[""60603.92000000"",""0.00400000""],[""60603.37000000"",""0.00164000""]],""asks"":[[""60604.00000000"",""0.18392000""],[""60604.01000000"",""0.00071000""],[""60604.02000000"",""0.00017000""],[""60605.84000000"",""0.00018000""],[""60605.85000000"",""0.03063000""]]}"""
1780775211|865282000|binance|depth|0|0|59|BTCUSDT|"""{""e"":""depthUpdate"",""E"":1780775027715,""s"":""BTCUSDT"",""U"":95210784139,""u"":95210784147,""b"":[[""60603.15000000"",""0.00172000""],[""60585.79000000"",""0.00009000""],[""60462.77000000"",""0.00977000""],[""60456.01000000"",""0.00000000""],[""54543.60000000"",""0.00490000""]],""a"":[[""60604.00000000"",""0.18392000""],[""60622.17000000"",""0.00009000""]]}"""
1780775211|865301000|binance|depth|0|0|60|BTCUSDT|"""{""lastUpdateId"":95210784156,""bids"":[[""60603.99000000"",""2.92813000""],[""60603.98000000"",""0.00035000""],[""60603.97000000"",""0.00017000""],[""60603.92000000"",""0.00400000""],[""60603.37000000"",""0.00164000""]],""asks"":[[""60604.00000000"",""0.18392000""],[""60604.01000000"",""0.00071000""],[""60604.02000000"",""0.00017000""],[""60605.84000000"",""0.00018000""],[""60605.85000000"",""0.03063000""]]}"""
1780775211|865314000|binance|depth|0|0|61|BTCUSDT|"""{""e"":""depthUpdate"",""E"":1780775027814,""s"":""BTCUSDT"",""U"":95210784148,""u"":95210784156,""b"":[[""54543.60000000"",""0.00510000""],[""48483.19000000"",""0.00000000""]],""a"":[]}"""
1780775211|865317000|binance|depth|0|0|62|BTCUSDT|"""{""lastUpdateId"":95210784164,""bids"":[[""60603.99000000"",""2.92813000""],[""60603.98000000"",""0.00035000""],[""60603.97000000"",""0.00017000""],[""60603.92000000"",""0.00400000""],[""60603.37000000"",""0.00164000""]],""asks"":[[""60604.00000000"",""0.18392000""],[""60604.01000000"",""0.00071000""],[""60604.02000000"",""0.00017000""],[""60605.84000000"",""0.00018000""],[""60605.85000000"",""0.03063000""]]}"""
1780775211|865329000|binance|depth|0|0|63|BTCUSDT|"""{""e"":""depthUpdate"",""E"":1780775027914,""s"":""BTCUSDT"",""U"":95210784157,""u"":95210784164,""b"":[[""60594.06000000"",""0.00400000""],[""60593.07000000"",""0.00000000""],[""54543.60000000"",""0.00510000""]],""a"":[[""60624.56000000"",""0.00400000""],[""60624.64000000"",""0.00000000""]]}"""
1780775211|865333000|binance|depth|0|0|64|BTCUSDT|"""{""lastUpdateId"":95210784169,""bids"":[[""60603.99000000"",""2.92813000""],[""60603.98000000"",""0.00035000""],[""60603.97000000"",""0.00017000""],[""60603.92000000"",""0.00400000""],[""60603.37000000"",""0.00164000""]],""asks"":[[""60604.00000000"",""0.18392000""],[""60604.01000000"",""0.00071000""],[""60604.02000000"",""0.00017000""],[""60605.84000000"",""0.00018000""],[""60605.85000000"",""0.03063000""]]}"""
1780775211|865346000|binance|depth|0|0|65|BTCUSDT|"""{""e"":""depthUpdate"",""E"":1780775028014,""s"":""BTCUSDT"",""U"":95210784165,""u"":95210784169,""b"":[[""54543.60000000"",""0.00510000""],[""48483.20000000"",""0.00087000""]],""a"":[]}"""
1780775211|865349000|binance|depth|0|0|66|BTCUSDT|"""{""lastUpdateId"":95210784187,""bids"":[[""60603.99000000"",""2.92813000""],[""60603.98000000"",""0.00035000""],[""60603.97000000"",""0.00017000""],[""60603.92000000"",""0.00400000""],[""60603.37000000"",""0.00164000""]],""asks"":[[""60604.00000000"",""0.17692000""],[""60604.01000000"",""0.00071000""],[""60604.02000000"",""0.00017000""],[""60605.84000000"",""0.00018000""],[""60605.85000000"",""0.03063000""]]}"""
1780775211|865361000|binance|depth|0|0|67|BTCUSDT|"""{""e"":""depthUpdate"",""E"":1780775028114,""s"":""BTCUSDT"",""U"":95210784170,""u"":95210784187,""b"":[[""60603.99000000"",""2.92813000""],[""60598.39000000"",""0.00000000""],[""60597.92000000"",""0.27700000""],[""60594.91000000"",""0.00000000""],[""60592.43000000"",""0.00009000""],[""60592.17000000"",""0.00200000""],[""54543.60000000"",""0.00510000""],[""54543.00000000"",""0.00000000""]],""a"":[[""60604.00000000"",""0.17692000""],[""60616.11000000"",""0.00000000""],[""60618.48000000"",""0.00410000""],[""60628.54000000"",""0.00200000""],[""60628.81000000"",""0.19850000""]]}"""
1780775211|865368000|binance|depth|0|0|68|BTCUSDT|"""{""lastUpdateId"":95210784195,""bids"":[[""60603.99000000"",""2.92813000""],[""60603.98000000"",""0.00035000""],[""60603.97000000"",""0.00017000""],[""60603.92000000"",""0.00400000""],[""60603.37000000"",""0.00164000""]],""asks"":[[""60604.00000000"",""0.17692000""],[""60604.01000000"",""0.00071000""],[""60604.02000000"",""0.00017000""],[""60605.84000000"",""0.00018000""],[""60605.85000000"",""0.03063000""]]}"""
1780775211|865379000|binance|depth|0|0|69|BTCUSDT|"""{""e"":""depthUpdate"",""E"":1780775028214,""s"":""BTCUSDT"",""U"":95210784188,""u"":95210784195,""b"":[[""54543.60000000"",""0.00510000""],[""48483.20000000"",""0.00046000""],[""48483.00000000"",""0.00200000""]],""a"":[[""77798.63000000"",""0.00019000""]]}"""
1780775211|865391000|binance|depth|0|0|70|BTCUSDT|"""{""lastUpdateId"":95210784224,""bids"":[[""60603.99000000"",""2.92813000""],[""60603.98000000"",""0.00035000""],[""60603.97000000"",""0.00017000""],[""60603.92000000"",""0.00400000""],[""60603.37000000"",""0.00164000""]],""asks"":[[""60604.00000000"",""0.02402000""],[""60604.01000000"",""0.00071000""],[""60604.02000000"",""0.00017000""],[""60605.84000000"",""0.00018000""],[""60605.85000000"",""0.03063000""]]}"""
1780775211|865403000|binance|depth|0|0|71|BTCUSDT|"""{""e"":""depthUpdate"",""E"":1780775028314,""s"":""BTCUSDT"",""U"":95210784196,""u"":95210784224,""b"":[[""60603.99000000"",""2.92813000""],[""60603.24000000"",""0.00000000""],[""60603.15000000"",""0.00009000""],[""60602.94000000"",""0.00384000""],[""60602.88000000"",""0.00000000""],[""60602.86000000"",""0.00000000""],[""60602.60000000"",""0.00825000""],[""60602.30000000"",""0.00000000""],[""60598.39000000"",""0.10500000""],[""60598.03000000"",""0.00000000""],[""60593.42000000"",""0.16500000""],[""60580.98000000"",""1.63493000""],[""60462.76000000"",""0.00000000""],[""60000.00000000"",""111.55485000""],[""58500.00000000"",""75.01946000""],[""54543.60000000"",""0.00510000""]],""a"":[[""60604.00000000"",""0.02402000""],[""60609.39000000"",""0.03460000""]]}"""
1780775211|865412000|binance|depth|0|0|72|BTCUSDT|"""{""lastUpdateId"":95210784277,""bids"":[[""60603.99000000"",""2.93802000""],[""60603.98000000"",""0.00035000""],[""60603.97000000"",""0.00017000""],[""60603.92000000"",""0.00400000""],[""60603.30000000"",""0.00009000""]],""asks"":[[""60604.00000000"",""0.02375000""],[""60604.01000000"",""0.00071000""],[""60604.02000000"",""0.00017000""],[""60605.84000000"",""0.00018000""],[""60605.85000000"",""0.03063000""]]}"""
1780775211|865423000|binance|depth|0|0|73|BTCUSDT|"""{""e"":""depthUpdate"",""E"":1780775028414,""s"":""BTCUSDT"",""U"":95210784225,""u"":95210784277,""b"":[[""60603.99000000"",""2.93802000""],[""60603.37000000"",""0.00000000""],[""60602.60000000"",""0.00000000""],[""60601.75000000"",""0.00070000""],[""60599.91000000"",""1.97485000""],[""60598.97000000"",""0.11053000""],[""60597.00000000"",""0.82526000""],[""60596.99000000"",""0.00000000""],[""60596.04000000"",""0.00000000""],[""60594.19000000"",""0.00000000""],[""60593.43000000"",""0.00000000""],[""60592.94000000"",""0.00200000""],[""60592.17000000"",""0.00000000""],[""60591.69000000"",""0.00000000""],[""60588.27000000"",""3.55473000""],[""60579.74000000"",""0.01108000""],[""60567.62000000"",""0.00000000""],[""60525.27000000"",""0.51329000""],[""60521.23000000"",""0.00000000""],[""54543.60000000"",""0.00510000""]],""a"":[[""60604.00000000"",""0.02375000""],[""60604.01000000"",""0.00071000""],[""60608.19000000"",""0.00000000""],[""60608.20000000"",""0.00018000""],[""60608.99000000"",""0.00009000""],[""60609.60000000"",""0.00018000""],[""60609.64000000"",""0.00000000""],[""60610.00000000"",""0.02500000""],[""60611.52000000"",""0.00000000""],[""60612.18000000"",""0.00000000""],[""60612.77000000"",""0.00000000""],[""60613.86000000"",""0.00000000""],[""60614.42000000"",""0.00000000""],[""60614.99000000"",""0.00000000""],[""60615.16000000"",""0.00825000""],[""60615.41000000"",""0.07608000""],[""60615.95000000"",""0.00825000""],[""60620.14000000"",""0.00000000""],[""60622.34000000"",""0.11321000""],[""60622.35000000"",""0.00000000""],[""60628.54000000"",""0.00000000""],[""60628.80000000"",""0.82526000""],[""60629.31000000"",""0.00200000""],[""60635.84000000"",""0.00400000""],[""60637.36000000"",""0.00400000""],[""60666.62000000"",""0.00000000""],[""60668.08000000"",""0.99047000""],[""60686.85000000"",""0.00000000""]]}"""
1780775211|865439000|binance|depth|0|0|74|BTCUSDT|"""{""e"":""trade"",""E"":1780775028505,""s"":""BTCUSDT"",""t"":6379750132,""p"":""60603.99000000"",""q"":""0.00098000"",""T"":1780775028504,""m"":true,""M"":true}"""
1780775211|865442000|binance|depth|0|0|75|BTCUSDT|"""{""lastUpdateId"":95210784310,""bids"":[[""60603.99000000"",""2.93704000""],[""60603.98000000"",""0.00035000""],[""60603.97000000"",""0.00017000""],[""60603.92000000"",""0.00400000""],[""60603.30000000"",""0.00009000""]],""asks"":[[""60604.00000000"",""0.02375000""],[""60604.01000000"",""0.00071000""],[""60604.02000000"",""0.00017000""],[""60605.84000000"",""0.00018000""],[""60605.85000000"",""0.03063000""]]}"""
1780775211|865462000|binance|depth|0|0|76|BTCUSDT|"""{""e"":""depthUpdate"",""E"":1780775028514,""s"":""BTCUSDT"",""U"":95210784278,""u"":95210784310,""b"":[[""60603.99000000"",""2.93704000""],[""60602.85000000"",""0.02018000""],[""60598.39000000"",""0.00000000""],[""54543.60000000"",""0.00500000""],[""54543.59000000"",""0.00010000""],[""48483.20000000"",""0.00087000""],[""48483.00000000"",""0.00400000""]],""a"":[[""60608.00000000"",""0.02518000""],[""60608.20000000"",""0.00000000""],[""60609.39000000"",""0.03460000""],[""60609.60000000"",""0.00000000""],[""60609.90000000"",""0.10429000""],[""60610.00000000"",""0.02518000""],[""60611.00000000"",""0.10256000""],[""60613.40000000"",""0.07641000""],[""60615.41000000"",""0.00000000""]]}"""
1780775211|865469000|binance|depth|0|0|77|BTCUSDT|"""{""lastUpdateId"":95210784327,""bids"":[[""60603.99000000"",""3.05232000""],[""60603.98000000"",""0.00035000""],[""60603.97000000"",""0.00017000""],[""60603.92000000"",""0.00400000""],[""60603.30000000"",""0.00009000""]],""asks"":[[""60604.00000000"",""0.02384000""],[""60604.01000000"",""0.00071000""],[""60604.02000000"",""0.00017000""],[""60605.84000000"",""0.00018000""],[""60605.85000000"",""0.03063000""]]}"""
1780775211|865489000|binance|depth|0|0|78|BTCUSDT|"""{""e"":""depthUpdate"",""E"":1780775028614,""s"":""BTCUSDT"",""U"":95210784311,""u"":95210784327,""b"":[[""60603.99000000"",""3.05232000""],[""60600.23000000"",""0.13086000""],[""60599.92000000"",""0.10500000""],[""60599.89000000"",""0.49645000""],[""60537.33000000"",""0.00048000""],[""60462.77000000"",""0.00000000""],[""60461.09000000"",""0.00977000""],[""54543.60000000"",""0.00500000""],[""48483.20000000"",""0.00046000""],[""48483.00000000"",""0.00200000""]],""a"":[[""60604.00000000"",""0.02384000""],[""60609.60000000"",""0.09750000""],[""60617.87000000"",""0.10500000""]]}"""
1780775211|865496000|binance|depth|0|0|79|BTCUSDT|"""{""lastUpdateId"":95210784347,""bids"":[[""60603.99000000"",""3.05232000""],[""60603.98000000"",""0.00035000""],[""60603.97000000"",""0.00017000""],[""60603.92000000"",""0.00400000""],[""60603.30000000"",""0.00009000""]],""asks"":[[""60604.00000000"",""0.02384000""],[""60604.01000000"",""0.00071000""],[""60604.02000000"",""0.00017000""],[""60605.84000000"",""0.00018000""],[""60605.85000000"",""0.03063000""]]}"""
1780775211|865508000|binance|depth|0|0|80|BTCUSDT|"""{""e"":""depthUpdate"",""E"":1780775028714,""s"":""BTCUSDT"",""U"":95210784328,""u"":95210784347,""b"":[[""60585.79000000"",""0.00009000""],[""54543.60000000"",""0.00500000""]],""a"":[[""60609.39000000"",""0.03460000""],[""60609.60000000"",""0.09768000""],[""60610.00000000"",""0.02500000""],[""60611.31000000"",""0.07608000""],[""60613.40000000"",""0.00033000""],[""60622.17000000"",""0.00009000""],[""60629.76000000"",""0.00400000""],[""60637.36000000"",""0.00000000""],[""60669.62000000"",""0.00000000""]]}"""
1780775211|865514000|binance|depth|0|0|81|BTCUSDT|"""{""lastUpdateId"":95210784377,""bids"":[[""60603.99000000"",""3.55251000""],[""60603.98000000"",""0.00035000""],[""60603.97000000"",""0.00017000""],[""60603.92000000"",""0.00400000""],[""60603.30000000"",""0.00009000""]],""asks"":[[""60604.00000000"",""0.02375000""],[""60604.01000000"",""0.00062000""],[""60604.02000000"",""0.00017000""],[""60605.84000000"",""0.00018000""],[""60605.85000000"",""0.03063000""]]}"""
1780775211|865525000|binance|depth|0|0|82|BTCUSDT|"""{""e"":""depthUpdate"",""E"":1780775028815,""s"":""BTCUSDT"",""U"":95210784348,""u"":95210784377,""b"":[[""60603.99000000"",""3.55251000""],[""60602.94000000"",""0.00210000""],[""60602.87000000"",""0.02200000""],[""60595.76000000"",""0.00400000""],[""60594.06000000"",""0.00000000""],[""60593.42000000"",""0.00000000""],[""60589.70000000"",""0.00400000""],[""60588.00000000"",""0.16509000""],[""60587.96000000"",""0.00000000""],[""60507.06000000"",""0.00048000""],[""54543.60000000"",""0.00500000""],[""48483.19000000"",""0.00000000""]],""a"":[[""60604.00000000"",""0.02375000""],[""60604.01000000"",""0.00062000""],[""60609.38000000"",""0.03192000""],[""60609.39000000"",""0.00018000""],[""60624.56000000"",""0.00000000""],[""60626.23000000"",""0.00400000""],[""60630.62000000"",""0.00000000""],[""60632.29000000"",""0.00400000""],[""60634.06000000"",""0.00000000""],[""60635.79000000"",""0.00200000""]]}"""
1780775211|865544000|binance|depth|0|0|83|BTCUSDT|"""{""lastUpdateId"":95210784389,""bids"":[[""60603.99000000"",""3.55251000""],[""60603.98000000"",""0.00035000""],[""60603.97000000"",""0.00017000""],[""60603.92000000"",""0.00400000""],[""60603.30000000"",""0.00009000""]],""asks"":[[""60604.00000000"",""0.02375000""],[""60604.01000000"",""0.00062000""],[""60604.02000000"",""0.00017000""],[""60605.84000000"",""0.00018000""],[""60605.85000000"",""0.03063000""]]}"""
1780775211|865556000|binance|depth|0|0|84|BTCUSDT|"""{""e"":""depthUpdate"",""E"":1780775028914,""s"":""BTCUSDT"",""U"":95210784378,""u"":95210784389,""b"":[[""54543.60000000"",""0.00500000""]],""a"":[[""60609.00000000"",""0.01628000""],[""60609.38000000"",""0.03210000""],[""60609.39000000"",""0.00000000""]]}"""
1780775211|865560000|binance|depth|0|0|85|BTCUSDT|"""{""lastUpdateId"":95210784398,""bids"":[[""60603.99000000"",""3.55251000""],[""60603.98000000"",""0.00035000""],[""60603.97000000"",""0.00017000""],[""60603.92000000"",""0.00400000""],[""60603.30000000"",""0.00009000""]],""asks"":[[""60604.00000000"",""0.02375000""],[""60604.01000000"",""0.00062000""],[""60604.02000000"",""0.00017000""],[""60605.84000000"",""0.00018000""],[""60605.85000000"",""0.03063000""]]}"""
1780775211|865573000|binance|depth|0|0|86|BTCUSDT|"""{""e"":""depthUpdate"",""E"":1780775029014,""s"":""BTCUSDT"",""U"":95210784390,""u"":95210784398,""b"":[[""60597.92000000"",""0.27700000""],[""54543.60000000"",""0.00500000""],[""48483.20000000"",""0.00087000""]],""a"":[[""60618.48000000"",""0.00010000""],[""60620.16000000"",""0.00400000""]]}"""
1780775211|865577000|binance|depth|0|0|87|BTCUSDT|"""{""lastUpdateId"":95210784408,""bids"":[[""60603.99000000"",""3.55251000""],[""60603.98000000"",""0.00035000""],[""60603.97000000"",""0.00017000""],[""60603.92000000"",""0.00400000""],[""60603.30000000"",""0.00009000""]],""asks"":[[""60604.00000000"",""0.02375000""],[""60604.01000000"",""0.00062000""],[""60604.02000000"",""0.00017000""],[""60605.84000000"",""0.00018000""],[""60605.85000000"",""0.03063000""]]}"""
1780775211|865589000|binance|depth|0|0|88|BTCUSDT|"""{""e"":""depthUpdate"",""E"":1780775029114,""s"":""BTCUSDT"",""U"":95210784399,""u"":95210784408,""b"":[[""60589.70000000"",""0.00000000""],[""60589.48000000"",""0.00400000""],[""59619.81000000"",""0.00000000""],[""54543.60000000"",""0.00500000""]],""a"":[[""60632.06000000"",""0.00400000""],[""60632.29000000"",""0.00000000""],[""60670.65000000"",""0.00071000""]]}"""
1780775211|865593000|binance|depth|0|0|89|BTCUSDT|"""{""e"":""trade"",""E"":1780775029132,""s"":""BTCUSDT"",""t"":6379750133,""p"":""60604.00000000"",""q"":""0.00061000"",""T"":1780775029132,""m"":false,""M"":true}"""
1780775211|865596000|binance|depth|0|0|90|BTCUSDT|"""{""lastUpdateId"":95210784428,""bids"":[[""60603.99000000"",""3.05251000""],[""60603.98000000"",""0.00035000""],[""60603.97000000"",""0.00017000""],[""60603.92000000"",""0.00400000""],[""60603.30000000"",""0.00009000""]],""asks"":[[""60604.00000000"",""0.02323000""],[""60604.01000000"",""0.00071000""],[""60604.02000000"",""0.00017000""],[""60605.84000000"",""0.00018000""],[""60605.85000000"",""0.03063000""]]}"""
1780775211|865609000|binance|depth|0|0|91|BTCUSDT|"""{""e"":""depthUpdate"",""E"":1780775029214,""s"":""BTCUSDT"",""U"":95210784409,""u"":95210784428,""b"":[[""60603.99000000"",""3.05251000""],[""60591.34000000"",""0.16500000""],[""60588.00000000"",""0.00009000""],[""58633.47000000"",""0.00000000""],[""54543.60000000"",""0.00500000""],[""54543.00000000"",""0.00020000""],[""48483.20000000"",""0.00046000""]],""a"":[[""60604.00000000"",""0.02323000""],[""60604.01000000"",""0.00071000""],[""60608.19000000"",""0.00009000""],[""60608.20000000"",""0.10500000""],[""60609.38000000"",""0.00018000""],[""60609.39000000"",""0.03390000""],[""60611.52000000"",""0.00400000""],[""60622.20000000"",""0.10256000""],[""60635.84000000"",""0.00000000""]]}"""
1780775211|865625000|binance|depth|0|0|92|BTCUSDT|"""{""lastUpdateId"":95210784452,""bids"":[[""60603.99000000"",""3.05251000""],[""60603.98000000"",""0.00035000""],[""60603.97000000"",""0.00017000""],[""60603.92000000"",""0.00400000""],[""60603.30000000"",""0.00009000""]],""asks"":[[""60604.00000000"",""0.02332000""],[""60604.01000000"",""0.00080000""],[""60604.02000000"",""0.00017000""],[""60605.84000000"",""0.00018000""],[""60605.85000000"",""0.03063000""]]}"""
1780775211|865637000|binance|depth|0|0|93|BTCUSDT|"""{""e"":""depthUpdate"",""E"":1780775029314,""s"":""BTCUSDT"",""U"":95210784429,""u"":95210784452,""b"":[[""57663.44000000"",""0.00000000""],[""54543.60000000"",""0.00500000""],[""54543.00000000"",""0.00000000""]],""a"":[[""60604.00000000"",""0.02332000""],[""60604.01000000"",""0.00080000""],[""60608.00000000"",""0.02518000""],[""60608.20000000"",""0.10518000""],[""60609.00000000"",""0.01628000""],[""60609.38000000"",""0.00000000""],[""60609.39000000"",""0.03408000""],[""60609.90000000"",""0.10411000""]]}"""
1780775211|865643000|binance|depth|0|0|94|BTCUSDT|"""{""lastUpdateId"":95210784465,""bids"":[[""60603.99000000"",""3.35762000""],[""60603.98000000"",""0.00035000""],[""60603.97000000"",""0.00017000""],[""60603.92000000"",""0.00400000""],[""60603.30000000"",""0.00009000""]],""asks"":[[""60604.00000000"",""0.02332000""],[""60604.01000000"",""0.00080000""],[""60604.02000000"",""0.00017000""],[""60605.84000000"",""0.00018000""],[""60605.85000000"",""0.03063000""]]}"""
1780775211|865654000|binance|depth|0|0|95|BTCUSDT|"""{""e"":""depthUpdate"",""E"":1780775029414,""s"":""BTCUSDT"",""U"":95210784453,""u"":95210784465,""b"":[[""60603.99000000"",""3.35762000""],[""60595.76000000"",""0.00000000""],[""60595.42000000"",""0.00400000""],[""60586.00000000"",""0.01606000""],[""56709.46000000"",""0.00000000""],[""54543.60000000"",""0.00480000""]],""a"":[[""60626.23000000"",""0.00000000""],[""60700.98000000"",""0.00071000""]]}"""
1780775211|865660000|binance|depth|0|0|96|BTCUSDT|"""{""lastUpdateId"":95210784472,""bids"":[[""60603.99000000"",""3.35762000""],[""60603.98000000"",""0.00035000""],[""60603.97000000"",""0.00017000""],[""60603.92000000"",""0.00400000""],[""60603.30000000"",""0.00009000""]],""asks"":[[""60604.00000000"",""0.02332000""],[""60604.01000000"",""0.00080000""],[""60604.02000000"",""0.00017000""],[""60605.84000000"",""0.00018000""],[""60605.85000000"",""0.03063000""]]}"""
1780775211|865671000|binance|depth|0|0|97|BTCUSDT|"""{""e"":""depthUpdate"",""E"":1780775029515,""s"":""BTCUSDT"",""U"":95210784466,""u"":95210784472,""b"":[[""60593.76000000"",""0.07262000""],[""60576.64000000"",""0.00000000""],[""54543.60000000"",""0.00480000""],[""48483.20000000"",""0.00087000""]],""a"":[]}"""
1780775211|865675000|binance|depth|0|0|98|BTCUSDT|"""{""e"":""trade"",""E"":1780775029561,""s"":""BTCUSDT"",""t"":6379750134,""p"":""60603.99000000"",""q"":""0.00023000"",""T"":1780775029561,""m"":true,""M"":true}"""
1780775211|865679000|binance|depth|0|0|99|BTCUSDT|"""{""lastUpdateId"":95210784497,""bids"":[[""60603.99000000"",""3.35739000""],[""60603.98000000"",""0.00035000""],[""60603.97000000"",""0.00017000""],[""60603.92000000"",""0.00400000""],[""60603.30000000"",""0.00009000""]],""asks"":[[""60604.00000000"",""0.02332000""],[""60604.01000000"",""0.00080000""],[""60604.02000000"",""0.00017000""],[""60605.84000000"",""0.00018000""],[""60605.85000000"",""0.03063000""]]}"""
1780775211|865691000|binance|depth|0|0|100|BTCUSDT|"""{""e"":""depthUpdate"",""E"":1780775029615,""s"":""BTCUSDT"",""U"":95210784473,""u"":95210784497,""b"":[[""60603.99000000"",""3.35739000""],[""60603.24000000"",""0.00018000""],[""60602.88000000"",""0.00018000""],[""60602.87000000"",""0.02018000""],[""60602.86000000"",""0.00018000""],[""60602.60000000"",""0.00018000""],[""60598.12000000"",""0.16500000""],[""60591.34000000"",""0.00000000""],[""54543.60000000"",""0.00500000""],[""54543.59000000"",""0.00010000""],[""48483.20000000"",""0.00046000""]],""a"":[[""60604.00000000"",""0.02332000""],[""60609.36000000"",""0.05809000""],[""60609.39000000"",""0.00018000""],[""60616.60000000"",""0.10500000""]]}"""
1780775211|865711000|binance|depth|0|0|101|BTCUSDT|"""{""lastUpdateId"":95210784519,""bids"":[[""60603.99000000"",""3.35739000""],[""60603.98000000"",""0.00035000""],[""60603.97000000"",""0.00017000""],[""60603.92000000"",""0.00400000""],[""60603.30000000"",""0.00009000""]],""asks"":[[""60604.00000000"",""0.02323000""],[""60604.01000000"",""0.00071000""],[""60604.02000000"",""0.00017000""],[""60605.84000000"",""0.00018000""],[""60605.85000000"",""0.03063000""]]}"""
1780775211|865724000|binance|depth|0|0|102|BTCUSDT|"""{""e"":""depthUpdate"",""E"":1780775029714,""s"":""BTCUSDT"",""U"":95210784498,""u"":95210784519,""b"":[[""60598.12000000"",""0.00000000""],[""60588.78000000"",""0.16509000""],[""60585.79000000"",""0.00009000""],[""60462.95000000"",""0.00977000""],[""60461.09000000"",""0.00000000""],[""54543.60000000"",""0.00500000""]],""a"":[[""60604.00000000"",""0.02323000""],[""60604.01000000"",""0.00071000""],[""60609.00000000"",""0.01628000""],[""60609.36000000"",""0.00018000""],[""60609.38000000"",""0.03266000""],[""60609.39000000"",""0.00000000""],[""60622.17000000"",""0.00009000""]]}"""
1780775211|865730000|binance|depth|0|0|103|BTCUSDT|"""{""e"":""trade"",""E"":1780775029719,""s"":""BTCUSDT"",""t"":6379750135,""p"":""60603.99000000"",""q"":""0.00023000"",""T"":1780775029719,""m"":true,""M"":true}"""
1780775211|865733000|binance|depth|0|0|104|BTCUSDT|"""{""e"":""trade"",""E"":1780775029803,""s"":""BTCUSDT"",""t"":6379750136,""p"":""60603.99000000"",""q"":""0.00122000"",""T"":1780775029803,""m"":true,""M"":true}"""
1780775211|865736000|binance|depth|0|0|105|BTCUSDT|"""{""lastUpdateId"":95210784541,""bids"":[[""60603.99000000"",""3.22406000""],[""60603.98000000"",""0.00035000""],[""60603.97000000"",""0.00017000""],[""60603.92000000"",""0.00400000""],[""60603.30000000"",""0.00009000""]],""asks"":[[""60604.00000000"",""0.02323000""],[""60604.01000000"",""0.00071000""],[""60604.02000000"",""0.00017000""],[""60605.84000000"",""0.00018000""],[""60605.85000000"",""0.03063000""]]}"""
1780775211|865748000|binance|depth|0|0|106|BTCUSDT|"""{""e"":""depthUpdate"",""E"":1780775029814,""s"":""BTCUSDT"",""U"":95210784520,""u"":95210784541,""b"":[[""60603.99000000"",""3.22406000""],[""60579.74000000"",""0.00490000""],[""60567.62000000"",""0.00618000""],[""54543.60000000"",""0.00500000""],[""48483.19000000"",""0.00000000""]],""a"":[[""60609.00000000"",""0.01628000""],[""60609.36000000"",""0.00000000""],[""60609.38000000"",""0.03284000""],[""78211.18000000"",""0.00099000""]]}"""
1780775211|865754000|binance|depth|0|0|107|BTCUSDT|"""{""lastUpdateId"":95210784545,""bids"":[[""60603.99000000"",""3.22406000""],[""60603.98000000"",""0.00035000""],[""60603.97000000"",""0.00017000""],[""60603.92000000"",""0.00400000""],[""60603.30000000"",""0.00009000""]],""asks"":[[""60604.00000000"",""0.02323000""],[""60604.01000000"",""0.00071000""],[""60604.02000000"",""0.00017000""],[""60605.84000000"",""0.00018000""],[""60605.85000000"",""0.03063000""]]}"""
1780775211|865766000|binance|depth|0|0|108|BTCUSDT|"""{""e"":""depthUpdate"",""E"":1780775029915,""s"":""BTCUSDT"",""U"":95210784542,""u"":95210784545,""b"":[[""54543.60000000"",""0.00500000""]],""a"":[]}"""
1780775211|865769000|binance|depth|0|0|109|BTCUSDT|"""{""lastUpdateId"":95210784560,""bids"":[[""60603.99000000"",""3.36240000""],[""60603.98000000"",""0.00035000""],[""60603.97000000"",""0.00017000""],[""60603.92000000"",""0.00400000""],[""60603.30000000"",""0.00009000""]],""asks"":[[""60604.00000000"",""0.02323000""],[""60604.01000000"",""0.00071000""],[""60604.02000000"",""0.00017000""],[""60605.84000000"",""0.00018000""],[""60605.85000000"",""0.03063000""]]}"""
1780775211|865781000|binance|depth|0|0|110|BTCUSDT|"""{""e"":""depthUpdate"",""E"":1780775030014,""s"":""BTCUSDT"",""U"":95210784546,""u"":95210784560,""b"":[[""60603.99000000"",""3.36240000""],[""60589.48000000"",""0.00000000""],[""60589.30000000"",""0.00400000""],[""60571.22000000"",""0.87148000""],[""60558.06000000"",""0.00000000""],[""54543.60000000"",""0.00500000""],[""48483.20000000"",""0.00087000""]],""a"":[[""60631.81000000"",""0.00400000""],[""60632.06000000"",""0.00000000""],[""60635.36000000"",""0.00200000""],[""60635.79000000"",""0.00000000""],[""78259.79000000"",""0.00122000""]]}"""
1780775211|865794000|binance|depth|0|0|111|BTCUSDT|"""{""lastUpdateId"":95210784564,""bids"":[[""60603.99000000"",""3.36240000""],[""60603.98000000"",""0.00035000""],[""60603.97000000"",""0.00017000""],[""60603.92000000"",""0.00400000""],[""60603.30000000"",""0.00009000""]],""asks"":[[""60604.00000000"",""0.02323000""],[""60604.01000000"",""0.00071000""],[""60604.02000000"",""0.00017000""],[""60605.84000000"",""0.00018000""],[""60605.85000000"",""0.03063000""]]}"""
1780775211|865807000|binance|depth|0|0|112|BTCUSDT|"""{""e"":""depthUpdate"",""E"":1780775030114,""s"":""BTCUSDT"",""U"":95210784561,""u"":95210784564,""b"":[[""54543.60000000"",""0.00500000""]],""a"":[]}"""
1780775211|865810000|binance|depth|0|0|113|BTCUSDT|"""{""lastUpdateId"":95210784577,""bids"":[[""60603.99000000"",""3.36240000""],[""60603.98000000"",""0.00035000""],[""60603.97000000"",""0.00017000""],[""60603.92000000"",""0.00400000""],[""60603.30000000"",""0.00009000""]],""asks"":[[""60604.00000000"",""0.02323000""],[""60604.01000000"",""0.00071000""],[""60604.02000000"",""0.00017000""],[""60605.84000000"",""0.00018000""],[""60605.85000000"",""0.03063000""]]}"""
1780775211|865822000|binance|depth|0|0|114|BTCUSDT|"""{""e"":""depthUpdate"",""E"":1780775030214,""s"":""BTCUSDT"",""U"":95210784565,""u"":95210784577,""b"":[[""60602.94000000"",""0.00386000""],[""60597.92000000"",""0.27700000""],[""60503.87000000"",""0.09916000""],[""54543.60000000"",""0.00500000""],[""54543.00000000"",""0.00010000""],[""48483.20000000"",""0.00046000""]],""a"":[[""60619.68000000"",""0.00400000""],[""60620.16000000"",""0.00000000""],[""60816.08000000"",""0.09865000""]]}"""
1780775211|865827000|binance|depth|0|0|115|BTCUSDT|"""{""lastUpdateId"":95210784592,""bids"":[[""60603.99000000"",""3.36240000""],[""60603.98000000"",""0.00035000""],[""60603.97000000"",""0.00017000""],[""60603.92000000"",""0.00400000""],[""60603.30000000"",""0.00009000""]],""asks"":[[""60604.00000000"",""0.02620000""],[""60604.01000000"",""0.00071000""],[""60604.02000000"",""0.00017000""],[""60605.84000000"",""0.00018000""],[""60605.85000000"",""0.03063000""]]}"""
1780775211|865839000|binance|depth|0|0|116|BTCUSDT|"""{""e"":""depthUpdate"",""E"":1780775030314,""s"":""BTCUSDT"",""U"":95210784578,""u"":95210784592,""b"":[[""54543.60000000"",""0.00500000""],[""54543.00000000"",""0.00000000""],[""48483.00000000"",""0.00200000""]],""a"":[[""60604.00000000"",""0.02620000""],[""60635.36000000"",""0.00200000""],[""78523.73000000"",""0.00109000""]]}"""
1780775211|865844000|binance|depth|0|0|117|BTCUSDT|"""{""lastUpdateId"":95210784600,""bids"":[[""60603.99000000"",""3.36240000""],[""60603.98000000"",""0.00035000""],[""60603.97000000"",""0.00017000""],[""60603.92000000"",""0.00400000""],[""60603.30000000"",""0.00009000""]],""asks"":[[""60604.00000000"",""0.02620000""],[""60604.01000000"",""0.00071000""],[""60604.02000000"",""0.00017000""],[""60605.84000000"",""0.00018000""],[""60605.85000000"",""0.03063000""]]}"""
1780775211|865856000|binance|depth|0|0|118|BTCUSDT|"""{""e"":""depthUpdate"",""E"":1780775030414,""s"":""BTCUSDT"",""U"":95210784593,""u"":95210784600,""b"":[[""60579.74000000"",""0.01108000""],[""60567.62000000"",""0.00000000""],[""54543.60000000"",""0.00500000""],[""54543.00000000"",""0.00000000""]],""a"":[]}"""
1780775211|865860000|binance|depth|0|0|119|BTCUSDT|"""{""e"":""trade"",""E"":1780775030418,""s"":""BTCUSDT"",""t"":6379750137,""p"":""60604.00000000"",""q"":""0.00254000"",""T"":1780775030418,""m"":false,""M"":true}"""
1780775211|865863000|binance|depth|0|0|120|BTCUSDT|"""{""e"":""trade"",""E"":1780775030418,""s"":""BTCUSDT"",""t"":6379750138,""p"":""60604.00000000"",""q"":""0.00600000"",""T"":1780775030418,""m"":false,""M"":true}"""
1780775211|865866000|binance|depth|0|0|121|BTCUSDT|"""{""e"":""trade"",""E"":1780775030418,""s"":""BTCUSDT"",""t"":6379750139,""p"":""60604.00000000"",""q"":""0.00099000"",""T"":1780775030418,""m"":false,""M"":true}"""
1780775211|865878000|binance|depth|0|0|122|BTCUSDT|"""{""e"":""trade"",""E"":1780775030510,""s"":""BTCUSDT"",""t"":6379750140,""p"":""60603.99000000"",""q"":""0.00909000"",""T"":1780775030509,""m"":true,""M"":true}"""
1780775211|865881000|binance|depth|0|0|123|BTCUSDT|"""{""lastUpdateId"":95210784615,""bids"":[[""60603.99000000"",""3.35331000""],[""60603.98000000"",""0.00035000""],[""60603.97000000"",""0.00017000""],[""60603.92000000"",""0.00400000""],[""60603.30000000"",""0.00009000""]],""asks"":[[""60604.00000000"",""0.01667000""],[""60604.01000000"",""0.00071000""],[""60604.02000000"",""0.00017000""],[""60605.84000000"",""0.00018000""],[""60605.85000000"",""0.03063000""]]}"""
1780775211|865894000|binance|depth|0|0|124|BTCUSDT|"""{""e"":""depthUpdate"",""E"":1780775030514,""s"":""BTCUSDT"",""U"":95210784601,""u"":95210784615,""b"":[[""60603.99000000"",""3.35331000""],[""60593.72000000"",""0.00200000""],[""60592.94000000"",""0.00000000""],[""54543.60000000"",""0.00500000""],[""54543.00000000"",""0.00000000""],[""48483.20000000"",""0.00087000""]],""a"":[[""60604.00000000"",""0.01667000""],[""60629.31000000"",""0.00000000""],[""60630.10000000"",""0.00200000""],[""79061.14000000"",""0.00111000""]]}"""
1780775211|865900000|binance|depth|0|0|125|BTCUSDT|"""{""lastUpdateId"":95210784624,""bids"":[[""60603.99000000"",""3.35331000""],[""60603.98000000"",""0.00035000""],[""60603.97000000"",""0.00017000""],[""60603.92000000"",""0.00400000""],[""60603.30000000"",""0.00009000""]],""asks"":[[""60604.00000000"",""0.01667000""],[""60604.01000000"",""0.00071000""],[""60604.02000000"",""0.00017000""],[""60605.84000000"",""0.00018000""],[""60605.85000000"",""0.03063000""]]}"""
1780775211|865912000|binance|depth|0|0|126|BTCUSDT|"""{""e"":""depthUpdate"",""E"":1780775030616,""s"":""BTCUSDT"",""U"":95210784616,""u"":95210784624,""b"":[[""54543.60000000"",""0.00500000""],[""54543.00000000"",""0.00000000""],[""48483.20000000"",""0.00046000""],[""33000.00000000"",""31.14030000""]],""a"":[]}"""
1780775211|865916000|binance|depth|0|0|127|BTCUSDT|"""{""lastUpdateId"":95210784631,""bids"":[[""60603.99000000"",""3.35331000""],[""60603.98000000"",""0.00035000""],[""60603.97000000"",""0.00017000""],[""60603.92000000"",""0.00400000""],[""60603.30000000"",""0.00009000""]],""asks"":[[""60604.00000000"",""0.01667000""],[""60604.01000000"",""0.00071000""],[""60604.02000000"",""0.00017000""],[""60605.84000000"",""0.00018000""],[""60605.85000000"",""0.03063000""]]}"""
1780775211|865927000|binance|depth|0|0|128|BTCUSDT|"""{""e"":""depthUpdate"",""E"":1780775030714,""s"":""BTCUSDT"",""U"":95210784625,""u"":95210784631,""b"":[[""60599.92000000"",""0.00000000""],[""60585.79000000"",""0.00000000""],[""54543.60000000"",""0.00500000""]],""a"":[[""60611.05000000"",""0.00000000""],[""60622.17000000"",""0.00000000""]]}"""
1780775211|865932000|binance|depth|0|0|129|BTCUSDT|"""{""lastUpdateId"":95210784675,""bids"":[[""60603.99000000"",""3.35340000""],[""60603.98000000"",""0.00035000""],[""60603.97000000"",""0.00017000""],[""60603.92000000"",""0.00400000""],[""60603.30000000"",""0.00009000""]],""asks"":[[""60604.00000000"",""0.01658000""],[""60604.01000000"",""0.00062000""],[""60604.02000000"",""0.00017000""],[""60605.84000000"",""0.00018000""],[""60605.85000000"",""0.03063000""]]}"""
1780775211|865944000|binance|depth|0|0|130|BTCUSDT|"""{""e"":""depthUpdate"",""E"":1780775030814,""s"":""BTCUSDT"",""U"":95210784632,""u"":95210784675,""b"":[[""60603.99000000"",""3.35340000""],[""60603.24000000"",""0.00000000""],[""60602.94000000"",""0.00210000""],[""60602.88000000"",""0.00000000""],[""60602.86000000"",""0.00000000""],[""60602.61000000"",""0.10349000""],[""60602.60000000"",""0.00000000""],[""60600.23000000"",""0.13077000""],[""60591.30000000"",""0.59442000""],[""60585.79000000"",""0.00009000""],[""60572.05000000"",""0.00000000""],[""60503.87000000"",""0.00000000""],[""54543.60000000"",""0.00500000""],[""48483.19000000"",""0.00000000""]],""a"":[[""60604.00000000"",""0.01658000""],[""60604.01000000"",""0.00062000""],[""60608.19000000"",""0.00000000""],[""60608.20000000"",""0.00018000""],[""60611.31000000"",""0.00000000""],[""60613.20000000"",""0.07608000""],[""60615.04000000"",""0.10349000""],[""60615.16000000"",""1.57988000""],[""60615.20000000"",""0.00048000""],[""60615.95000000"",""0.00000000""],[""60616.60000000"",""0.00000000""],[""60617.06000000"",""0.01650000""],[""60618.10000000"",""0.00000000""],[""60622.17000000"",""0.00009000""],[""60622.20000000"",""0.00000000""],[""60623.25000000"",""0.00000000""],[""60631.61000000"",""0.00000000""],[""60634.30000000"",""0.00000000""],[""60635.78000000"",""0.00200000""],[""60647.16000000"",""0.59387000""],[""60816.08000000"",""0.00000000""],[""79390.24000000"",""0.00038000""]]}"""
1780775211|865964000|binance|depth|0|0|131|BTCUSDT|"""{""lastUpdateId"":95210784695,""bids"":[[""60603.99000000"",""3.35340000""],[""60603.98000000"",""0.00035000""],[""60603.97000000"",""0.00017000""],[""60603.92000000"",""0.00400000""],[""60603.30000000"",""0.00009000""]],""asks"":[[""60604.00000000"",""0.01658000""],[""60604.01000000"",""0.00062000""],[""60604.02000000"",""0.00017000""],[""60605.84000000"",""0.00018000""],[""60605.85000000"",""0.03063000""]]}"""
1780775211|865976000|binance|depth|0|0|132|BTCUSDT|"""{""e"":""depthUpdate"",""E"":1780775030914,""s"":""BTCUSDT"",""U"":95210784676,""u"":95210784695,""b"":[[""60602.85000000"",""0.02018000""],[""60602.62000000"",""1.57988000""],[""60595.42000000"",""0.00000000""],[""54543.60000000"",""0.00500000""],[""48483.19000000"",""0.00000000""]],""a"":[[""60608.00000000"",""0.02518000""],[""60608.20000000"",""0.00000000""],[""60609.90000000"",""0.10429000""]]}"""
1780775211|865981000|binance|depth|0|0|133|BTCUSDT|"""{""e"":""trade"",""E"":1780775030918,""s"":""BTCUSDT"",""t"":6379750141,""p"":""60604.00000000"",""q"":""0.00016000"",""T"":1780775030918,""m"":false,""M"":true}"""
1780775211|865984000|binance|depth|0|0|134|BTCUSDT|"""{""e"":""trade"",""E"":1780775030960,""s"":""BTCUSDT"",""t"":6379750142,""p"":""60603.99000000"",""q"":""0.08339000"",""T"":1780775030959,""m"":true,""M"":true}"""
1780775211|865987000|binance|depth|0|0|135|BTCUSDT|"""{""e"":""trade"",""E"":1780775030960,""s"":""BTCUSDT"",""t"":6379750143,""p"":""60603.99000000"",""q"":""0.09030000"",""T"":1780775030959,""m"":true,""M"":true}"""
1780775211|865990000|binance|depth|0|0|136|BTCUSDT|"""{""e"":""trade"",""E"":1780775030960,""s"":""BTCUSDT"",""t"":6379750144,""p"":""60603.99000000"",""q"":""0.48755000"",""T"":1780775030959,""m"":true,""M"":true}"""
1780775211|865993000|binance|depth|0|0|137|BTCUSDT|"""{""e"":""trade"",""E"":1780775030960,""s"":""BTCUSDT"",""t"":6379750145,""p"":""60603.99000000"",""q"":""0.10467000"",""T"":1780775030959,""m"":true,""M"":true}"""
1780775211|865995000|binance|depth|0|0|138|BTCUSDT|"""{""e"":""trade"",""E"":1780775030960,""s"":""BTCUSDT"",""t"":6379750146,""p"":""60603.99000000"",""q"":""0.10467000"",""T"":1780775030959,""m"":true,""M"":true}"""
1780775211|865998000|binance|depth|0|0|139|BTCUSDT|"""{""e"":""trade"",""E"":1780775030960,""s"":""BTCUSDT"",""t"":6379750147,""p"":""60603.99000000"",""q"":""0.00009000"",""T"":1780775030959,""m"":true,""M"":true}"""
1780775211|866001000|binance|depth|0|0|140|BTCUSDT|"""{""e"":""trade"",""E"":1780775030960,""s"":""BTCUSDT"",""t"":6379750148,""p"":""60603.99000000"",""q"":""0.00009000"",""T"":1780775030959,""m"":true,""M"":true}"""
1780775211|866003000|binance|depth|0|0|141|BTCUSDT|"""{""e"":""trade"",""E"":1780775030960,""s"":""BTCUSDT"",""t"":6379750149,""p"":""60603.99000000"",""q"":""0.00160000"",""T"":1780775030959,""m"":true,""M"":true}"""
1780775211|866006000|binance|depth|0|0|142|BTCUSDT|"""{""e"":""trade"",""E"":1780775030960,""s"":""BTCUSDT"",""t"":6379750150,""p"":""60603.99000000"",""q"":""0.35840000"",""T"":1780775030959,""m"":true,""M"":true}"""
1780775211|866009000|binance|depth|0|0|143|BTCUSDT|"""{""e"":""trade"",""E"":1780775030960,""s"":""BTCUSDT"",""t"":6379750151,""p"":""60603.99000000"",""q"":""0.00150000"",""T"":1780775030959,""m"":true,""M"":true}"""
1780775211|866012000|binance|depth|0|0|144|BTCUSDT|"""{""e"":""trade"",""E"":1780775030960,""s"":""BTCUSDT"",""t"":6379750152,""p"":""60603.99000000"",""q"":""0.15290000"",""T"":1780775030959,""m"":true,""M"":true}"""
1780775211|866018000|binance|depth|0|0|145|BTCUSDT|"""{""e"":""trade"",""E"":1780775030960,""s"":""BTCUSDT"",""t"":6379750153,""p"":""60603.99000000"",""q"":""0.34678000"",""T"":1780775030959,""m"":true,""M"":true}"""
1780775211|866020000|binance|depth|0|0|146|BTCUSDT|"""{""e"":""trade"",""E"":1780775030960,""s"":""BTCUSDT"",""t"":6379750154,""p"":""60603.99000000"",""q"":""0.00250000"",""T"":1780775030959,""m"":true,""M"":true}"""
1780775211|866023000|binance|depth|0|0|147|BTCUSDT|"""{""e"":""trade"",""E"":1780775030960,""s"":""BTCUSDT"",""t"":6379750155,""p"":""60603.99000000"",""q"":""0.00009000"",""T"":1780775030959,""m"":true,""M"":true}"""
1780775211|866026000|binance|depth|0|0|148|BTCUSDT|"""{""e"":""trade"",""E"":1780775030960,""s"":""BTCUSDT"",""t"":6379750156,""p"":""60603.99000000"",""q"":""0.00017000"",""T"":1780775030959,""m"":true,""M"":true}"""
1780775211|866028000|binance|depth|0|0|149|BTCUSDT|"""{""e"":""trade"",""E"":1780775030960,""s"":""BTCUSDT"",""t"":6379750157,""p"":""60603.99000000"",""q"":""0.00009000"",""T"":1780775030959,""m"":true,""M"":true}"""
1780775211|866031000|binance|depth|0|0|150|BTCUSDT|"""{""e"":""trade"",""E"":1780775030960,""s"":""BTCUSDT"",""t"":6379750158,""p"":""60603.99000000"",""q"":""0.00009000"",""T"":1780775030959,""m"":true,""M"":true}"""
1780775211|866034000|binance|depth|0|0|151|BTCUSDT|"""{""e"":""trade"",""E"":1780775030960,""s"":""BTCUSDT"",""t"":6379750159,""p"":""60603.99000000"",""q"":""0.00009000"",""T"":1780775030959,""m"":true,""M"":true}"""
1780775211|866037000|binance|depth|0|0|152|BTCUSDT|"""{""e"":""trade"",""E"":1780775030960,""s"":""BTCUSDT"",""t"":6379750160,""p"":""60603.99000000"",""q"":""0.00048000"",""T"":1780775030959,""m"":true,""M"":true}"""
1780775211|866039000|binance|depth|0|0|153|BTCUSDT|"""{""e"":""trade"",""E"":1780775030960,""s"":""BTCUSDT"",""t"":6379750161,""p"":""60603.99000000"",""q"":""0.00048000"",""T"":1780775030959,""m"":true,""M"":true}"""
1780775211|866042000|binance|depth|0|0|154|BTCUSDT|"""{""e"":""trade"",""E"":1780775030960,""s"":""BTCUSDT"",""t"":6379750162,""p"":""60603.99000000"",""q"":""0.00048000"",""T"":1780775030959,""m"":true,""M"":true}"""
1780775211|866045000|binance|depth|0|0|155|BTCUSDT|"""{""e"":""trade"",""E"":1780775030960,""s"":""BTCUSDT"",""t"":6379750163,""p"":""60603.99000000"",""q"":""0.02622000"",""T"":1780775030959,""m"":true,""M"":true}"""
1780775211|866048000|binance|depth|0|0|156|BTCUSDT|"""{""e"":""trade"",""E"":1780775030960,""s"":""BTCUSDT"",""t"":6379750164,""p"":""60603.99000000"",""q"":""0.00069000"",""T"":1780775030959,""m"":true,""M"":true}"""
1780775211|866051000|binance|depth|0|0|157|BTCUSDT|"""{""e"":""trade"",""E"":1780775030960,""s"":""BTCUSDT"",""t"":6379750165,""p"":""60603.99000000"",""q"":""0.00009000"",""T"":1780775030959,""m"":true,""M"":true}"""
1780775211|866054000|binance|depth|0|0|158|BTCUSDT|"""{""e"":""trade"",""E"":1780775030960,""s"":""BTCUSDT"",""t"":6379750166,""p"":""60603.99000000"",""q"":""0.01900000"",""T"":1780775030959,""m"":true,""M"":true}"""
1780775211|866056000|binance|depth|0|0|159|BTCUSDT|"""{""e"":""trade"",""E"":1780775030960,""s"":""BTCUSDT"",""t"":6379750167,""p"":""60603.99000000"",""q"":""0.01000000"",""T"":1780775030959,""m"":true,""M"":true}"""
1780775211|866059000|binance|depth|0|0|160|BTCUSDT|"""{""e"":""trade"",""E"":1780775030960,""s"":""BTCUSDT"",""t"":6379750168,""p"":""60603.99000000"",""q"":""0.00064000"",""T"":1780775030959,""m"":true,""M"":true}"""
1780775211|866062000|binance|depth|0|0|161|BTCUSDT|"""{""e"":""trade"",""E"":1780775030960,""s"":""BTCUSDT"",""t"":6379750169,""p"":""60603.99000000"",""q"":""0.00009000"",""T"":1780775030959,""m"":true,""M"":true}"""
1780775211|866065000|binance|depth|0|0|162|BTCUSDT|"""{""e"":""trade"",""E"":1780775030960,""s"":""BTCUSDT"",""t"":6379750170,""p"":""60603.99000000"",""q"":""0.01707000"",""T"":1780775030959,""m"":true,""M"":true}"""
1780775211|866067000|binance|depth|0|0|163|BTCUSDT|"""{""e"":""trade"",""E"":1780775030960,""s"":""BTCUSDT"",""t"":6379750171,""p"":""60603.99000000"",""q"":""0.01000000"",""T"":1780775030959,""m"":true,""M"":true}"""
1780775211|866073000|binance|depth|0|0|164|BTCUSDT|"""{""e"":""trade"",""E"":1780775030960,""s"":""BTCUSDT"",""t"":6379750172,""p"":""60603.99000000"",""q"":""0.04000000"",""T"":1780775030959,""m"":true,""M"":true}"""
1780775211|866076000|binance|depth|0|0|165|BTCUSDT|"""{""e"":""trade"",""E"":1780775030960,""s"":""BTCUSDT"",""t"":6379750173,""p"":""60603.99000000"",""q"":""0.02000000"",""T"":1780775030959,""m"":true,""M"":true}"""
1780775211|866078000|binance|depth|0|0|166|BTCUSDT|"""{""e"":""trade"",""E"":1780775030960,""s"":""BTCUSDT"",""t"":6379750174,""p"":""60603.99000000"",""q"":""0.00014000"",""T"":1780775030959,""m"":true,""M"":true}"""
1780775211|866081000|binance|depth|0|0|167|BTCUSDT|"""{""e"":""trade"",""E"":1780775030960,""s"":""BTCUSDT"",""t"":6379750175,""p"":""60603.99000000"",""q"":""0.02000000"",""T"":1780775030959,""m"":true,""M"":true}"""
1780775211|866084000|binance|depth|0|0|168|BTCUSDT|"""{""e"":""trade"",""E"":1780775030960,""s"":""BTCUSDT"",""t"":6379750176,""p"":""60603.99000000"",""q"":""0.00923000"",""T"":1780775030959,""m"":true,""M"":true}"""
1780775211|866086000|binance|depth|0|0|169|BTCUSDT|"""{""e"":""trade"",""E"":1780775030960,""s"":""BTCUSDT"",""t"":6379750177,""p"":""60603.99000000"",""q"":""0.00009000"",""T"":1780775030959,""m"":true,""M"":true}"""
1780775211|866089000|binance|depth|0|0|170|BTCUSDT|"""{""e"":""trade"",""E"":1780775030960,""s"":""BTCUSDT"",""t"":6379750178,""p"":""60603.99000000"",""q"":""0.00009000"",""T"":1780775030959,""m"":true,""M"":true}"""
1780775211|866091000|binance|depth|0|0|171|BTCUSDT|"""{""e"":""trade"",""E"":1780775030960,""s"":""BTCUSDT"",""t"":6379750179,""p"":""60603.99000000"",""q"":""0.00009000"",""T"":1780775030959,""m"":true,""M"":true}"""
1780775211|866094000|binance|depth|0|0|172|BTCUSDT|"""{""e"":""trade"",""E"":1780775030960,""s"":""BTCUSDT"",""t"":6379750180,""p"":""60603.99000000"",""q"":""0.01000000"",""T"":1780775030959,""m"":true,""M"":true}"""
1780775211|866097000|binance|depth|0|0|173|BTCUSDT|"""{""e"":""trade"",""E"":1780775030960,""s"":""BTCUSDT"",""t"":6379750181,""p"":""60603.99000000"",""q"":""0.05433000"",""T"":1780775030959,""m"":true,""M"":true}"""
1780775211|866100000|binance|depth|0|0|174|BTCUSDT|"""{""e"":""trade"",""E"":1780775030960,""s"":""BTCUSDT"",""t"":6379750182,""p"":""60603.99000000"",""q"":""0.54477000"",""T"":1780775030959,""m"":true,""M"":true}"""
1780775211|866102000|binance|depth|0|0|175|BTCUSDT|"""{""e"":""trade"",""E"":1780775030960,""s"":""BTCUSDT"",""t"":6379750183,""p"":""60603.99000000"",""q"":""0.08000000"",""T"":1780775030959,""m"":true,""M"":true}"""
1780775211|866105000|binance|depth|0|0|176|BTCUSDT|"""{""e"":""trade"",""E"":1780775030960,""s"":""BTCUSDT"",""t"":6379750184,""p"":""60603.99000000"",""q"":""0.01490000"",""T"":1780775030959,""m"":true,""M"":true}"""
1780775211|866107000|binance|depth|0|0|177|BTCUSDT|"""{""e"":""trade"",""E"":1780775030960,""s"":""BTCUSDT"",""t"":6379750185,""p"":""60603.99000000"",""q"":""0.00020000"",""T"":1780775030959,""m"":true,""M"":true}"""
1780775211|866110000|binance|depth|0|0|178|BTCUSDT|"""{""e"":""trade"",""E"":1780775030960,""s"":""BTCUSDT"",""t"":6379750186,""p"":""60603.99000000"",""q"":""0.00192000"",""T"":1780775030959,""m"":true,""M"":true}"""
1780775211|866113000|binance|depth|0|0|179|BTCUSDT|"""{""e"":""trade"",""E"":1780775030960,""s"":""BTCUSDT"",""t"":6379750187,""p"":""60603.99000000"",""q"":""0.00260000"",""T"":1780775030959,""m"":true,""M"":true}"""
1780775211|866115000|binance|depth|0|0|180|BTCUSDT|"""{""e"":""trade"",""E"":1780775030960,""s"":""BTCUSDT"",""t"":6379750188,""p"":""60603.99000000"",""q"":""0.00020000"",""T"":1780775030959,""m"":true,""M"":true}"""
1780775211|866118000|binance|depth|0|0|181|BTCUSDT|"""{""e"":""trade"",""E"":1780775030960,""s"":""BTCUSDT"",""t"":6379750189,""p"":""60603.99000000"",""q"":""0.00020000"",""T"":1780775030959,""m"":true,""M"":true}"""
1780775211|866125000|binance|depth|0|0|182|BTCUSDT|"""{""e"":""trade"",""E"":1780775030960,""s"":""BTCUSDT"",""t"":6379750190,""p"":""60603.99000000"",""q"":""0.00020000"",""T"":1780775030959,""m"":true,""M"":true}"""
1780775211|866128000|binance|depth|0|0|183|BTCUSDT|"""{""e"":""trade"",""E"":1780775030960,""s"":""BTCUSDT"",""t"":6379750191,""p"":""60603.99000000"",""q"":""0.00020000"",""T"":1780775030959,""m"":true,""M"":true}"""
1780775211|866131000|binance|depth|0|0|184|BTCUSDT|"""{""e"":""trade"",""E"":1780775030960,""s"":""BTCUSDT"",""t"":6379750192,""p"":""60603.99000000"",""q"":""0.07608000"",""T"":1780775030959,""m"":true,""M"":true}"""
1780775211|866134000|binance|depth|0|0|185|BTCUSDT|"""{""e"":""trade"",""E"":1780775030960,""s"":""BTCUSDT"",""t"":6379750193,""p"":""60603.99000000"",""q"":""0.00020000"",""T"":1780775030959,""m"":true,""M"":true}"""
1780775211|866137000|binance|depth|0|0|186|BTCUSDT|"""{""e"":""trade"",""E"":1780775030960,""s"":""BTCUSDT"",""t"":6379750194,""p"":""60603.99000000"",""q"":""0.00009000"",""T"":1780775030959,""m"":true,""M"":true}"""
1780775211|866139000|binance|depth|0|0|187|BTCUSDT|"""{""e"":""trade"",""E"":1780775030960,""s"":""BTCUSDT"",""t"":6379750195,""p"":""60603.99000000"",""q"":""0.00020000"",""T"":1780775030959,""m"":true,""M"":true}"""
1780775211|866142000|binance|depth|0|0|188|BTCUSDT|"""{""e"":""trade"",""E"":1780775030960,""s"":""BTCUSDT"",""t"":6379750196,""p"":""60603.99000000"",""q"":""0.00330000"",""T"":1780775030959,""m"":true,""M"":true}"""
1780775211|866145000|binance|depth|0|0|189|BTCUSDT|"""{""e"":""trade"",""E"":1780775030960,""s"":""BTCUSDT"",""t"":6379750197,""p"":""60603.99000000"",""q"":""0.05421000"",""T"":1780775030959,""m"":true,""M"":true}"""
1780775211|866148000|binance|depth|0|0|190|BTCUSDT|"""{""e"":""trade"",""E"":1780775030960,""s"":""BTCUSDT"",""t"":6379750198,""p"":""60603.99000000"",""q"":""0.00825000"",""T"":1780775030959,""m"":true,""M"":true}"""
1780775211|866150000|binance|depth|0|0|191|BTCUSDT|"""{""e"":""trade"",""E"":1780775030960,""s"":""BTCUSDT"",""t"":6379750199,""p"":""60603.99000000"",""q"":""0.13808000"",""T"":1780775030959,""m"":true,""M"":true}"""
1780775211|866153000|binance|depth|0|0|192|BTCUSDT|"""{""e"":""trade"",""E"":1780775030960,""s"":""BTCUSDT"",""t"":6379750200,""p"":""60603.99000000"",""q"":""0.00825000"",""T"":1780775030959,""m"":true,""M"":true}"""
1780775211|866156000|binance|depth|0|0|193|BTCUSDT|"""{""e"":""trade"",""E"":1780775030960,""s"":""BTCUSDT"",""t"":6379750201,""p"":""60603.99000000"",""q"":""0.00164000"",""T"":1780775030959,""m"":true,""M"":true}"""
1780775211|866159000|binance|depth|0|0|194|BTCUSDT|"""{""e"":""trade"",""E"":1780775030960,""s"":""BTCUSDT"",""t"":6379750202,""p"":""60603.99000000"",""q"":""0.00010000"",""T"":1780775030959,""m"":true,""M"":true}"""
1780775211|866162000|binance|depth|0|0|195|BTCUSDT|"""{""e"":""trade"",""E"":1780775030960,""s"":""BTCUSDT"",""t"":6379750203,""p"":""60603.99000000"",""q"":""0.00009000"",""T"":1780775030959,""m"":true,""M"":true}"""
1780775211|866164000|binance|depth|0|0|196|BTCUSDT|"""{""e"":""trade"",""E"":1780775030960,""s"":""BTCUSDT"",""t"":6379750204,""p"":""60603.99000000"",""q"":""0.30511000"",""T"":1780775030959,""m"":true,""M"":true}"""
1780775211|866167000|binance|depth|0|0|197|BTCUSDT|"""{""e"":""trade"",""E"":1780775030960,""s"":""BTCUSDT"",""t"":6379750205,""p"":""60603.99000000"",""q"":""0.13834000"",""T"":1780775030959,""m"":true,""M"":true}"""
1780775211|866170000|binance|depth|0|0|198|BTCUSDT|"""{""e"":""trade"",""E"":1780775030960,""s"":""BTCUSDT"",""t"":6379750206,""p"":""60603.99000000"",""q"":""0.00009000"",""T"":1780775030959,""m"":true,""M"":true}"""
1780775211|866173000|binance|depth|0|0|199|BTCUSDT|"""{""e"":""trade"",""E"":1780775030960,""s"":""BTCUSDT"",""t"":6379750207,""p"":""60603.99000000"",""q"":""0.00009000"",""T"":1780775030959,""m"":true,""M"":true}"""
1780775211|866175000|binance|depth|0|0|200|BTCUSDT|"""{""e"":""trade"",""E"":1780775030960,""s"":""BTCUSDT"",""t"":6379750208,""p"":""60603.99000000"",""q"":""0.00009000"",""T"":1780775030959,""m"":true,""M"":true}"""
1780775211|866195000|binance|depth|0|0|201|BTCUSDT|"""{""e"":""trade"",""E"":1780775030960,""s"":""BTCUSDT"",""t"":6379750209,""p"":""60603.99000000"",""q"":""0.00009000"",""T"":1780775030959,""m"":true,""M"":true}"""
1780775211|866198000|binance|depth|0|0|202|BTCUSDT|"""{""e"":""trade"",""E"":1780775030960,""s"":""BTCUSDT"",""t"":6379750210,""p"":""60603.99000000"",""q"":""0.00009000"",""T"":1780775030959,""m"":true,""M"":true}"""
1780775211|866200000|binance|depth|0|0|203|BTCUSDT|"""{""e"":""trade"",""E"":1780775030960,""s"":""BTCUSDT"",""t"":6379750211,""p"":""60603.99000000"",""q"":""0.00009000"",""T"":1780775030959,""m"":true,""M"":true}"""
1780775211|866203000|binance|depth|0|0|204|BTCUSDT|"""{""e"":""trade"",""E"":1780775030960,""s"":""BTCUSDT"",""t"":6379750212,""p"":""60603.99000000"",""q"":""0.00009000"",""T"":1780775030959,""m"":true,""M"":true}"""
1780775211|866206000|binance|depth|0|0|205|BTCUSDT|"""{""e"":""trade"",""E"":1780775030960,""s"":""BTCUSDT"",""t"":6379750213,""p"":""60603.99000000"",""q"":""0.00009000"",""T"":1780775030959,""m"":true,""M"":true}"""
1780775211|866208000|binance|depth|0|0|206|BTCUSDT|"""{""e"":""trade"",""E"":1780775030960,""s"":""BTCUSDT"",""t"":6379750214,""p"":""60603.99000000"",""q"":""0.00009000"",""T"":1780775030959,""m"":true,""M"":true}"""
1780775211|866211000|binance|depth|0|0|207|BTCUSDT|"""{""e"":""trade"",""E"":1780775030960,""s"":""BTCUSDT"",""t"":6379750215,""p"":""60603.99000000"",""q"":""0.00009000"",""T"":1780775030959,""m"":true,""M"":true}"""
1780775211|866214000|binance|depth|0|0|208|BTCUSDT|"""{""e"":""trade"",""E"":1780775030960,""s"":""BTCUSDT"",""t"":6379750216,""p"":""60603.99000000"",""q"":""0.00009000"",""T"":1780775030959,""m"":true,""M"":true}"""
1780775211|866217000|binance|depth|0|0|209|BTCUSDT|"""{""e"":""trade"",""E"":1780775030960,""s"":""BTCUSDT"",""t"":6379750217,""p"":""60603.99000000"",""q"":""0.00009000"",""T"":1780775030959,""m"":true,""M"":true}"""
1780775211|866219000|binance|depth|0|0|210|BTCUSDT|"""{""e"":""trade"",""E"":1780775030960,""s"":""BTCUSDT"",""t"":6379750218,""p"":""60603.99000000"",""q"":""0.00009000"",""T"":1780775030959,""m"":true,""M"":true}"""
1780775211|866222000|binance|depth|0|0|211|BTCUSDT|"""{""e"":""trade"",""E"":1780775030960,""s"":""BTCUSDT"",""t"":6379750219,""p"":""60603.99000000"",""q"":""0.00009000"",""T"":1780775030959,""m"":true,""M"":true}"""
1780775211|866225000|binance|depth|0|0|212|BTCUSDT|"""{""e"":""trade"",""E"":1780775030960,""s"":""BTCUSDT"",""t"":6379750220,""p"":""60603.99000000"",""q"":""0.00009000"",""T"":1780775030959,""m"":true,""M"":true}"""
1780775211|866228000|binance|depth|0|0|213|BTCUSDT|"""{""e"":""trade"",""E"":1780775030960,""s"":""BTCUSDT"",""t"":6379750221,""p"":""60603.99000000"",""q"":""0.00009000"",""T"":1780775030959,""m"":true,""M"":true}"""
1780775211|866231000|binance|depth|0|0|214|BTCUSDT|"""{""e"":""trade"",""E"":1780775030960,""s"":""BTCUSDT"",""t"":6379750222,""p"":""60603.99000000"",""q"":""0.00009000"",""T"":1780775030959,""m"":true,""M"":true}"""
1780775211|866233000|binance|depth|0|0|215|BTCUSDT|"""{""e"":""trade"",""E"":1780775030960,""s"":""BTCUSDT"",""t"":6379750223,""p"":""60603.99000000"",""q"":""0.00009000"",""T"":1780775030959,""m"":true,""M"":true}"""
1780775211|866236000|binance|depth|0|0|216|BTCUSDT|"""{""lastUpdateId"":95210785012,""bids"":[[""60603.98000000"",""2.23012000""],[""60603.97000000"",""0.00098000""],[""60603.30000000"",""0.00009000""],[""60603.24000000"",""0.00018000""],[""60603.23000000"",""0.01504000""]],""asks"":[[""60603.99000000"",""2.86855000""],[""60604.00000000"",""0.01579000""],[""60604.01000000"",""0.00017000""],[""60605.44000000"",""0.00400000""],[""60605.84000000"",""0.00018000""]]}"""
1780775211|866250000|binance|depth|0|0|217|BTCUSDT|"""{""e"":""depthUpdate"",""E"":1780775031014,""s"":""BTCUSDT"",""U"":95210784696,""u"":95210785012,""b"":[[""60603.99000000"",""0.00000000""],[""60603.98000000"",""2.23012000""],[""60603.97000000"",""0.00098000""],[""60603.92000000"",""0.00000000""],[""60603.24000000"",""0.00018000""],[""60602.88000000"",""0.00018000""],[""60602.86000000"",""0.00018000""],[""60602.85000000"",""0.02018000""],[""60602.64000000"",""0.00018000""],[""60602.63000000"",""1.57988000""],[""60602.62000000"",""0.00018000""],[""60602.61000000"",""0.00027000""],[""60602.59000000"",""0.00027000""],[""60602.40000000"",""0.00000000""],[""60602.25000000"",""0.04000000""],[""60602.24000000"",""0.00000000""],[""60602.00000000"",""0.00330000""],[""60601.19000000"",""0.00009000""],[""60601.16000000"",""0.00009000""],[""60600.79000000"",""0.00000000""],[""60600.78000000"",""0.12265000""],[""60600.24000000"",""0.49678000""],[""60600.23000000"",""0.13068000""],[""60599.92000000"",""1.97485000""],[""60599.91000000"",""0.00000000""],[""60599.89000000"",""0.00000000""],[""60599.56000000"",""0.00000000""],[""60599.53000000"",""0.00251000""],[""60598.98000000"",""0.00000000""],[""60598.97000000"",""0.00000000""],[""60598.63000000"",""0.00000000""],[""60597.93000000"",""0.00000000""],[""60597.92000000"",""0.27300000""],[""60597.19000000"",""0.00825000""],[""60597.00000000"",""0.00000000""],[""60596.53000000"",""0.05230000""],[""60596.47000000"",""0.14588000""],[""60594.47000000"",""0.00400000""],[""60593.82000000"",""0.00000000""],[""60591.69000000"",""0.23936000""],[""60591.30000000"",""0.00000000""],[""60588.79000000"",""0.82525000""],[""60588.78000000"",""0.00009000""],[""60580.98000000"",""0.00000000""],[""60579.74000000"",""0.00000000""],[""60579.69000000"",""0.00009000""],[""60578.08000000"",""0.00400000""],[""60576.56000000"",""0.00400000""],[""60572.91000000"",""0.59460000""],[""60567.62000000"",""0.01108000""],[""60540.61000000"",""0.00294000""],[""60529.91000000"",""0.00000000""],[""60525.27000000"",""0.00000000""],[""60462.58000000"",""4.96406000""],[""60450.18000000"",""0.14665000""],[""60294.68000000"",""0.00250000""],[""54543.60000000"",""0.00010000""],[""54543.59000000"",""0.00020000""],[""48483.19000000"",""0.00041000""],[""42422.78000000"",""0.00000000""]],""a"":[[""60603.99000000"",""2.86855000""],[""60604.00000000"",""0.01579000""],[""60604.01000000"",""0.00017000""],[""60604.02000000"",""0.00000000""],[""60605.37000000"",""0.00000000""],[""60605.44000000"",""0.00400000""],[""60605.84000000"",""0.00018000""],[""60605.99000000"",""0.00018000""],[""60606.75000000"",""0.00000000""],[""60606.85000000"",""0.00018000""],[""60606.96000000"",""0.00400000""],[""60607.99000000"",""0.00009000""],[""60608.13000000"",""0.10349000""],[""60608.48000000"",""0.00400000""],[""60608.99000000"",""0.00000000""],[""60609.38000000"",""0.00018000""],[""60609.51000000"",""0.10349000""],[""60609.52000000"",""0.10349000""],[""60609.90000000"",""0.10411000""],[""60610.00000000"",""0.02900000""],[""60610.11000000"",""0.00825000""],[""60610.58000000"",""0.17325000""],[""60610.60000000"",""0.00000000""],[""60611.99000000"",""0.00000000""],[""60612.69000000"",""0.00000000""],[""60615.03000000"",""0.10349000""],[""60615.17000000"",""0.00000000""],[""60616.27000000"",""0.00000000""],[""60616.91000000"",""0.00000000""],[""60617.06000000"",""0.00000000""],[""60617.79000000"",""0.00000000""],[""60617.80000000"",""0.00000000""],[""60617.86000000"",""0.00009000""],[""60617.87000000"",""0.00000000""],[""60618.23000000"",""0.14650000""],[""60620.55000000"",""0.00000000""],[""60621.93000000"",""0.00000000""],[""60622.33000000"",""0.00000000""],[""60622.35000000"",""0.82525000""],[""60623.25000000"",""1.97485000""],[""60624.69000000"",""0.00000000""],[""60626.07000000"",""0.00000000""],[""60627.45000000"",""0.00000000""],[""60628.79000000"",""0.00013000""],[""60628.80000000"",""0.00000000""],[""60629.76000000"",""0.00000000""],[""60631.28000000"",""0.00000000""],[""60631.50000000"",""0.59402000""],[""60632.80000000"",""0.00000000""],[""60634.32000000"",""0.00000000""],[""60637.62000000"",""1.63341000""],[""60647.16000000"",""0.00000000""],[""60648.64000000"",""0.00000000""],[""60669.47000000"",""0.03085000""],[""60696.97000000"",""0.00891000""],[""60762.53000000"",""0.00000000""],[""61057.85000000"",""0.00250000""],[""79460.44000000"",""0.00139000""]]}"""
1780775211|866287000|binance|depth|0|0|218|BTCUSDT|"""{""e"":""trade"",""E"":1780775031084,""s"":""BTCUSDT"",""t"":6379750224,""p"":""60603.99000000"",""q"":""0.00027000"",""T"":1780775031084,""m"":false,""M"":true}"""
1780775211|866293000|binance|depth|0|0|219|BTCUSDT|"""{""lastUpdateId"":95210785067,""bids"":[[""60603.98000000"",""2.30655000""],[""60603.97000000"",""0.00098000""],[""60603.30000000"",""0.00009000""],[""60603.24000000"",""0.00018000""],[""60603.23000000"",""0.01504000""]],""asks"":[[""60603.99000000"",""2.86819000""],[""60604.00000000"",""0.01579000""],[""60604.01000000"",""0.00017000""],[""60605.44000000"",""0.00400000""],[""60605.84000000"",""0.00018000""]]}"""
1780775211|866306000|binance|depth|0|0|220|BTCUSDT|"""{""e"":""depthUpdate"",""E"":1780775031114,""s"":""BTCUSDT"",""U"":95210785013,""u"":95210785067,""b"":[[""60603.98000000"",""2.30655000""],[""60602.85000000"",""0.02018000""],[""60602.65000000"",""0.00018000""],[""60602.64000000"",""0.10367000""],[""60602.63000000"",""1.58006000""],[""60602.62000000"",""0.00000000""],[""60602.61000000"",""0.00009000""],[""60602.59000000"",""0.00009000""],[""60602.25000000"",""0.04018000""],[""60601.99000000"",""0.04848000""],[""60601.75000000"",""0.00009000""],[""60601.16000000"",""0.00000000""],[""60589.58000000"",""0.00000000""],[""60578.56000000"",""0.00275000""],[""60466.01000000"",""0.00977000""],[""60462.95000000"",""0.00000000""],[""54543.59000000"",""0.00060000""]],""a"":[[""60603.99000000"",""2.86819000""],[""60608.00000000"",""0.02518000""],[""60608.13000000"",""0.10367000""],[""60609.00000000"",""0.01628000""],[""60609.38000000"",""0.00000000""],[""60609.51000000"",""0.10367000""],[""60609.60000000"",""0.00000000""],[""60610.20000000"",""0.07608000""],[""60612.67000000"",""0.00155000""],[""60613.20000000"",""0.00000000""],[""60614.92000000"",""0.16908000""],[""60618.23000000"",""0.00000000""],[""60619.25000000"",""0.00000000""]]}"""
1780775211|866316000|binance|depth|0|0|221|BTCUSDT|"""{""lastUpdateId"":95210785103,""bids"":[[""60603.98000000"",""2.18162000""],[""60603.97000000"",""0.00098000""],[""60603.30000000"",""0.00009000""],[""60603.24000000"",""0.00018000""],[""60603.23000000"",""0.01504000""]],""asks"":[[""60603.99000000"",""2.86837000""],[""60604.00000000"",""0.01597000""],[""60604.01000000"",""0.00017000""],[""60605.44000000"",""0.00400000""],[""60605.84000000"",""0.00018000""]]}"""
1780775211|866328000|binance|depth|0|0|222|BTCUSDT|"""{""e"":""depthUpdate"",""E"":1780775031214,""s"":""BTCUSDT"",""U"":95210785068,""u"":95210785103,""b"":[[""60603.98000000"",""2.18162000""],[""60603.97000000"",""0.00098000""],[""60602.85000000"",""0.02018000""],[""60602.64000000"",""0.10385000""],[""60601.99000000"",""0.04830000""],[""60415.12000000"",""0.02584000""],[""60406.88000000"",""0.00000000""],[""54543.59000000"",""0.00100000""],[""48483.19000000"",""0.00000000""]],""a"":[[""60603.99000000"",""2.86837000""],[""60604.00000000"",""0.01597000""],[""60629.57000000"",""0.00200000""],[""60635.36000000"",""0.00000000""]]}"""
1780775211|866335000|binance|depth|0|0|223|BTCUSDT|"""{""lastUpdateId"":95210785123,""bids"":[[""60603.98000000"",""2.36671000""],[""60603.97000000"",""0.00098000""],[""60603.30000000"",""0.00009000""],[""60603.24000000"",""0.00018000""],[""60603.23000000"",""0.01504000""]],""asks"":[[""60603.99000000"",""2.86828000""],[""60604.00000000"",""0.01597000""],[""60604.01000000"",""0.00017000""],[""60605.44000000"",""0.00400000""],[""60605.84000000"",""0.00018000""]]}"""
1780775211|866347000|binance|depth|0|0|224|BTCUSDT|"""{""e"":""depthUpdate"",""E"":1780775031314,""s"":""BTCUSDT"",""U"":95210785104,""u"":95210785123,""b"":[[""60603.98000000"",""2.36671000""],[""60602.87000000"",""0.02188000""],[""60594.40000000"",""0.44000000""],[""60579.74000000"",""0.00490000""],[""60579.60000000"",""0.00400000""],[""60576.56000000"",""0.00000000""],[""60567.62000000"",""0.00618000""],[""60525.27000000"",""0.51329000""],[""60415.12000000"",""0.00000000""],[""60352.15000000"",""0.02584000""],[""54543.59000000"",""0.00140000""]],""a"":[[""60603.99000000"",""2.86828000""],[""60608.13000000"",""0.00018000""],[""60609.52000000"",""0.00000000""],[""79902.01000000"",""0.00133000""]]}"""
1780775211|866358000|binance|depth|0|0|225|BTCUSDT|"""{""lastUpdateId"":95210785156,""bids"":[[""60603.98000000"",""2.80250000""],[""60603.97000000"",""0.00098000""],[""60603.30000000"",""0.00009000""],[""60603.24000000"",""0.00018000""],[""60603.23000000"",""0.01504000""]],""asks"":[[""60603.99000000"",""2.86828000""],[""60604.00000000"",""0.01597000""],[""60604.01000000"",""0.00017000""],[""60605.84000000"",""0.00018000""],[""60605.85000000"",""0.03063000""]]}"""
1780775211|866371000|binance|depth|0|0|226|BTCUSDT|"""{""e"":""depthUpdate"",""E"":1780775031414,""s"":""BTCUSDT"",""U"":95210785124,""u"":95210785156,""b"":[[""60603.98000000"",""2.80250000""],[""60602.40000000"",""0.00400000""],[""60600.24000000"",""0.50503000""],[""60599.23000000"",""0.05230000""],[""60597.19000000"",""0.00000000""],[""60596.53000000"",""0.00000000""],[""60593.72000000"",""0.00000000""],[""60588.30000000"",""0.00200000""],[""60578.08000000"",""0.00000000""],[""54543.59000000"",""0.00200000""],[""54543.00000000"",""0.00020000""]],""a"":[[""60605.44000000"",""0.00000000""],[""60608.00000000"",""0.02518000""],[""60608.13000000"",""0.00000000""],[""60609.51000000"",""0.00018000""],[""60609.90000000"",""0.10429000""],[""60610.11000000"",""0.00000000""],[""60611.23000000"",""0.00825000""],[""60624.67000000"",""0.00200000""],[""60630.10000000"",""0.00000000""],[""60631.28000000"",""0.00400000""]]}"""
1780775211|866380000|binance|depth|0|0|227|BTCUSDT|"""{""lastUpdateId"":95210785184,""bids"":[[""60603.98000000"",""2.80439000""],[""60603.97000000"",""0.00107000""],[""60603.30000000"",""0.00009000""],[""60603.24000000"",""0.00018000""],[""60603.23000000"",""0.01504000""]],""asks"":[[""60603.99000000"",""2.75546000""],[""60604.00000000"",""0.01588000""],[""60604.01000000"",""0.00017000""],[""60605.84000000"",""0.00018000""],[""60605.85000000"",""0.03063000""]]}"""
1780775211|866392000|binance|depth|0|0|228|BTCUSDT|"""{""e"":""depthUpdate"",""E"":1780775031514,""s"":""BTCUSDT"",""U"":95210785157,""u"":95210785184,""b"":[[""60603.98000000"",""2.80439000""],[""60603.97000000"",""0.00107000""],[""60589.30000000"",""0.00000000""],[""60584.67000000"",""0.00400000""],[""59834.61000000"",""0.00000000""],[""54543.59000000"",""0.00240000""],[""54543.00000000"",""0.00000000""],[""48483.19000000"",""0.00041000""]],""a"":[[""60603.99000000"",""2.75546000""],[""60604.00000000"",""0.01588000""],[""60606.40000000"",""0.05863000""],[""60609.00000000"",""0.01628000""],[""60609.51000000"",""0.00000000""],[""60610.00000000"",""0.02918000""],[""60627.21000000"",""0.00400000""],[""60631.81000000"",""0.00000000""]]}"""
1780775211|866399000|binance|depth|0|0|229|BTCUSDT|"""{""lastUpdateId"":95210785203,""bids"":[[""60603.98000000"",""2.80529000""],[""60603.97000000"",""0.00107000""],[""60603.30000000"",""0.00009000""],[""60603.24000000"",""0.00018000""],[""60603.23000000"",""0.01504000""]],""asks"":[[""60603.99000000"",""2.75546000""],[""60604.00000000"",""0.01588000""],[""60604.01000000"",""0.00017000""],[""60605.84000000"",""0.00018000""],[""60605.85000000"",""0.03063000""]]}"""
1780775211|866411000|binance|depth|0|0|230|BTCUSDT|"""{""e"":""depthUpdate"",""E"":1780775031614,""s"":""BTCUSDT"",""U"":95210785185,""u"":95210785203,""b"":[[""60603.98000000"",""2.80529000""],[""60601.60000000"",""0.05211000""],[""60599.23000000"",""0.00000000""],[""54543.59000000"",""0.00280000""],[""48483.19000000"",""0.00000000""]],""a"":[[""60606.00000000"",""0.02528000""],[""60606.39000000"",""0.00018000""],[""60606.40000000"",""0.05881000""],[""60607.99000000"",""0.00000000""],[""60610.00000000"",""0.02900000""]]}"""
1780775211|866416000|binance|depth|0|0|231|BTCUSDT|"""{""lastUpdateId"":95210785221,""bids"":[[""60603.98000000"",""2.80569000""],[""60603.97000000"",""0.00107000""],[""60603.92000000"",""0.00400000""],[""60603.30000000"",""0.00009000""],[""60603.24000000"",""0.00018000""]],""asks"":[[""60603.99000000"",""2.75852000""],[""60604.00000000"",""0.01597000""],[""60604.01000000"",""0.00017000""],[""60605.84000000"",""0.00018000""],[""60605.85000000"",""0.03063000""]]}"""
1780775211|866431000|binance|depth|0|0|232|BTCUSDT|"""{""e"":""depthUpdate"",""E"":1780775031714,""s"":""BTCUSDT"",""U"":95210785204,""u"":95210785221,""b"":[[""60603.98000000"",""2.80569000""],[""60603.92000000"",""0.00400000""],[""60602.88000000"",""0.00183000""],[""60602.87000000"",""0.02018000""],[""60602.64000000"",""0.10394000""],[""60596.71000000"",""0.00400000""],[""60594.47000000"",""0.00000000""],[""60579.60000000"",""0.00000000""],[""60514.12000000"",""0.02584000""],[""60509.29000000"",""0.00000000""],[""54543.59000000"",""0.00320000""]],""a"":[[""60603.99000000"",""2.75852000""],[""60604.00000000"",""0.01597000""],[""60606.96000000"",""0.00000000""],[""60619.68000000"",""0.00000000""],[""60632.80000000"",""0.00400000""]]}"""
1780775211|866438000|binance|depth|0|0|233|BTCUSDT|"""{""lastUpdateId"":95210785229,""bids"":[[""60603.98000000"",""2.80569000""],[""60603.97000000"",""0.00107000""],[""60603.92000000"",""0.00400000""],[""60603.30000000"",""0.00009000""],[""60603.24000000"",""0.00018000""]],""asks"":[[""60603.99000000"",""2.75852000""],[""60604.00000000"",""0.01597000""],[""60604.01000000"",""0.00017000""],[""60605.84000000"",""0.00018000""],[""60605.85000000"",""0.03063000""]]}"""
1780775211|866450000|binance|depth|0|0|234|BTCUSDT|"""{""e"":""depthUpdate"",""E"":1780775031814,""s"":""BTCUSDT"",""U"":95210785222,""u"":95210785229,""b"":[[""60585.79000000"",""0.00000000""],[""60585.78000000"",""0.00009000""],[""54543.59000000"",""0.00360000""]],""a"":[[""60610.20000000"",""0.00000000""],[""60612.09000000"",""0.07608000""],[""60622.16000000"",""0.00409000""],[""60622.17000000"",""0.00000000""],[""66664.39000000"",""0.00009000""]]}"""
1780775211|866456000|binance|depth|0|0|235|BTCUSDT|"""{""lastUpdateId"":95210785247,""bids"":[[""60603.98000000"",""2.80578000""],[""60603.97000000"",""0.00116000""],[""60603.92000000"",""0.00400000""],[""60603.30000000"",""0.00009000""],[""60603.24000000"",""0.00018000""]],""asks"":[[""60603.99000000"",""2.75843000""],[""60604.00000000"",""0.01588000""],[""60604.01000000"",""0.00017000""],[""60605.84000000"",""0.00018000""],[""60605.85000000"",""0.03063000""]]}"""
1780775211|866467000|binance|depth|0|0|236|BTCUSDT|"""{""e"":""depthUpdate"",""E"":1780775031914,""s"":""BTCUSDT"",""U"":95210785230,""u"":95210785247,""b"":[[""60603.98000000"",""2.80578000""],[""60603.97000000"",""0.00116000""],[""60566.00000000"",""0.01315000""],[""60514.12000000"",""0.00000000""],[""54543.59000000"",""0.00400000""],[""48483.18000000"",""0.00000000""],[""48483.00000000"",""0.00200000""]],""a"":[[""60603.99000000"",""2.75843000""],[""60604.00000000"",""0.01588000""],[""60778.14000000"",""0.00164000""],[""60779.26000000"",""0.00000000""],[""66664.39000000"",""0.00000000""],[""80396.99000000"",""0.00132000""]]}"""
1780775211|866474000|binance|depth|0|0|237|BTCUSDT|"""{""lastUpdateId"":95210785254,""bids"":[[""60603.98000000"",""2.80578000""],[""60603.97000000"",""0.00116000""],[""60603.92000000"",""0.00400000""],[""60603.30000000"",""0.00009000""],[""60603.24000000"",""0.00018000""]],""asks"":[[""60603.99000000"",""2.75843000""],[""60604.00000000"",""0.01588000""],[""60604.01000000"",""0.00017000""],[""60605.84000000"",""0.00018000""],[""60605.85000000"",""0.03063000""]]}"""
1780775211|866485000|binance|depth|0|0|238|BTCUSDT|"""{""e"":""depthUpdate"",""E"":1780775032014,""s"":""BTCUSDT"",""U"":95210785248,""u"":95210785254,""b"":[[""60600.25000000"",""0.00252000""],[""60599.53000000"",""0.00000000""],[""60596.34000000"",""0.00164000""],[""54543.59000000"",""0.00440000""],[""48483.19000000"",""0.00041000""],[""48333.00000000"",""0.00000000""]],""a"":[[""60610.58000000"",""0.16500000""],[""60611.45000000"",""0.00825000""]]}"""
1780775211|866490000|binance|depth|0|0|239|BTCUSDT|"""{""lastUpdateId"":95210785261,""bids"":[[""60603.98000000"",""2.80638000""],[""60603.97000000"",""0.00116000""],[""60603.96000000"",""0.00017000""],[""60603.92000000"",""0.00400000""],[""60603.30000000"",""0.00009000""]],""asks"":[[""60603.99000000"",""2.75843000""],[""60604.00000000"",""0.01588000""],[""60604.01000000"",""0.00017000""],[""60605.84000000"",""0.00018000""],[""60605.85000000"",""0.03063000""]]}"""
1780775211|866506000|binance|depth|0|0|240|BTCUSDT|"""{""e"":""depthUpdate"",""E"":1780775032114,""s"":""BTCUSDT"",""U"":95210785255,""u"":95210785261,""b"":[[""60603.98000000"",""2.80638000""],[""60603.96000000"",""0.00017000""],[""55753.84000000"",""0.00018000""],[""54543.59000000"",""0.00480000""]],""a"":[[""81591.55000000"",""0.00087000""]]}"""
1780775211|866510000|binance|depth|0|0|241|BTCUSDT|"""{""lastUpdateId"":95210785274,""bids"":[[""60603.98000000"",""2.80638000""],[""60603.97000000"",""0.00116000""],[""60603.96000000"",""0.00017000""],[""60603.92000000"",""0.00400000""],[""60603.30000000"",""0.00009000""]],""asks"":[[""60603.99000000"",""2.75843000""],[""60604.00000000"",""0.01588000""],[""60604.01000000"",""0.00017000""],[""60605.84000000"",""0.00018000""],[""60605.85000000"",""0.03063000""]]}"""
1780775211|866522000|binance|depth|0|0|242|BTCUSDT|"""{""e"":""depthUpdate"",""E"":1780775032214,""s"":""BTCUSDT"",""U"":95210785262,""u"":95210785274,""b"":[[""60603.98000000"",""2.80638000""],[""60602.94000000"",""0.00372000""],[""60602.88000000"",""0.00018000""],[""60602.27000000"",""0.00330000""],[""60602.00000000"",""0.00000000""],[""60576.00000000"",""0.01200000""],[""60466.01000000"",""0.00000000""],[""60462.59000000"",""0.00977000""],[""54543.59000000"",""0.00500000""],[""54543.00000000"",""0.00010000""],[""54200.52000000"",""0.00611000""],[""48483.19000000"",""0.00000000""]],""a"":[]}"""
1780775211|866528000|binance|depth|0|0|243|BTCUSDT|"""{""lastUpdateId"":95210785285,""bids"":[[""60603.98000000"",""2.80838000""],[""60603.97000000"",""0.00116000""],[""60603.96000000"",""0.00017000""],[""60603.92000000"",""0.00400000""],[""60603.30000000"",""0.00009000""]],""asks"":[[""60603.99000000"",""2.75843000""],[""60604.00000000"",""0.01588000""],[""60604.01000000"",""0.00017000""],[""60605.84000000"",""0.00018000""],[""60605.85000000"",""0.03063000""]]}"""
1780775211|866539000|binance|depth|0|0|244|BTCUSDT|"""{""e"":""depthUpdate"",""E"":1780775032315,""s"":""BTCUSDT"",""U"":95210785275,""u"":95210785285,""b"":[[""60603.98000000"",""2.80838000""],[""60602.27000000"",""0.00000000""],[""60602.00000000"",""0.00330000""],[""54543.59000000"",""0.00500000""],[""54543.00000000"",""0.00010000""]],""a"":[]}"""
1780775211|866543000|binance|depth|0|0|245|BTCUSDT|"""{""e"":""trade"",""E"":1780775032359,""s"":""BTCUSDT"",""t"":6379750225,""p"":""60603.99000000"",""q"":""0.00018000"",""T"":1780775032359,""m"":false,""M"":true}"""
1780775211|866546000|binance|depth|0|0|246|BTCUSDT|"""{""lastUpdateId"":95210785294,""bids"":[[""60603.98000000"",""2.80838000""],[""60603.97000000"",""0.00116000""],[""60603.96000000"",""0.00017000""],[""60603.92000000"",""0.00400000""],[""60603.30000000"",""0.00009000""]],""asks"":[[""60603.99000000"",""2.75825000""],[""60604.00000000"",""0.01588000""],[""60604.01000000"",""0.00017000""],[""60605.84000000"",""0.00018000""],[""60605.85000000"",""0.03063000""]]}"""
1780775211|866559000|binance|depth|0|0|247|BTCUSDT|"""{""e"":""depthUpdate"",""E"":1780775032415,""s"":""BTCUSDT"",""U"":95210785286,""u"":95210785294,""b"":[[""54543.60000000"",""0.00000000""],[""54543.59000000"",""0.00510000""],[""54543.00000000"",""0.00000000""]],""a"":[[""60603.99000000"",""2.75825000""],[""81756.27000000"",""0.00052000""]]}"""
1780775211|866563000|binance|depth|0|0|248|BTCUSDT|"""{""lastUpdateId"":95210785299,""bids"":[[""60603.98000000"",""2.80838000""],[""60603.97000000"",""0.00116000""],[""60603.96000000"",""0.00017000""],[""60603.92000000"",""0.00400000""],[""60603.30000000"",""0.00009000""]],""asks"":[[""60603.99000000"",""2.75825000""],[""60604.00000000"",""0.01588000""],[""60604.01000000"",""0.00017000""],[""60605.84000000"",""0.00018000""],[""60605.85000000"",""0.03063000""]]}"""
1780775211|866575000|binance|depth|0|0|249|BTCUSDT|"""{""e"":""depthUpdate"",""E"":1780775032514,""s"":""BTCUSDT"",""U"":95210785295,""u"":95210785299,""b"":[[""54543.59000000"",""0.00510000""],[""48483.19000000"",""0.00041000""]],""a"":[]}"""
1780775211|866581000|binance|depth|0|0|250|BTCUSDT|"""{""lastUpdateId"":95210785309,""bids"":[[""60603.98000000"",""2.80838000""],[""60603.97000000"",""0.00116000""],[""60603.96000000"",""0.00017000""],[""60603.92000000"",""0.00400000""],[""60603.30000000"",""0.00009000""]],""asks"":[[""60603.99000000"",""2.75825000""],[""60604.00000000"",""0.01588000""],[""60604.01000000"",""0.00017000""],[""60605.84000000"",""0.00018000""],[""60605.85000000"",""0.03063000""]]}"""
1780775211|866603000|binance|depth|0|0|251|BTCUSDT|"""{""e"":""depthUpdate"",""E"":1780775032615,""s"":""BTCUSDT"",""U"":95210785300,""u"":95210785309,""b"":[[""60586.00000000"",""0.01921000""],[""54543.59000000"",""0.00510000""],[""54543.00000000"",""0.00000000""],[""48483.19000000"",""0.00000000""]],""a"":[[""85297.09000000"",""0.00057000""]]}"""
1780775211|866607000|binance|depth|0|0|252|BTCUSDT|"""{""lastUpdateId"":95210785315,""bids"":[[""60603.98000000"",""2.80838000""],[""60603.97000000"",""0.00116000""],[""60603.96000000"",""0.00017000""],[""60603.92000000"",""0.00400000""],[""60603.30000000"",""0.00009000""]],""asks"":[[""60603.99000000"",""2.75825000""],[""60604.00000000"",""0.01588000""],[""60604.01000000"",""0.00017000""],[""60605.84000000"",""0.00018000""],[""60605.85000000"",""0.03063000""]]}"""
1780775211|866619000|binance|depth|0|0|253|BTCUSDT|"""{""e"":""depthUpdate"",""E"":1780775032714,""s"":""BTCUSDT"",""U"":95210785310,""u"":95210785315,""b"":[[""59785.96000000"",""0.15929000""],[""55753.84000000"",""0.00000000""],[""54543.59000000"",""0.00510000""]],""a"":[]}"""
1780775211|866622000|binance|depth|0|0|254|BTCUSDT|"""{""lastUpdateId"":95210785323,""bids"":[[""60603.98000000"",""2.80838000""],[""60603.97000000"",""0.00116000""],[""60603.96000000"",""0.00017000""],[""60603.92000000"",""0.00400000""],[""60603.30000000"",""0.00009000""]],""asks"":[[""60603.99000000"",""2.75825000""],[""60604.00000000"",""0.01588000""],[""60604.01000000"",""0.00017000""],[""60605.84000000"",""0.00018000""],[""60605.85000000"",""0.03063000""]]}"""
1780775211|866634000|binance|depth|0|0|255|BTCUSDT|"""{""e"":""depthUpdate"",""E"":1780775032816,""s"":""BTCUSDT"",""U"":95210785316,""u"":95210785323,""b"":[[""60585.78000000"",""0.00009000""],[""59785.96000000"",""0.00000000""],[""54543.59000000"",""0.00510000""]],""a"":[[""60622.16000000"",""0.00409000""]]}"""
1780775211|866637000|binance|depth|0|0|256|BTCUSDT|"""{""lastUpdateId"":95210785337,""bids"":[[""60603.98000000"",""2.80838000""],[""60603.97000000"",""0.00116000""],[""60603.96000000"",""0.00017000""],[""60603.92000000"",""0.00400000""],[""60603.30000000"",""0.00009000""]],""asks"":[[""60603.99000000"",""2.75825000""],[""60604.00000000"",""0.01588000""],[""60604.01000000"",""0.00017000""],[""60605.84000000"",""0.00018000""],[""60605.85000000"",""0.03063000""]]}"""
1780775211|866650000|binance|depth|0|0|257|BTCUSDT|"""{""e"":""depthUpdate"",""E"":1780775032916,""s"":""BTCUSDT"",""U"":95210785324,""u"":95210785337,""b"":[[""60589.35000000"",""0.00200000""],[""60588.30000000"",""0.00000000""],[""54543.59000000"",""0.00490000""],[""48483.18000000"",""0.00000000""]],""a"":[[""60624.67000000"",""0.00000000""],[""60625.73000000"",""0.00200000""],[""86034.98000000"",""0.00028000""]]}"""
1780775211|866654000|binance|depth|0|0|258|BTCUSDT|"""{""lastUpdateId"":95210785346,""bids"":[[""60603.98000000"",""2.80838000""],[""60603.97000000"",""0.00116000""],[""60603.96000000"",""0.00017000""],[""60603.92000000"",""0.00400000""],[""60603.30000000"",""0.00009000""]],""asks"":[[""60603.99000000"",""2.75825000""],[""60604.00000000"",""0.01588000""],[""60604.01000000"",""0.00017000""],[""60605.84000000"",""0.00018000""],[""60605.85000000"",""0.03063000""]]}"""
1780775211|866666000|binance|depth|0|0|259|BTCUSDT|"""{""e"":""depthUpdate"",""E"":1780775033014,""s"":""BTCUSDT"",""U"":95210785338,""u"":95210785346,""b"":[[""54543.59000000"",""0.00490000""],[""48483.19000000"",""0.00041000""]],""a"":[[""60611.45000000"",""0.00000000""],[""60611.99000000"",""0.00825000""],[""60629.57000000"",""0.00000000""],[""60631.52000000"",""0.00200000""],[""60686.85000000"",""0.06923000""]]}"""
1780775211|866675000|binance|depth|0|0|260|BTCUSDT|"""{""lastUpdateId"":95210785362,""bids"":[[""60603.98000000"",""2.41938000""],[""60603.97000000"",""0.00116000""],[""60603.96000000"",""0.00017000""],[""60603.92000000"",""0.00400000""],[""60603.30000000"",""0.00009000""]],""asks"":[[""60603.99000000"",""2.75825000""],[""60604.00000000"",""0.01588000""],[""60604.01000000"",""0.00017000""],[""60605.84000000"",""0.00018000""],[""60605.85000000"",""0.03063000""]]}"""
1780775211|866687000|binance|depth|0|0|261|BTCUSDT|"""{""e"":""depthUpdate"",""E"":1780775033114,""s"":""BTCUSDT"",""U"":95210785347,""u"":95210785362,""b"":[[""60603.98000000"",""2.41938000""],[""60600.24000000"",""0.49678000""],[""60599.70000000"",""0.00825000""],[""54543.59000000"",""0.00490000""]],""a"":[[""86524.94000000"",""0.00020000""]]}"""
1780775211|866691000|binance|depth|0|0|262|BTCUSDT|"""{""lastUpdateId"":95210785368,""bids"":[[""60603.98000000"",""2.41938000""],[""60603.97000000"",""0.00116000""],[""60603.96000000"",""0.00017000""],[""60603.92000000"",""0.00400000""],[""60603.30000000"",""0.00009000""]],""asks"":[[""60603.99000000"",""2.75825000""],[""60604.00000000"",""0.01588000""],[""60604.01000000"",""0.00017000""],[""60605.84000000"",""0.00018000""],[""60605.85000000"",""0.03063000""]]}"""
1780775211|866703000|binance|depth|0|0|263|BTCUSDT|"""{""e"":""depthUpdate"",""E"":1780775033217,""s"":""BTCUSDT"",""U"":95210785363,""u"":95210785368,""b"":[[""54543.59000000"",""0.00510000""],[""48483.19000000"",""0.00000000""]],""a"":[]}"""
1780775211|866706000|binance|depth|0|0|264|BTCUSDT|"""{""lastUpdateId"":95210785374,""bids"":[[""60603.98000000"",""2.41947000""],[""60603.97000000"",""0.00116000""],[""60603.96000000"",""0.00017000""],[""60603.92000000"",""0.00400000""],[""60603.30000000"",""0.00009000""]],""asks"":[[""60603.99000000"",""2.75825000""],[""60604.00000000"",""0.01588000""],[""60604.01000000"",""0.00017000""],[""60605.84000000"",""0.00018000""],[""60605.85000000"",""0.03063000""]]}"""
1780775211|866717000|binance|depth|0|0|265|BTCUSDT|"""{""e"":""depthUpdate"",""E"":1780775033315,""s"":""BTCUSDT"",""U"":95210785369,""u"":95210785374,""b"":[[""60603.98000000"",""2.41947000""],[""60602.01000000"",""0.00330000""],[""54543.59000000"",""0.00510000""]],""a"":[]}"""
1780775211|866721000|binance|depth|0|0|266|BTCUSDT|"""{""lastUpdateId"":95210785481,""bids"":[[""60603.98000000"",""1.75314000""],[""60603.97000000"",""0.00116000""],[""60603.96000000"",""0.00017000""],[""60603.30000000"",""0.00009000""],[""60603.24000000"",""0.00018000""]],""asks"":[[""60603.99000000"",""2.75825000""],[""60604.00000000"",""0.01588000""],[""60604.01000000"",""0.00017000""],[""60605.36000000"",""0.00018000""],[""60605.37000000"",""0.10349000""]]}"""
1780775211|866734000|binance|depth|0|0|267|BTCUSDT|"""{""e"":""depthUpdate"",""E"":1780775033414,""s"":""BTCUSDT"",""U"":95210785375,""u"":95210785481,""b"":[[""60603.98000000"",""1.75314000""],[""60603.92000000"",""0.00000000""],[""60603.10000000"",""0.00018000""],[""60603.09000000"",""0.15164000""],[""60602.94000000"",""0.00210000""],[""60602.65000000"",""0.00000000""],[""60602.64000000"",""0.00027000""],[""60602.63000000"",""0.00018000""],[""60602.30000000"",""0.00009000""],[""60602.01000000"",""0.00000000""],[""60602.00000000"",""0.00000000""],[""60601.60000000"",""0.00000000""],[""60601.20000000"",""0.00000000""],[""60600.26000000"",""0.00660000""],[""60600.25000000"",""0.00000000""],[""60600.24000000"",""0.00033000""],[""60599.93000000"",""2.07633000""],[""60599.92000000"",""0.00000000""],[""60599.90000000"",""0.00000000""],[""60599.70000000"",""0.00000000""],[""60599.56000000"",""0.00000000""],[""60599.55000000"",""0.00000000""],[""60599.37000000"",""0.00034000""],[""60599.08000000"",""0.05421000""],[""60598.34000000"",""0.00252000""],[""60596.88000000"",""0.00825000""],[""60596.83000000"",""0.00000000""],[""60596.31000000"",""0.00000000""],[""60596.04000000"",""1.57988000""],[""60596.03000000"",""0.00000000""],[""60594.51000000"",""0.01650000""],[""60593.42000000"",""1.97485000""],[""60593.41000000"",""1.57988000""],[""60590.81000000"",""0.00000000""],[""60579.74000000"",""0.00000000""],[""60578.08000000"",""0.00400000""],[""60567.62000000"",""0.01108000""],[""60441.11000000"",""0.04480000""],[""54543.59000000"",""0.00510000""]],""a"":[[""60603.99000000"",""2.75825000""],[""60605.36000000"",""0.00018000""],[""60605.37000000"",""0.10349000""],[""60606.75000000"",""0.10349000""],[""60606.85000000"",""0.00000000""],[""60606.96000000"",""0.00400000""],[""60608.13000000"",""0.10349000""],[""60609.51000000"",""0.10349000""],[""60609.79000000"",""0.00000000""],[""60610.10000000"",""0.07608000""],[""60610.89000000"",""0.10349000""],[""60611.08000000"",""0.00000000""],[""60611.23000000"",""0.00000000""],[""60611.34000000"",""0.00825000""],[""60612.09000000"",""0.00000000""],[""60613.21000000"",""0.04073000""],[""60614.91000000"",""0.49645000""],[""60614.92000000"",""0.00000000""],[""60615.18000000"",""0.00000000""],[""60617.79000000"",""0.10349000""],[""60617.87000000"",""0.10349000""],[""60618.84000000"",""0.00000000""],[""60620.55000000"",""0.10349000""],[""60621.93000000"",""0.10349000""],[""60622.33000000"",""0.30199000""],[""60628.81000000"",""0.00000000""],[""60629.76000000"",""0.00400000""],[""60631.28000000"",""0.00000000""],[""60632.80000000"",""0.00000000""],[""87014.90000000"",""0.00019000""]]}"""
1780775211|866758000|binance|depth|0|0|268|BTCUSDT|"""{""e"":""trade"",""E"":1780775033493,""s"":""BTCUSDT"",""t"":6379750226,""p"":""60603.98000000"",""q"":""0.00017000"",""T"":1780775033493,""m"":true,""M"":true}"""
1780775211|866761000|binance|depth|0|0|269|BTCUSDT|"""{""e"":""trade"",""E"":1780775033493,""s"":""BTCUSDT"",""t"":6379750227,""p"":""60603.98000000"",""q"":""0.00009000"",""T"":1780775033493,""m"":true,""M"":true}"""
1780775211|866765000|binance|depth|0|0|270|BTCUSDT|"""{""e"":""trade"",""E"":1780775033493,""s"":""BTCUSDT"",""t"":6379750228,""p"":""60603.98000000"",""q"":""0.00009000"",""T"":1780775033493,""m"":true,""M"":true}"""
1780775211|866767000|binance|depth|0|0|271|BTCUSDT|"""{""e"":""trade"",""E"":1780775033493,""s"":""BTCUSDT"",""t"":6379750229,""p"":""60603.98000000"",""q"":""0.00155000"",""T"":1780775033493,""m"":true,""M"":true}"""
1780775211|866770000|binance|depth|0|0|272|BTCUSDT|"""{""lastUpdateId"":95210785577,""bids"":[[""60603.98000000"",""1.68916000""],[""60603.97000000"",""0.00116000""],[""60603.96000000"",""0.00017000""],[""60603.30000000"",""0.00009000""],[""60603.24000000"",""0.00018000""]],""asks"":[[""60603.99000000"",""3.21046000""],[""60604.00000000"",""0.01588000""],[""60604.01000000"",""0.00017000""],[""60605.36000000"",""0.00018000""],[""60605.37000000"",""0.10367000""]]}"""
1780775211|866783000|binance|depth|0|0|273|BTCUSDT|"""{""e"":""depthUpdate"",""E"":1780775033514,""s"":""BTCUSDT"",""U"":95210785482,""u"":95210785577,""b"":[[""60603.98000000"",""1.68916000""],[""60603.23000000"",""0.01504000""],[""60603.09000000"",""0.15182000""],[""60602.85000000"",""0.02018000""],[""60602.64000000"",""0.00000000""],[""60602.63000000"",""0.00000000""],[""60602.40000000"",""0.00000000""],[""60601.99000000"",""0.04848000""],[""60600.26000000"",""0.00000000""],[""60599.93000000"",""1.57988000""],[""60599.38000000"",""0.00330000""],[""60599.37000000"",""0.00000000""],[""60599.34000000"",""0.00034000""],[""60599.27000000"",""0.00330000""],[""60598.34000000"",""0.00000000""],[""60596.89000000"",""0.00252000""],[""60596.71000000"",""0.00000000""],[""60596.34000000"",""0.00000000""],[""60589.35000000"",""0.00000000""],[""60587.44000000"",""0.00164000""],[""60587.27000000"",""0.00200000""],[""60580.00000000"",""0.01033000""],[""60575.04000000"",""0.00400000""],[""60525.27000000"",""0.00000000""],[""56554.52000000"",""0.00000000""],[""54543.59000000"",""0.00500000""],[""54543.58000000"",""0.00010000""],[""48483.19000000"",""0.00041000""],[""48483.00000000"",""0.00200000""]],""a"":[[""60603.99000000"",""3.21046000""],[""60604.00000000"",""0.01588000""],[""60605.37000000"",""0.10367000""],[""60605.44000000"",""0.00400000""],[""60606.39000000"",""0.00000000""],[""60606.40000000"",""0.00018000""],[""60606.74000000"",""0.00009000""],[""60606.75000000"",""0.10367000""],[""60607.58000000"",""0.07608000""],[""60608.00000000"",""0.02518000""],[""60609.00000000"",""0.01610000""],[""60609.90000000"",""0.10411000""],[""60610.10000000"",""0.00000000""],[""60611.13000000"",""0.00000000""],[""60620.55000000"",""0.00000000""],[""60621.93000000"",""0.00000000""],[""60622.33000000"",""0.19850000""],[""60623.65000000"",""0.00200000""],[""60625.73000000"",""0.00000000""],[""60629.76000000"",""0.00000000""],[""60714.92000000"",""0.00000000""]]}"""
1780775211|866802000|binance|depth|0|0|274|BTCUSDT|"""{""lastUpdateId"":95210785631,""bids"":[[""60603.98000000"",""1.66005000""],[""60603.97000000"",""0.00098000""],[""60603.96000000"",""0.00017000""],[""60603.30000000"",""0.00009000""],[""60603.24000000"",""0.00018000""]],""asks"":[[""60603.99000000"",""2.90378000""],[""60604.00000000"",""0.01579000""],[""60604.01000000"",""0.00017000""],[""60605.36000000"",""0.00018000""],[""60605.37000000"",""0.10367000""]]}"""
1780775211|866814000|binance|depth|0|0|275|BTCUSDT|"""{""e"":""depthUpdate"",""E"":1780775033614,""s"":""BTCUSDT"",""U"":95210785578,""u"":95210785631,""b"":[[""60603.98000000"",""1.66005000""],[""60603.97000000"",""0.00098000""],[""60601.99000000"",""0.04839000""],[""60601.75000000"",""0.00000000""],[""60600.88000000"",""0.00000000""],[""60600.00000000"",""0.00340000""],[""60599.94000000"",""0.49645000""],[""60599.27000000"",""0.00000000""],[""60596.52000000"",""0.00000000""],[""60576.56000000"",""0.00400000""],[""54543.59000000"",""0.00500000""],[""48483.19000000"",""0.00000000""]],""a"":[[""60603.99000000"",""2.90378000""],[""60604.00000000"",""0.01579000""],[""60606.00000000"",""0.02528000""],[""60606.40000000"",""0.00000000""],[""60606.86000000"",""0.12512000""],[""60607.58000000"",""0.07626000""],[""60611.24000000"",""0.00000000""],[""60628.86000000"",""0.00200000""],[""60631.52000000"",""0.00000000""],[""87504.85000000"",""0.00020000""]]}"""
1780775211|866823000|binance|depth|0|0|276|BTCUSDT|"""{""lastUpdateId"":95210785648,""bids"":[[""60603.98000000"",""1.66193000""],[""60603.97000000"",""0.00098000""],[""60603.96000000"",""0.00017000""],[""60603.30000000"",""0.00009000""],[""60603.24000000"",""0.00018000""]],""asks"":[[""60603.99000000"",""2.90331000""],[""60604.00000000"",""0.01579000""],[""60604.01000000"",""0.00017000""],[""60605.36000000"",""0.00018000""],[""60605.37000000"",""0.10367000""]]}"""
1780775211|866835000|binance|depth|0|0|277|BTCUSDT|"""{""e"":""depthUpdate"",""E"":1780775033714,""s"":""BTCUSDT"",""U"":95210785632,""u"":95210785648,""b"":[[""60603.98000000"",""1.66193000""],[""60600.24000000"",""0.00009000""],[""60600.23000000"",""0.13077000""],[""60596.66000000"",""0.00000000""],[""60579.60000000"",""0.00400000""],[""60575.04000000"",""0.00000000""],[""60462.59000000"",""0.00000000""],[""60460.28000000"",""0.01007000""],[""54543.59000000"",""0.00500000""],[""54543.00000000"",""0.00000000""]],""a"":[[""60603.99000000"",""2.90331000""],[""60611.16000000"",""0.00048000""],[""60627.89000000"",""0.59406000""]]}"""
1780775211|866842000|binance|depth|0|0|278|BTCUSDT|"""{""lastUpdateId"":95210785660,""bids"":[[""60603.98000000"",""1.66193000""],[""60603.97000000"",""0.00098000""],[""60603.96000000"",""0.00017000""],[""60603.30000000"",""0.00009000""],[""60603.24000000"",""0.00018000""]],""asks"":[[""60603.99000000"",""2.90331000""],[""60604.00000000"",""0.01579000""],[""60604.01000000"",""0.00017000""],[""60605.36000000"",""0.00018000""],[""60605.37000000"",""0.10367000""]]}"""
1780775211|866853000|binance|depth|0|0|279|BTCUSDT|"""{""e"":""depthUpdate"",""E"":1780775033815,""s"":""BTCUSDT"",""U"":95210785649,""u"":95210785660,""b"":[[""60587.27000000"",""0.00000000""],[""60587.00000000"",""0.00200000""],[""60585.78000000"",""0.00000000""],[""54543.59000000"",""0.00500000""]],""a"":[[""60607.58000000"",""0.00018000""],[""60609.49000000"",""0.07642000""],[""60612.22000000"",""0.17804000""],[""60622.16000000"",""0.00400000""],[""60623.37000000"",""0.00200000""],[""60623.65000000"",""0.00000000""]]}"""
1780775211|866862000|binance|depth|0|0|280|BTCUSDT|"""{""lastUpdateId"":95210785684,""bids"":[[""60603.98000000"",""1.71626000""],[""60603.97000000"",""0.00098000""],[""60603.96000000"",""0.00017000""],[""60603.30000000"",""0.00009000""],[""60603.24000000"",""0.00018000""]],""asks"":[[""60603.99000000"",""2.90331000""],[""60604.00000000"",""0.01579000""],[""60604.01000000"",""0.00017000""],[""60605.36000000"",""0.00018000""],[""60605.37000000"",""0.10367000""]]}"""
1780775211|866874000|binance|depth|0|0|281|BTCUSDT|"""{""e"":""depthUpdate"",""E"":1780775033914,""s"":""BTCUSDT"",""U"":95210785661,""u"":95210785684,""b"":[[""60603.98000000"",""1.71626000""],[""60585.78000000"",""0.00009000""],[""54543.59000000"",""0.00500000""],[""48483.18000000"",""0.00000000""]],""a"":[[""60606.86000000"",""0.12512000""],[""60607.58000000"",""0.00000000""],[""60608.13000000"",""0.10367000""],[""60622.16000000"",""0.00409000""],[""60628.59000000"",""0.00200000""],[""60628.86000000"",""0.00000000""]]}"""
1780775211|866879000|binance|depth|0|0|282|BTCUSDT|"""{""lastUpdateId"":95210785706,""bids"":[[""60603.98000000"",""1.71438000""],[""60603.97000000"",""0.00098000""],[""60603.96000000"",""0.00017000""],[""60603.30000000"",""0.00009000""],[""60603.24000000"",""0.00018000""]],""asks"":[[""60603.99000000"",""3.29611000""],[""60604.00000000"",""0.01570000""],[""60604.01000000"",""0.00017000""],[""60605.36000000"",""0.00018000""],[""60605.37000000"",""0.10367000""]]}"""
1780775211|866890000|binance|depth|0|0|283|BTCUSDT|"""{""e"":""depthUpdate"",""E"":1780775034014,""s"":""BTCUSDT"",""U"":95210785685,""u"":95210785706,""b"":[[""60603.98000000"",""1.71438000""],[""60603.09000000"",""0.03182000""],[""60600.00000000"",""0.00010000""],[""60599.70000000"",""0.00330000""],[""60598.09000000"",""0.12000000""],[""60596.52000000"",""0.00192000""],[""54543.59000000"",""0.00500000""],[""48483.19000000"",""0.00041000""]],""a"":[[""60603.99000000"",""3.29611000""],[""60604.00000000"",""0.01570000""],[""60607.99000000"",""0.00825000""],[""60608.99000000"",""0.00825000""],[""60611.16000000"",""0.00000000""],[""60611.34000000"",""0.00000000""],[""60611.99000000"",""0.00000000""]]}"""
1780775211|866897000|binance|depth|0|0|284|BTCUSDT|"""{""lastUpdateId"":95210785724,""bids"":[[""60603.98000000"",""1.71438000""],[""60603.97000000"",""0.00098000""],[""60603.96000000"",""0.00017000""],[""60603.30000000"",""0.00009000""],[""60603.24000000"",""0.00018000""]],""asks"":[[""60603.99000000"",""3.29611000""],[""60604.00000000"",""0.01570000""],[""60604.01000000"",""0.00017000""],[""60605.36000000"",""0.00018000""],[""60605.37000000"",""0.10367000""]]}"""
1780775211|866909000|binance|depth|0|0|285|BTCUSDT|"""{""e"":""depthUpdate"",""E"":1780775034114,""s"":""BTCUSDT"",""U"":95210785707,""u"":95210785724,""b"":[[""54543.59000000"",""0.00500000""],[""48483.00000000"",""0.01200000""]],""a"":[[""60606.86000000"",""0.12512000""],[""60607.99000000"",""0.00843000""],[""60608.13000000"",""0.10349000""],[""87994.81000000"",""0.00012000""]]}"""
1780775211|866913000|binance|depth|0|0|286|BTCUSDT|"""{""e"":""trade"",""E"":1780775034126,""s"":""BTCUSDT"",""t"":6379750230,""p"":""60603.98000000"",""q"":""0.00021000"",""T"":1780775034126,""m"":true,""M"":true}"""
1780775211|866916000|binance|depth|0|0|287|BTCUSDT|"""{""lastUpdateId"":95210785738,""bids"":[[""60603.98000000"",""1.67425000""],[""60603.97000000"",""0.00098000""],[""60603.96000000"",""0.00017000""],[""60603.30000000"",""0.00009000""],[""60603.24000000"",""0.00018000""]],""asks"":[[""60603.99000000"",""3.29611000""],[""60604.00000000"",""0.01570000""],[""60604.01000000"",""0.00017000""],[""60605.36000000"",""0.00018000""],[""60605.37000000"",""0.10367000""]]}"""
1780775211|866928000|binance|depth|0|0|288|BTCUSDT|"""{""e"":""depthUpdate"",""E"":1780775034216,""s"":""BTCUSDT"",""U"":95210785725,""u"":95210785738,""b"":[[""60603.98000000"",""1.67425000""],[""60594.29000000"",""0.00400000""],[""54543.59000000"",""0.00500000""],[""48483.19000000"",""0.00000000""],[""48483.00000000"",""0.00200000""]],""a"":[[""60612.66000000"",""0.00400000""]]}"""
1780775211|866937000|binance|depth|0|0|289|BTCUSDT|"""{""e"":""trade"",""E"":1780775034286,""s"":""BTCUSDT"",""t"":6379750231,""p"":""60603.98000000"",""q"":""0.00021000"",""T"":1780775034286,""m"":true,""M"":true}"""
1780775211|866940000|binance|depth|0|0|290|BTCUSDT|"""{""lastUpdateId"":95210785761,""bids"":[[""60603.98000000"",""1.67404000""],[""60603.97000000"",""0.00098000""],[""60603.96000000"",""0.00017000""],[""60603.30000000"",""0.00009000""],[""60603.24000000"",""0.00018000""]],""asks"":[[""60603.99000000"",""3.29629000""],[""60604.00000000"",""0.01570000""],[""60604.01000000"",""0.00017000""],[""60605.37000000"",""0.00018000""],[""60605.44000000"",""0.00400000""]]}"""
1780775211|866960000|binance|depth|0|0|291|BTCUSDT|"""{""e"":""depthUpdate"",""E"":1780775034314,""s"":""BTCUSDT"",""U"":95210785739,""u"":95210785761,""b"":[[""60603.98000000"",""1.67404000""],[""60600.25000000"",""0.00330000""],[""60600.23000000"",""0.13086000""],[""60599.95000000"",""0.10500000""],[""60599.38000000"",""0.00000000""],[""60598.34000000"",""0.00252000""],[""60596.89000000"",""0.00000000""],[""60588.25000000"",""0.00400000""],[""60555.51000000"",""0.10000000""],[""54543.59000000"",""0.00500000""],[""48483.00000000"",""0.00200000""]],""a"":[[""60603.99000000"",""3.29629000""],[""60605.36000000"",""0.00000000""],[""60605.37000000"",""0.00018000""],[""60606.74000000"",""0.00018000""],[""60606.85000000"",""0.00009000""],[""60607.99000000"",""0.00018000""],[""60608.76000000"",""0.00825000""],[""60617.87000000"",""0.00000000""],[""60618.74000000"",""0.00400000""]]}"""
1780775211|866968000|binance|depth|0|0|292|BTCUSDT|"""{""lastUpdateId"":95210785801,""bids"":[[""60603.98000000"",""1.73252000""],[""60603.97000000"",""0.00098000""],[""60603.96000000"",""0.00017000""],[""60603.30000000"",""0.00009000""],[""60603.24000000"",""0.00018000""]],""asks"":[[""60603.99000000"",""2.90638000""],[""60604.00000000"",""0.01570000""],[""60604.01000000"",""0.00017000""],[""60605.44000000"",""0.00400000""],[""60605.84000000"",""0.00018000""]]}"""
1780775211|866980000|binance|depth|0|0|293|BTCUSDT|"""{""e"":""depthUpdate"",""E"":1780775034414,""s"":""BTCUSDT"",""U"":95210785762,""u"":95210785801,""b"":[[""60603.98000000"",""1.73252000""],[""60601.18000000"",""0.09706000""],[""60596.52000000"",""0.00000000""],[""60594.88000000"",""0.00400000""],[""60594.29000000"",""0.00000000""],[""54543.59000000"",""0.00500000""]],""a"":[[""60603.99000000"",""2.90638000""],[""60604.00000000"",""0.01570000""],[""60605.37000000"",""0.00000000""],[""60606.86000000"",""0.12512000""],[""60607.99000000"",""0.00000000""],[""60608.13000000"",""0.10367000""],[""60608.76000000"",""0.00843000""],[""60608.99000000"",""0.00000000""],[""60609.79000000"",""0.00825000""],[""60611.60000000"",""0.00048000""],[""60612.66000000"",""0.00000000""],[""60613.25000000"",""0.00400000""],[""88258.43000000"",""0.00197000""]]}"""
1780775211|866988000|binance|depth|0|0|294|BTCUSDT|"""{""lastUpdateId"":95210785820,""bids"":[[""60603.98000000"",""1.73252000""],[""60603.97000000"",""0.00098000""],[""60603.96000000"",""0.00017000""],[""60603.30000000"",""0.00009000""],[""60603.24000000"",""0.00018000""]],""asks"":[[""60603.99000000"",""2.90638000""],[""60604.00000000"",""0.01570000""],[""60604.01000000"",""0.00017000""],[""60605.44000000"",""0.00400000""],[""60605.84000000"",""0.00018000""]]}"""
1780775211|867000000|binance|depth|0|0|295|BTCUSDT|"""{""e"":""depthUpdate"",""E"":1780775034514,""s"":""BTCUSDT"",""U"":95210785802,""u"":95210785820,""b"":[[""60601.99000000"",""0.04839000""],[""60584.67000000"",""0.00000000""],[""60582.71000000"",""0.00400000""],[""54543.59000000"",""0.00500000""],[""48483.19000000"",""0.00041000""]],""a"":[[""60608.76000000"",""0.00843000""],[""60625.31000000"",""0.00400000""],[""60627.21000000"",""0.00000000""],[""60628.59000000"",""0.00000000""],[""60628.70000000"",""0.00200000""]]}"""
1780775211|867006000|binance|depth|0|0|296|BTCUSDT|"""{""lastUpdateId"":95210785831,""bids"":[[""60603.98000000"",""1.73261000""],[""60603.97000000"",""0.00098000""],[""60603.96000000"",""0.00017000""],[""60603.30000000"",""0.00009000""],[""60603.24000000"",""0.00018000""]],""asks"":[[""60603.99000000"",""2.90629000""],[""60604.00000000"",""0.01570000""],[""60604.01000000"",""0.00017000""],[""60605.44000000"",""0.00400000""],[""60605.84000000"",""0.00018000""]]}"""
1780775211|867025000|binance|depth|0|0|297|BTCUSDT|"""{""e"":""depthUpdate"",""E"":1780775034614,""s"":""BTCUSDT"",""U"":95210785821,""u"":95210785831,""b"":[[""60603.98000000"",""1.73261000""],[""60600.88000000"",""0.00400000""],[""60576.56000000"",""0.00000000""],[""60521.23000000"",""0.51329000""],[""54543.59000000"",""0.00500000""],[""48483.19000000"",""0.00000000""]],""a"":[[""60603.99000000"",""2.90629000""],[""88258.48000000"",""0.00040000""]]}"""
1780775211|867030000|binance|depth|0|0|298|BTCUSDT|"""{""lastUpdateId"":95210785939,""bids"":[[""60603.98000000"",""0.74190000""],[""60603.97000000"",""0.00098000""],[""60603.96000000"",""0.00017000""],[""60603.30000000"",""0.00009000""],[""60603.24000000"",""0.00018000""]],""asks"":[[""60603.99000000"",""3.51025000""],[""60604.00000000"",""0.01570000""],[""60604.01000000"",""0.00017000""],[""60605.39000000"",""0.10344000""],[""60605.44000000"",""0.00400000""]]}"""
1780775211|867042000|binance|depth|0|0|299|BTCUSDT|"""{""e"":""depthUpdate"",""E"":1780775034714,""s"":""BTCUSDT"",""U"":95210785832,""u"":95210785939,""b"":[[""60603.98000000"",""0.74190000""],[""60603.09000000"",""0.00182000""],[""60601.49000000"",""0.01000000""],[""60601.18000000"",""0.00000000""],[""60600.25000000"",""0.00000000""],[""60600.23000000"",""0.00090000""],[""60599.96000000"",""0.00000000""],[""60599.95000000"",""0.00000000""],[""60599.94000000"",""0.00000000""],[""60599.93000000"",""0.00000000""],[""60599.71000000"",""0.00000000""],[""60599.70000000"",""0.00000000""],[""60599.59000000"",""0.02000000""],[""60598.97000000"",""0.00330000""],[""60598.95000000"",""0.00620000""],[""60598.35000000"",""0.00330000""],[""60598.34000000"",""0.00000000""],[""60598.09000000"",""0.04000000""],[""60597.19000000"",""0.00252000""],[""60596.88000000"",""0.00000000""],[""60596.06000000"",""0.00825000""],[""60595.99000000"",""0.08000000""],[""60593.43000000"",""1.97485000""],[""60593.42000000"",""0.00000000""],[""60587.64000000"",""0.00000000""],[""60567.06000000"",""0.59465000""],[""54543.59000000"",""0.00480000""]],""a"":[[""60603.99000000"",""3.51025000""],[""60604.00000000"",""0.01570000""],[""60605.39000000"",""0.10344000""],[""60605.99000000"",""0.00000000""],[""60606.74000000"",""0.00000000""],[""60606.85000000"",""0.00000000""],[""60607.44000000"",""0.07608000""],[""60609.49000000"",""0.00034000""],[""60611.60000000"",""0.00000000""],[""60613.99000000"",""0.16181000""],[""60616.59000000"",""0.10500000""],[""60617.77000000"",""0.10500000""],[""60617.78000000"",""1.97485000""],[""60617.79000000"",""0.00000000""],[""60622.19000000"",""0.00000000""],[""60622.32000000"",""0.00000000""],[""60622.34000000"",""0.00000000""],[""60624.22000000"",""0.59409000""],[""60639.98000000"",""0.00000000""]]}"""
1780775211|867057000|binance|depth|0|0|300|BTCUSDT|"""{""lastUpdateId"":95210786084,""bids"":[[""60603.98000000"",""1.06229000""],[""60603.97000000"",""0.00098000""],[""60603.96000000"",""0.00017000""],[""60603.30000000"",""0.00009000""],[""60603.24000000"",""0.00018000""]],""asks"":[[""60603.99000000"",""2.90974000""],[""60604.00000000"",""0.01570000""],[""60604.01000000"",""0.00017000""],[""60605.39000000"",""0.00018000""],[""60605.44000000"",""0.00400000""]]}"""
1780775211|867077000|binance|depth|0|0|301|BTCUSDT|"""{""e"":""depthUpdate"",""E"":1780775034814,""s"":""BTCUSDT"",""U"":95210785940,""u"":95210786084,""b"":[[""60603.98000000"",""1.06229000""],[""60603.23000000"",""0.01504000""],[""60603.10000000"",""0.00000000""],[""60603.09000000"",""0.00000000""],[""60602.59000000"",""0.00027000""],[""60602.58000000"",""0.10500000""],[""60602.30000000"",""0.00018000""],[""60602.27000000"",""0.00000000""],[""60601.99000000"",""0.04839000""],[""60601.60000000"",""0.07617000""],[""60601.49000000"",""0.00018000""],[""60601.39000000"",""0.00000000""],[""60601.18000000"",""0.10500000""],[""60600.88000000"",""0.00000000""],[""60600.78000000"",""0.12274000""],[""60600.47000000"",""0.00000000""],[""60599.91000000"",""0.00034000""],[""60599.89000000"",""0.10500000""],[""60599.49000000"",""0.01000000""],[""60599.36000000"",""0.00024000""],[""60599.34000000"",""0.00000000""],[""60599.08000000"",""0.00000000""],[""60598.38000000"",""0.10500000""],[""60598.36000000"",""0.00330000""],[""60598.35000000"",""0.00000000""],[""60597.25000000"",""0.05421000""],[""60596.98000000"",""0.09826000""],[""60596.24000000"",""0.00191000""],[""60596.06000000"",""0.00000000""],[""60596.05000000"",""0.10509000""],[""60594.89000000"",""0.00825000""],[""60594.37000000"",""0.00000000""],[""60588.25000000"",""0.00000000""],[""60587.16000000"",""0.00400000""],[""60576.56000000"",""0.00400000""],[""60575.04000000"",""0.00400000""],[""60573.52000000"",""0.00000000""],[""60571.22000000"",""0.00000000""],[""60559.54000000"",""0.87146000""],[""60540.61000000"",""0.00000000""],[""60429.82000000"",""0.00165000""],[""60429.78000000"",""0.00000000""],[""54543.59000000"",""0.00480000""]],""a"":[[""60603.99000000"",""2.90974000""],[""60604.00000000"",""0.01570000""],[""60605.38000000"",""0.00000000""],[""60605.39000000"",""0.00018000""],[""60605.71000000"",""0.00155000""],[""60605.84000000"",""0.00018000""],[""60605.99000000"",""0.00018000""],[""60606.74000000"",""0.00018000""],[""60606.85000000"",""0.00009000""],[""60606.86000000"",""0.12512000""],[""60607.44000000"",""0.07626000""],[""60608.13000000"",""0.10349000""],[""60608.76000000"",""0.00000000""],[""60610.57000000"",""0.00825000""],[""60611.46000000"",""0.00000000""],[""60611.72000000"",""0.00188000""],[""60611.74000000"",""0.00048000""],[""60611.76000000"",""0.00059000""],[""60612.57000000"",""1.57988000""],[""60612.67000000"",""0.00000000""],[""60614.90000000"",""0.49645000""],[""60614.91000000"",""0.00000000""],[""60615.03000000"",""0.00000000""],[""60615.04000000"",""0.00000000""],[""60615.20000000"",""0.00000000""],[""60616.59000000"",""0.00000000""],[""60617.33000000"",""0.00400000""],[""60617.77000000"",""0.00000000""],[""60617.78000000"",""0.00000000""],[""60618.74000000"",""0.00000000""],[""60619.69000000"",""0.00000000""],[""60639.92000000"",""0.00435000""],[""60646.99000000"",""0.00000000""],[""60686.85000000"",""0.00000000""]]}"""
1780775211|867099000|binance|depth|0|0|302|BTCUSDT|"""{""lastUpdateId"":95210786130,""bids"":[[""60603.98000000"",""1.06220000""],[""60603.97000000"",""0.00098000""],[""60603.96000000"",""0.00017000""],[""60603.30000000"",""0.00009000""],[""60603.24000000"",""0.00018000""]],""asks"":[[""60603.99000000"",""2.90965000""],[""60604.00000000"",""0.01570000""],[""60604.01000000"",""0.00017000""],[""60605.44000000"",""0.00400000""],[""60605.71000000"",""0.00155000""]]}"""
1780775211|867112000|binance|depth|0|0|303|BTCUSDT|"""{""e"":""depthUpdate"",""E"":1780775034914,""s"":""BTCUSDT"",""U"":95210786085,""u"":95210786130,""b"":[[""60603.98000000"",""1.06220000""],[""60603.97000000"",""0.00098000""],[""60602.85000000"",""0.02018000""],[""60602.59000000"",""0.00018000""],[""60602.58000000"",""0.10518000""],[""60601.99000000"",""0.04839000""],[""60601.49000000"",""0.00000000""],[""60601.19000000"",""0.00000000""],[""60601.15000000"",""0.00000000""],[""60599.36000000"",""0.00424000""],[""60585.78000000"",""0.00009000""],[""60575.04000000"",""0.00000000""],[""54543.59000000"",""0.00480000""],[""54543.00000000"",""0.00000000""],[""48483.18000000"",""0.00000000""]],""a"":[[""60603.99000000"",""2.90965000""],[""60604.00000000"",""0.01570000""],[""60605.39000000"",""0.00000000""],[""60608.13000000"",""0.10367000""],[""60614.89000000"",""0.10500000""],[""60622.16000000"",""0.00409000""],[""88484.77000000"",""0.00022000""]]}"""
1780775211|867124000|binance|depth|0|0|304|BTCUSDT|"""{""lastUpdateId"":95210786191,""bids"":[[""60603.98000000"",""1.11663000""],[""60603.97000000"",""0.00098000""],[""60603.96000000"",""0.00017000""],[""60603.30000000"",""0.00009000""],[""60603.24000000"",""0.00018000""]],""asks"":[[""60603.99000000"",""3.30215000""],[""60604.00000000"",""0.01570000""],[""60604.01000000"",""0.00017000""],[""60605.44000000"",""0.00400000""],[""60605.71000000"",""0.00155000""]]}"""
1780775211|867136000|binance|depth|0|0|305|BTCUSDT|"""{""e"":""depthUpdate"",""E"":1780775035014,""s"":""BTCUSDT"",""U"":95210786131,""u"":95210786191,""b"":[[""60603.98000000"",""1.11663000""],[""60602.88000000"",""0.00000000""],[""60602.87000000"",""0.00018000""],[""60602.86000000"",""0.00000000""],[""60602.85000000"",""0.00018000""],[""60602.30000000"",""0.00000000""],[""60602.29000000"",""0.00018000""],[""60602.26000000"",""0.00018000""],[""60602.25000000"",""0.00018000""],[""60602.00000000"",""0.00018000""],[""60601.61000000"",""0.00018000""],[""60601.19000000"",""0.00009000""],[""60600.78000000"",""0.12283000""],[""60600.46000000"",""0.00000000""],[""60600.19000000"",""0.17250000""],[""60599.87000000"",""0.00000000""],[""60599.86000000"",""0.00000000""],[""60599.52000000"",""0.00000000""],[""60599.26000000"",""0.00000000""],[""60599.22000000"",""0.00000000""],[""60580.06000000"",""0.00000000""],[""60561.89000000"",""0.00000000""],[""60510.29000000"",""0.02584000""],[""54543.59000000"",""0.00500000""],[""48483.19000000"",""0.00041000""],[""48483.00000000"",""0.00200000""]],""a"":[[""60603.99000000"",""3.30215000""],[""60607.99000000"",""0.00825000""],[""60610.57000000"",""0.00000000""],[""60628.19000000"",""0.00200000""],[""60632.58000000"",""0.00000000""],[""60635.78000000"",""0.00000000""],[""60650.77000000"",""0.00000000""]]}"""
1780775211|867147000|binance|depth|0|0|306|BTCUSDT|"""{""lastUpdateId"":95210786264,""bids"":[[""60603.98000000"",""1.11663000""],[""60603.97000000"",""0.00098000""],[""60603.96000000"",""0.00017000""],[""60603.30000000"",""0.00009000""],[""60603.24000000"",""0.00018000""]],""asks"":[[""60603.99000000"",""3.30206000""],[""60604.00000000"",""0.01570000""],[""60604.01000000"",""0.00017000""],[""60605.44000000"",""0.00400000""],[""60605.71000000"",""0.00155000""]]}"""
1780775211|867159000|binance|depth|0|0|307|BTCUSDT|"""{""e"":""depthUpdate"",""E"":1780775035114,""s"":""BTCUSDT"",""U"":95210786192,""u"":95210786264,""b"":[[""60603.23000000"",""0.01504000""],[""60602.87000000"",""0.00000000""],[""60602.85000000"",""0.00000000""],[""60602.58000000"",""0.10518000""],[""60602.29000000"",""0.00000000""],[""60602.26000000"",""0.00000000""],[""60602.25000000"",""0.00000000""],[""60601.60000000"",""0.07635000""],[""60601.18000000"",""0.10518000""],[""60600.78000000"",""0.12301000""],[""60600.19000000"",""0.17268000""],[""60599.99000000"",""0.01504000""],[""60596.79000000"",""0.02000000""],[""60596.77000000"",""0.02000000""],[""60596.61000000"",""0.00009000""],[""60596.21000000"",""0.02000000""],[""60596.18000000"",""0.02000000""],[""60596.17000000"",""0.04000000""],[""60593.78000000"",""0.02000000""],[""60593.45000000"",""0.02000000""],[""60593.18000000"",""0.02034000""],[""60593.17000000"",""0.02000000""],[""60593.14000000"",""0.04000000""],[""60587.67000000"",""0.00000000""],[""60552.08000000"",""0.02000000""],[""60552.05000000"",""0.02000000""],[""60551.50000000"",""0.02000000""],[""60551.47000000"",""0.00000000""],[""60551.44000000"",""0.04000000""],[""60549.07000000"",""0.02000000""],[""60548.72000000"",""0.00000000""],[""60548.47000000"",""0.04000000""],[""60548.42000000"",""0.02000000""],[""60548.41000000"",""0.02000000""],[""60460.28000000"",""0.00030000""],[""60454.01000000"",""0.00977000""],[""54543.59000000"",""0.00500000""]],""a"":[[""60603.99000000"",""3.30206000""],[""60607.44000000"",""0.07626000""],[""60607.99000000"",""0.00843000""],[""60608.13000000"",""0.10349000""],[""60627.96000000"",""0.00200000""],[""60628.70000000"",""0.00000000""],[""88489.93000000"",""0.00016000""]]}"""
1780775211|867178000|binance|depth|0|0|308|BTCUSDT|"""{""lastUpdateId"":95210786300,""bids"":[[""60603.98000000"",""1.11663000""],[""60603.97000000"",""0.00098000""],[""60603.96000000"",""0.00017000""],[""60603.30000000"",""0.00009000""],[""60603.24000000"",""0.00018000""]],""asks"":[[""60603.99000000"",""3.30215000""],[""60604.00000000"",""0.01570000""],[""60604.01000000"",""0.00017000""],[""60605.44000000"",""0.00400000""],[""60605.71000000"",""0.00155000""]]}"""
1780775211|867190000|binance|depth|0|0|309|BTCUSDT|"""{""e"":""depthUpdate"",""E"":1780775035214,""s"":""BTCUSDT"",""U"":95210786265,""u"":95210786300,""b"":[[""60603.98000000"",""1.11663000""],[""60603.97000000"",""0.00098000""],[""60587.65000000"",""0.00000000""],[""60587.09000000"",""0.00000000""],[""60587.06000000"",""0.00000000""],[""60587.05000000"",""0.02000000""],[""60584.32000000"",""0.00000000""],[""60584.06000000"",""0.00000000""],[""60584.02000000"",""0.02000000""],[""60551.50000000"",""0.00000000""],[""60551.44000000"",""0.02000000""],[""60548.47000000"",""0.02000000""],[""54543.59000000"",""0.00500000""],[""54543.00000000"",""0.00010000""],[""48483.19000000"",""0.00000000""]],""a"":[[""60603.99000000"",""3.30215000""]]}"""
1780775211|867197000|binance|depth|0|0|310|BTCUSDT|"""{""lastUpdateId"":95210786328,""bids"":[[""60603.98000000"",""1.11663000""],[""60603.97000000"",""0.00098000""],[""60603.96000000"",""0.00017000""],[""60603.30000000"",""0.00009000""],[""60603.24000000"",""0.00018000""]],""asks"":[[""60603.99000000"",""3.30224000""],[""60604.00000000"",""0.01570000""],[""60604.01000000"",""0.00017000""],[""60605.44000000"",""0.00400000""],[""60605.71000000"",""0.00155000""]]}"""
1780775211|867209000|binance|depth|0|0|311|BTCUSDT|"""{""e"":""depthUpdate"",""E"":1780775035314,""s"":""BTCUSDT"",""U"":95210786301,""u"":95210786328,""b"":[[""60594.88000000"",""0.00000000""],[""60594.40000000"",""0.46000000""],[""60594.18000000"",""0.00400000""],[""60593.79000000"",""0.02000000""],[""60587.05000000"",""0.00000000""],[""60585.26000000"",""0.00000000""],[""60584.66000000"",""0.00000000""],[""60584.02000000"",""0.00000000""],[""60581.89000000"",""0.48709000""],[""60563.71000000"",""0.93477000""],[""60554.25000000"",""0.02000000""],[""60553.65000000"",""0.02000000""],[""60542.94000000"",""0.00000000""],[""54543.59000000"",""0.00500000""],[""54543.00000000"",""0.00000000""]],""a"":[[""60603.99000000"",""3.30224000""],[""60612.53000000"",""0.00400000""],[""60613.25000000"",""0.00000000""],[""60633.42000000"",""0.46889000""],[""60651.61000000"",""0.90960000""]]}"""
1780775211|867217000|binance|depth|0|0|312|BTCUSDT|"""{""lastUpdateId"":95210786350,""bids"":[[""60603.98000000"",""1.11672000""],[""60603.97000000"",""0.00098000""],[""60603.96000000"",""0.00017000""],[""60603.30000000"",""0.00009000""],[""60603.24000000"",""0.00018000""]],""asks"":[[""60603.99000000"",""3.30233000""],[""60604.00000000"",""0.01570000""],[""60604.01000000"",""0.00017000""],[""60605.44000000"",""0.00400000""],[""60605.71000000"",""0.00155000""]]}"""
1780775211|867229000|binance|depth|0|0|313|BTCUSDT|"""{""e"":""depthUpdate"",""E"":1780775035414,""s"":""BTCUSDT"",""U"":95210786329,""u"":95210786350,""b"":[[""60603.98000000"",""1.11672000""],[""60602.84000000"",""0.00018000""],[""60602.83000000"",""0.07771000""],[""60601.61000000"",""0.00000000""],[""60601.60000000"",""0.00027000""],[""60582.71000000"",""0.00000000""],[""60582.02000000"",""0.00400000""],[""60505.04000000"",""0.09916000""],[""54543.59000000"",""0.00500000""],[""54543.00000000"",""0.00000000""]],""a"":[[""60603.99000000"",""3.30233000""],[""60607.41000000"",""0.07607000""],[""60624.60000000"",""0.00400000""],[""60625.31000000"",""0.00000000""],[""89052.73000000"",""0.00022000""]]}"""
1780775211|867236000|binance|depth|0|0|314|BTCUSDT|"""{""e"":""trade"",""E"":1780775035430,""s"":""BTCUSDT"",""t"":6379750232,""p"":""60603.98000000"",""q"":""0.00726000"",""T"":1780775035430,""m"":true,""M"":true}"""
1780775211|867242000|binance|depth|0|0|315|BTCUSDT|"""{""e"":""trade"",""E"":1780775035437,""s"":""BTCUSDT"",""t"":6379750233,""p"":""60603.98000000"",""q"":""0.00094000"",""T"":1780775035437,""m"":true,""M"":true}"""
1780775211|867246000|binance|depth|0|0|316|BTCUSDT|"""{""lastUpdateId"":95210786389,""bids"":[[""60603.98000000"",""1.05858000""],[""60603.97000000"",""0.00098000""],[""60603.96000000"",""0.00017000""],[""60603.30000000"",""0.00009000""],[""60603.24000000"",""0.00018000""]],""asks"":[[""60603.99000000"",""3.30531000""],[""60604.00000000"",""0.01570000""],[""60604.01000000"",""0.00017000""],[""60605.44000000"",""0.00400000""],[""60605.71000000"",""0.00155000""]]}"""
1780775211|867258000|binance|depth|0|0|317|BTCUSDT|"""{""e"":""depthUpdate"",""E"":1780775035514,""s"":""BTCUSDT"",""U"":95210786351,""u"":95210786389,""b"":[[""60603.98000000"",""1.05858000""],[""60603.23000000"",""0.01504000""],[""60602.83000000"",""0.07789000""],[""60601.99000000"",""0.04839000""],[""60601.60000000"",""0.00009000""],[""54543.59000000"",""0.00500000""],[""54543.58000000"",""0.00010000""],[""54543.00000000"",""0.00000000""],[""48483.19000000"",""0.00041000""]],""a"":[[""60603.99000000"",""3.30531000""],[""60606.86000000"",""0.12512000""],[""60607.41000000"",""0.07625000""],[""60608.00000000"",""0.02500000""],[""77798.63000000"",""0.00000000""]]}"""
1780775211|867264000|binance|depth|0|0|318|BTCUSDT|"""{""lastUpdateId"":95210786407,""bids"":[[""60603.98000000"",""1.05858000""],[""60603.97000000"",""0.00098000""],[""60603.96000000"",""0.00017000""],[""60603.30000000"",""0.00009000""],[""60603.24000000"",""0.00018000""]],""asks"":[[""60603.99000000"",""3.30531000""],[""60604.00000000"",""0.01570000""],[""60604.01000000"",""0.00017000""],[""60605.44000000"",""0.00400000""],[""60605.71000000"",""0.00155000""]]}"""
1780775211|867276000|binance|depth|0|0|319|BTCUSDT|"""{""e"":""depthUpdate"",""E"":1780775035614,""s"":""BTCUSDT"",""U"":95210786390,""u"":95210786407,""b"":[[""60603.98000000"",""1.05858000""],[""60603.97000000"",""0.00098000""],[""60587.00000000"",""0.00000000""],[""60586.36000000"",""0.00200000""],[""54543.59000000"",""0.00500000""],[""54543.00000000"",""0.00000000""],[""48483.19000000"",""0.00000000""],[""33000.00000000"",""31.14030000""]],""a"":[[""60622.74000000"",""0.00200000""],[""60623.37000000"",""0.00000000""],[""89434.09000000"",""0.00007000""]]}"""
1780775211|867282000|binance|depth|0|0|320|BTCUSDT|"""{""lastUpdateId"":95210786420,""bids"":[[""60603.98000000"",""1.05858000""],[""60603.97000000"",""0.00098000""],[""60603.96000000"",""0.00017000""],[""60603.30000000"",""0.00009000""],[""60603.24000000"",""0.00018000""]],""asks"":[[""60603.99000000"",""3.30531000""],[""60604.00000000"",""0.01570000""],[""60604.01000000"",""0.00017000""],[""60605.44000000"",""0.00400000""],[""60605.71000000"",""0.00155000""]]}"""
1780775211|867294000|binance|depth|0|0|321|BTCUSDT|"""{""e"":""depthUpdate"",""E"":1780775035714,""s"":""BTCUSDT"",""U"":95210786408,""u"":95210786420,""b"":[[""60588.00000000"",""0.00409000""],[""60587.16000000"",""0.00000000""],[""60582.02000000"",""0.00000000""],[""60581.94000000"",""0.00400000""],[""54543.59000000"",""0.00500000""]],""a"":[[""60617.33000000"",""0.00000000""],[""60618.45000000"",""0.00400000""],[""60624.51000000"",""0.00400000""],[""60624.60000000"",""0.00000000""],[""60816.94000000"",""0.09861000""]]}"""
1780775211|867299000|binance|depth|0|0|322|BTCUSDT|"""{""lastUpdateId"":95210786424,""bids"":[[""60603.98000000"",""1.05858000""],[""60603.97000000"",""0.00098000""],[""60603.96000000"",""0.00017000""],[""60603.30000000"",""0.00009000""],[""60603.24000000"",""0.00018000""]],""asks"":[[""60603.99000000"",""3.30531000""],[""60604.00000000"",""0.01570000""],[""60604.01000000"",""0.00017000""],[""60605.44000000"",""0.00400000""],[""60605.71000000"",""0.00155000""]]}"""
1780775211|867310000|binance|depth|0|0|323|BTCUSDT|"""{""e"":""depthUpdate"",""E"":1780775035814,""s"":""BTCUSDT"",""U"":95210786421,""u"":95210786424,""b"":[[""54543.59000000"",""0.00500000""]],""a"":[]}"""
1780775211|867316000|binance|depth|0|0|324|BTCUSDT|"""{""lastUpdateId"":95210786435,""bids"":[[""60603.98000000"",""1.05858000""],[""60603.97000000"",""0.00098000""],[""60603.96000000"",""0.00017000""],[""60603.30000000"",""0.00009000""],[""60603.24000000"",""0.00018000""]],""asks"":[[""60603.99000000"",""3.30531000""],[""60604.00000000"",""0.01570000""],[""60604.01000000"",""0.00017000""],[""60605.44000000"",""0.00400000""],[""60605.71000000"",""0.00155000""]]}"""
1780775211|867328000|binance|depth|0|0|325|BTCUSDT|"""{""e"":""depthUpdate"",""E"":1780775035914,""s"":""BTCUSDT"",""U"":95210786425,""u"":95210786435,""b"":[[""60585.78000000"",""0.00009000""],[""54543.59000000"",""0.00500000""],[""48483.18000000"",""0.00020000""]],""a"":[[""60622.16000000"",""0.00409000""],[""89581.88000000"",""0.00009000""]]}"""
1780775211|867332000|binance|depth|0|0|326|BTCUSDT|"""{""e"":""trade"",""E"":1780775035997,""s"":""BTCUSDT"",""t"":6379750234,""p"":""60603.99000000"",""q"":""0.00087000"",""T"":1780775035997,""m"":false,""M"":true}"""
1780775211|867335000|binance|depth|0|0|327|BTCUSDT|"""{""lastUpdateId"":95210786452,""bids"":[[""60603.98000000"",""1.05867000""],[""60603.97000000"",""0.00107000""],[""60603.96000000"",""0.00017000""],[""60603.30000000"",""0.00009000""],[""60603.24000000"",""0.00018000""]],""asks"":[[""60603.99000000"",""3.30435000""],[""60604.00000000"",""0.01570000""],[""60604.01000000"",""0.00017000""],[""60605.44000000"",""0.00400000""],[""60605.71000000"",""0.00155000""]]}"""
1780775211|867346000|binance|depth|0|0|328|BTCUSDT|"""{""e"":""depthUpdate"",""E"":1780775036014,""s"":""BTCUSDT"",""U"":95210786436,""u"":95210786452,""b"":[[""60603.98000000"",""1.05867000""],[""60603.97000000"",""0.00107000""],[""60602.83000000"",""0.07625000""],[""60600.88000000"",""0.00400000""],[""60576.56000000"",""0.00000000""],[""54543.59000000"",""0.00500000""],[""54543.00000000"",""0.00000000""],[""48483.19000000"",""0.00041000""],[""48483.18000000"",""0.00000000""]],""a"":[[""60603.99000000"",""3.30435000""],[""60627.96000000"",""0.00000000""],[""60628.02000000"",""0.00200000""]]}"""
1780775211|867352000|binance|depth|0|0|329|BTCUSDT|"""{""lastUpdateId"":95210786461,""bids"":[[""60603.98000000"",""1.05867000""],[""60603.97000000"",""0.00107000""],[""60603.96000000"",""0.00017000""],[""60603.30000000"",""0.00009000""],[""60603.24000000"",""0.00018000""]],""asks"":[[""60603.99000000"",""3.30435000""],[""60604.00000000"",""0.01570000""],[""60604.01000000"",""0.00017000""],[""60605.44000000"",""0.00400000""],[""60605.71000000"",""0.00155000""]]}"""
1780775211|867364000|binance|depth|0|0|330|BTCUSDT|"""{""e"":""depthUpdate"",""E"":1780775036114,""s"":""BTCUSDT"",""U"":95210786453,""u"":95210786461,""b"":[[""60551.50000000"",""0.02000000""],[""60551.47000000"",""0.02000000""],[""60551.44000000"",""0.04000000""],[""60548.72000000"",""0.02000000""],[""60548.47000000"",""0.04000000""],[""54543.59000000"",""0.00500000""]],""a"":[]}"""
1780775211|867368000|binance|depth|0|0|331|BTCUSDT|"""{""lastUpdateId"":95210786468,""bids"":[[""60603.98000000"",""1.05867000""],[""60603.97000000"",""0.00107000""],[""60603.96000000"",""0.00017000""],[""60603.30000000"",""0.00009000""],[""60603.24000000"",""0.00018000""]],""asks"":[[""60603.99000000"",""3.30435000""],[""60604.00000000"",""0.01570000""],[""60604.01000000"",""0.00017000""],[""60605.44000000"",""0.00400000""],[""60605.71000000"",""0.00155000""]]}"""
1780775211|867380000|binance|depth|0|0|332|BTCUSDT|"""{""e"":""depthUpdate"",""E"":1780775036214,""s"":""BTCUSDT"",""U"":95210786462,""u"":95210786468,""b"":[[""60579.69000000"",""0.00019000""],[""60456.01000000"",""0.00977000""],[""60454.01000000"",""0.00000000""],[""54543.59000000"",""0.00500000""],[""48483.19000000"",""0.00000000""]],""a"":[]}"""
1780775211|867384000|binance|depth|0|0|333|BTCUSDT|"""{""lastUpdateId"":95210786483,""bids"":[[""60603.98000000"",""1.05876000""],[""60603.97000000"",""0.00116000""],[""60603.96000000"",""0.00017000""],[""60603.30000000"",""0.00009000""],[""60603.24000000"",""0.00018000""]],""asks"":[[""60603.99000000"",""3.30435000""],[""60604.00000000"",""0.01570000""],[""60604.01000000"",""0.00017000""],[""60605.44000000"",""0.00400000""],[""60605.71000000"",""0.00155000""]]}"""
1780775211|867398000|binance|depth|0|0|334|BTCUSDT|"""{""e"":""depthUpdate"",""E"":1780775036314,""s"":""BTCUSDT"",""U"":95210786469,""u"":95210786483,""b"":[[""60603.98000000"",""1.05876000""],[""60603.97000000"",""0.00116000""],[""60602.84000000"",""0.00193000""],[""60588.02000000"",""0.00400000""],[""60588.00000000"",""0.00009000""],[""60505.04000000"",""0.00000000""],[""54543.59000000"",""0.00500000""],[""48483.00000000"",""0.00200000""]],""a"":[[""60618.43000000"",""0.00400000""],[""60618.45000000"",""0.00000000""],[""60816.94000000"",""0.00000000""]]}"""
1780775211|867403000|binance|depth|0|0|335|BTCUSDT|"""{""lastUpdateId"":95210786489,""bids"":[[""60603.98000000"",""1.05876000""],[""60603.97000000"",""0.00116000""],[""60603.96000000"",""0.00017000""],[""60603.30000000"",""0.00009000""],[""60603.24000000"",""0.00018000""]],""asks"":[[""60603.99000000"",""3.30435000""],[""60604.00000000"",""0.01570000""],[""60604.01000000"",""0.00017000""],[""60605.44000000"",""0.00400000""],[""60605.71000000"",""0.00155000""]]}"""
1780775211|867416000|binance|depth|0|0|336|BTCUSDT|"""{""e"":""depthUpdate"",""E"":1780775036414,""s"":""BTCUSDT"",""U"":95210786484,""u"":95210786489,""b"":[[""54543.59000000"",""0.00500000""]],""a"":[[""60682.81000000"",""0.06923000""],[""89762.96000000"",""0.00037000""]]}"""
1780775211|867419000|binance|depth|0|0|337|BTCUSDT|"""{""lastUpdateId"":95210786495,""bids"":[[""60603.98000000"",""1.05876000""],[""60603.97000000"",""0.00116000""],[""60603.96000000"",""0.00017000""],[""60603.30000000"",""0.00009000""],[""60603.24000000"",""0.00018000""]],""asks"":[[""60603.99000000"",""3.30435000""],[""60604.00000000"",""0.01570000""],[""60604.01000000"",""0.00017000""],[""60605.44000000"",""0.00400000""],[""60605.71000000"",""0.00155000""]]}"""
1780775211|867438000|binance|depth|0|0|338|BTCUSDT|"""{""e"":""depthUpdate"",""E"":1780775036514,""s"":""BTCUSDT"",""U"":95210786490,""u"":95210786495,""b"":[[""54543.59000000"",""0.00480000""],[""48483.19000000"",""0.00041000""]],""a"":[]}"""
1780775211|867442000|binance|depth|0|0|339|BTCUSDT|"""{""lastUpdateId"":95210786502,""bids"":[[""60603.98000000"",""1.05876000""],[""60603.97000000"",""0.00116000""],[""60603.96000000"",""0.00017000""],[""60603.30000000"",""0.00009000""],[""60603.24000000"",""0.00018000""]],""asks"":[[""60603.99000000"",""3.30435000""],[""60604.00000000"",""0.01570000""],[""60604.01000000"",""0.00017000""],[""60605.44000000"",""0.00400000""],[""60605.71000000"",""0.00155000""]]}"""
1780775211|867454000|binance|depth|0|0|340|BTCUSDT|"""{""e"":""depthUpdate"",""E"":1780775036614,""s"":""BTCUSDT"",""U"":95210786496,""u"":95210786502,""b"":[[""54543.59000000"",""0.00480000""],[""48483.19000000"",""0.00000000""]],""a"":[[""60628.02000000"",""0.00000000""],[""60628.11000000"",""0.00200000""]]}"""
1780775211|867458000|binance|depth|0|0|341|BTCUSDT|"""{""lastUpdateId"":95210786507,""bids"":[[""60603.98000000"",""1.05876000""],[""60603.97000000"",""0.00116000""],[""60603.96000000"",""0.00017000""],[""60603.30000000"",""0.00009000""],[""60603.24000000"",""0.00018000""]],""asks"":[[""60603.99000000"",""3.30435000""],[""60604.00000000"",""0.01570000""],[""60604.01000000"",""0.00017000""],[""60605.44000000"",""0.00400000""],[""60605.71000000"",""0.00155000""]]}"""
1780775211|867469000|binance|depth|0|0|342|BTCUSDT|"""{""e"":""depthUpdate"",""E"":1780775036714,""s"":""BTCUSDT"",""U"":95210786503,""u"":95210786507,""b"":[[""54543.59000000"",""0.00480000""]],""a"":[[""89778.50000000"",""0.00043000""]]}"""
1780775211|867473000|binance|depth|0|0|343|BTCUSDT|"""{""lastUpdateId"":95210786526,""bids"":[[""60603.98000000"",""1.60343000""],[""60603.97000000"",""0.00116000""],[""60603.96000000"",""0.00017000""],[""60603.60000000"",""0.11519000""],[""60603.30000000"",""0.00009000""]],""asks"":[[""60603.99000000"",""3.30435000""],[""60604.00000000"",""0.01570000""],[""60604.01000000"",""0.00017000""],[""60605.44000000"",""0.00400000""],[""60605.71000000"",""0.00155000""]]}"""
1780775211|867491000|binance|depth|0|0|344|BTCUSDT|"""{""e"":""depthUpdate"",""E"":1780775036815,""s"":""BTCUSDT"",""U"":95210786508,""u"":95210786526,""b"":[[""60603.98000000"",""1.60343000""],[""60603.60000000"",""0.11519000""],[""60600.01000000"",""0.00660000""],[""60599.90000000"",""0.49645000""],[""60599.88000000"",""0.00000000""],[""60598.97000000"",""0.00000000""],[""60598.36000000"",""0.00000000""],[""60597.62000000"",""0.00825000""],[""60594.89000000"",""0.00000000""],[""60586.41000000"",""0.00200000""],[""60586.36000000"",""0.00000000""],[""54543.59000000"",""0.00500000""],[""54543.58000000"",""0.00057000""]],""a"":[[""60622.74000000"",""0.00000000""],[""60622.78000000"",""0.00200000""]]}"""
1780775211|867498000|binance|depth|0|0|345|BTCUSDT|"""{""lastUpdateId"":95210786564,""bids"":[[""60603.98000000"",""1.60563000""],[""60603.97000000"",""0.00116000""],[""60603.96000000"",""0.00017000""],[""60603.61000000"",""0.00018000""],[""60603.60000000"",""0.11537000""]],""asks"":[[""60603.99000000"",""3.30388000""],[""60604.00000000"",""0.01570000""],[""60604.01000000"",""0.00017000""],[""60605.44000000"",""0.00400000""],[""60605.71000000"",""0.00155000""]]}"""
1780775211|867510000|binance|depth|0|0|346|BTCUSDT|"""{""e"":""depthUpdate"",""E"":1780775036916,""s"":""BTCUSDT"",""U"":95210786527,""u"":95210786564,""b"":[[""60603.98000000"",""1.60563000""],[""60603.61000000"",""0.00018000""],[""60603.60000000"",""0.11537000""],[""60602.94000000"",""0.00374000""],[""60602.84000000"",""0.00018000""],[""60601.19000000"",""0.00000000""],[""60600.23000000"",""0.00081000""],[""60600.19000000"",""0.17277000""],[""60599.99000000"",""0.01486000""],[""60596.24000000"",""0.00000000""],[""60585.78000000"",""0.00009000""],[""54543.59000000"",""0.00500000""],[""54543.58000000"",""0.00046000""],[""48483.18000000"",""0.00020000""]],""a"":[[""60603.99000000"",""3.30388000""],[""60611.25000000"",""0.00047000""],[""60622.16000000"",""0.00409000""],[""90589.12000000"",""0.00029000""]]}"""
1780775211|867518000|binance|depth|0|0|347|BTCUSDT|"""{""lastUpdateId"":95210786578,""bids"":[[""60603.98000000"",""1.65547000""],[""60603.97000000"",""0.00116000""],[""60603.96000000"",""0.00017000""],[""60603.61000000"",""0.00018000""],[""60603.60000000"",""0.11537000""]],""asks"":[[""60603.99000000"",""2.91147000""],[""60604.00000000"",""0.01570000""],[""60604.01000000"",""0.00017000""],[""60605.44000000"",""0.00400000""],[""60605.71000000"",""0.00155000""]]}"""
1780775211|867530000|binance|depth|0|0|348|BTCUSDT|"""{""e"":""depthUpdate"",""E"":1780775037014,""s"":""BTCUSDT"",""U"":95210786565,""u"":95210786578,""b"":[[""60603.98000000"",""1.65547000""],[""60587.40000000"",""0.00000000""],[""54543.59000000"",""0.00500000""],[""48483.19000000"",""0.00041000""],[""48483.18000000"",""0.00000000""]],""a"":[[""60603.99000000"",""2.91147000""],[""60607.99000000"",""0.00018000""],[""60608.99000000"",""0.00825000""]]}"""
1780775211|867534000|binance|depth|0|0|349|BTCUSDT|"""{""lastUpdateId"":95210786670,""bids"":[[""60603.98000000"",""2.32241000""],[""60603.97000000"",""0.00035000""],[""60603.96000000"",""0.00017000""],[""60603.61000000"",""0.00018000""],[""60603.60000000"",""0.11537000""]],""asks"":[[""60603.99000000"",""2.82621000""],[""60604.00000000"",""0.01570000""],[""60604.01000000"",""0.00017000""],[""60605.44000000"",""0.00400000""],[""60605.71000000"",""0.00155000""]]}"""
1780775211|867546000|binance|depth|0|0|350|BTCUSDT|"""{""e"":""depthUpdate"",""E"":1780775037114,""s"":""BTCUSDT"",""U"":95210786579,""u"":95210786670,""b"":[[""60603.98000000"",""2.32241000""],[""60603.97000000"",""0.00035000""],[""60601.05000000"",""0.00825000""],[""60600.89000000"",""0.00330000""],[""60600.20000000"",""1.57988000""],[""60600.01000000"",""0.00330000""],[""60599.89000000"",""0.10509000""],[""60599.86000000"",""0.05421000""],[""60598.97000000"",""0.00252000""],[""60597.62000000"",""0.00000000""],[""60597.25000000"",""0.00000000""],[""60597.19000000"",""0.00000000""],[""60594.41000000"",""0.10500000""],[""60594.23000000"",""0.00009000""],[""60594.13000000"",""0.09904000""],[""60587.50000000"",""0.59445000""],[""60573.99000000"",""0.00024000""],[""60567.06000000"",""0.00000000""],[""54543.59000000"",""0.00500000""],[""54543.00000000"",""0.00020000""]],""a"":[[""60603.99000000"",""2.82621000""],[""60606.74000000"",""0.00000000""],[""60606.75000000"",""0.00018000""],[""60606.85000000"",""0.00018000""],[""60607.40000000"",""0.00009000""],[""60607.44000000"",""0.07626000""],[""60607.99000000"",""0.00000000""],[""60608.00000000"",""0.02518000""],[""60608.13000000"",""0.00000000""],[""60608.99000000"",""0.00000000""],[""60609.07000000"",""0.00000000""],[""60609.51000000"",""0.00000000""],[""60609.99000000"",""0.00000000""],[""60610.89000000"",""0.00000000""],[""60611.00000000"",""0.00000000""],[""60611.24000000"",""0.00000000""],[""60612.22000000"",""0.00000000""],[""60612.92000000"",""0.00825000""],[""60613.99000000"",""0.00000000""],[""60614.89000000"",""0.00000000""],[""60617.51000000"",""0.54318000""],[""60624.22000000"",""0.00000000""],[""60637.62000000"",""0.00000000""],[""60639.32000000"",""0.59419000""],[""60682.81000000"",""0.00000000""]]}"""
1780775211|867564000|binance|depth|0|0|351|BTCUSDT|"""{""e"":""trade"",""E"":1780775037123,""s"":""BTCUSDT"",""t"":6379750235,""p"":""60603.98000000"",""q"":""0.00036000"",""T"":1780775037123,""m"":true,""M"":true}"""
1780775211|867567000|binance|depth|0|0|352|BTCUSDT|"""{""lastUpdateId"":95210786774,""bids"":[[""60603.98000000"",""2.32231000""],[""60603.97000000"",""0.00035000""],[""60603.96000000"",""0.00017000""],[""60603.61000000"",""0.00018000""],[""60603.60000000"",""0.11537000""]],""asks"":[[""60603.99000000"",""2.76632000""],[""60604.00000000"",""0.01570000""],[""60604.01000000"",""0.00017000""],[""60605.71000000"",""0.00155000""],[""60605.84000000"",""0.00018000""]]}"""
1780775211|867579000|binance|depth|0|0|353|BTCUSDT|"""{""e"":""depthUpdate"",""E"":1780775037214,""s"":""BTCUSDT"",""U"":95210786671,""u"":95210786774,""b"":[[""60603.98000000"",""2.32231000""],[""60603.31000000"",""0.00000000""],[""60602.94000000"",""0.00210000""],[""60602.85000000"",""0.00330000""],[""60602.40000000"",""0.00400000""],[""60602.01000000"",""0.00330000""],[""60602.00000000"",""0.00000000""],[""60601.18000000"",""0.10518000""],[""60601.05000000"",""0.00843000""],[""60600.89000000"",""0.00000000""],[""60600.78000000"",""0.12310000""],[""60600.22000000"",""0.10500000""],[""60600.21000000"",""1.97485000""],[""60600.19000000"",""0.17259000""],[""60600.01000000"",""0.00000000""],[""60599.89000000"",""0.00009000""],[""60598.38000000"",""0.00000000""],[""60596.98000000"",""0.00000000""],[""60596.42000000"",""0.04082000""],[""60596.05000000"",""0.00009000""],[""60594.41000000"",""0.00000000""],[""60593.84000000"",""0.00162000""],[""60591.00000000"",""0.00400000""],[""60588.02000000"",""0.00000000""],[""60587.44000000"",""0.00000000""],[""60585.26000000"",""0.00400000""],[""60581.94000000"",""0.00000000""],[""60578.08000000"",""0.00000000""],[""60441.11000000"",""0.00000000""],[""54543.59000000"",""0.00500000""],[""54543.58000000"",""0.00046000""],[""54543.00000000"",""0.00010000""],[""48483.19000000"",""0.00000000""]],""a"":[[""60603.99000000"",""2.76632000""],[""60605.44000000"",""0.00000000""],[""60606.00000000"",""0.02528000""],[""60606.35000000"",""0.00018000""],[""60606.36000000"",""0.05872000""],[""60606.75000000"",""0.00000000""],[""60607.40000000"",""0.00000000""],[""60607.41000000"",""0.00018000""],[""60607.44000000"",""0.00018000""],[""60607.99000000"",""0.00000000""],[""60608.00000000"",""0.02518000""],[""60609.00000000"",""0.01628000""],[""60609.79000000"",""0.00000000""],[""60610.31000000"",""0.00000000""],[""60611.37000000"",""0.00047000""],[""60611.71000000"",""0.00825000""],[""60612.23000000"",""0.07607000""],[""60612.45000000"",""0.00000000""],[""60612.53000000"",""0.00000000""],[""60612.57000000"",""0.00000000""],[""60614.89000000"",""0.10500000""],[""60615.15000000"",""0.00000000""],[""60615.16000000"",""0.00000000""],[""60615.24000000"",""0.00400000""],[""60616.59000000"",""0.10500000""],[""60617.51000000"",""0.00000000""],[""60617.86000000"",""0.10509000""],[""60617.87000000"",""0.08981000""],[""60617.88000000"",""0.00000000""],[""60618.43000000"",""0.00000000""],[""60618.84000000"",""0.10500000""],[""60619.74000000"",""0.10500000""],[""60619.76000000"",""1.57988000""],[""60621.32000000"",""0.00400000""],[""60623.25000000"",""0.00000000""],[""60624.51000000"",""0.00000000""],[""60627.71000000"",""0.00400000""],[""60631.28000000"",""0.00400000""],[""60712.80000000"",""0.00070000""],[""60757.15000000"",""4.93999000""]]}"""
1780775211|867604000|binance|depth|0|0|354|BTCUSDT|"""{""lastUpdateId"":95210786854,""bids"":[[""60603.98000000"",""2.46406000""],[""60603.97000000"",""0.00035000""],[""60603.96000000"",""0.00017000""],[""60603.92000000"",""0.00400000""],[""60603.61000000"",""0.00018000""]],""asks"":[[""60603.99000000"",""2.76623000""],[""60604.00000000"",""0.01588000""],[""60604.01000000"",""0.00017000""],[""60605.84000000"",""0.00018000""],[""60605.85000000"",""0.03063000""]]}"""
1780775211|867616000|binance|depth|0|0|355|BTCUSDT|"""{""e"":""depthUpdate"",""E"":1780775037314,""s"":""BTCUSDT"",""U"":95210786775,""u"":95210786854,""b"":[[""60603.98000000"",""2.46406000""],[""60603.92000000"",""0.00400000""],[""60603.06000000"",""0.00000000""],[""60602.84000000"",""0.00018000""],[""60602.61000000"",""0.00000000""],[""60602.59000000"",""0.00018000""],[""60602.00000000"",""0.00009000""],[""60601.98000000"",""0.04189000""],[""60600.78000000"",""0.12301000""],[""60599.89000000"",""0.00000000""],[""60599.86000000"",""0.00000000""],[""60579.74000000"",""0.00490000""],[""60579.60000000"",""0.00000000""],[""60567.62000000"",""0.00618000""],[""60450.18000000"",""0.00000000""],[""54543.59000000"",""0.00500000""],[""54543.00000000"",""0.00010000""]],""a"":[[""60603.99000000"",""2.76623000""],[""60604.00000000"",""0.01588000""],[""60605.71000000"",""0.00000000""],[""60606.00000000"",""0.02528000""],[""60606.35000000"",""0.00000000""],[""60606.36000000"",""0.00027000""],[""60606.86000000"",""0.12512000""],[""60606.96000000"",""0.00000000""],[""60607.41000000"",""0.00000000""],[""60607.44000000"",""0.00000000""],[""60607.99000000"",""0.00009000""],[""60608.48000000"",""0.00000000""],[""60609.00000000"",""0.01628000""],[""60609.16000000"",""0.00034000""],[""60609.49000000"",""0.00000000""],[""60609.90000000"",""0.10429000""],[""60610.00000000"",""0.02500000""],[""60610.90000000"",""0.05863000""],[""60611.76000000"",""0.00000000""],[""60612.23000000"",""0.00000000""],[""60613.21000000"",""0.00000000""],[""60613.79000000"",""0.10500000""],[""60614.07000000"",""0.07607000""],[""60615.70000000"",""0.00154000""],[""60618.11000000"",""0.00059000""],[""60632.80000000"",""0.00400000""],[""60634.32000000"",""0.00400000""],[""60635.84000000"",""0.00400000""]]}"""
1780775211|867630000|binance|depth|0|0|356|BTCUSDT|"""{""e"":""trade"",""E"":1780775037322,""s"":""BTCUSDT"",""t"":6379750236,""p"":""60603.98000000"",""q"":""0.00820000"",""T"":1780775037322,""m"":true,""M"":true}"""
1780775211|867633000|binance|depth|0|0|357|BTCUSDT|"""{""e"":""trade"",""E"":1780775037330,""s"":""BTCUSDT"",""t"":6379750237,""p"":""60603.98000000"",""q"":""0.00820000"",""T"":1780775037330,""m"":true,""M"":true}"""
1780775211|867636000|binance|depth|0|0|358|BTCUSDT|"""{""e"":""trade"",""E"":1780775037399,""s"":""BTCUSDT"",""t"":6379750238,""p"":""60603.99000000"",""q"":""0.00660000"",""T"":1780775037399,""m"":false,""M"":true}"""
1780775211|867639000|binance|depth|0|0|359|BTCUSDT|"""{""lastUpdateId"":95210786891,""bids"":[[""60603.98000000"",""2.44766000""],[""60603.97000000"",""0.00035000""],[""60603.96000000"",""0.00017000""],[""60603.92000000"",""0.00400000""],[""60603.61000000"",""0.00018000""]],""asks"":[[""60603.99000000"",""2.75963000""],[""60604.00000000"",""0.01588000""],[""60604.01000000"",""0.00017000""],[""60605.84000000"",""0.00018000""],[""60605.85000000"",""0.03063000""]]}"""
1780775211|867651000|binance|depth|0|0|360|BTCUSDT|"""{""e"":""depthUpdate"",""E"":1780775037414,""s"":""BTCUSDT"",""U"":95210786855,""u"":95210786891,""b"":[[""60603.98000000"",""2.44766000""],[""60602.84000000"",""0.00000000""],[""60602.83000000"",""0.00018000""],[""60601.99000000"",""0.04839000""],[""60601.98000000"",""0.04207000""],[""60600.78000000"",""0.12283000""],[""60579.74000000"",""0.00000000""],[""60567.62000000"",""0.00618000""],[""60537.33000000"",""0.00000000""],[""60461.09000000"",""0.00977000""],[""60456.01000000"",""0.00000000""],[""54543.59000000"",""0.00500000""],[""54543.00000000"",""0.00000000""]],""a"":[[""60603.99000000"",""2.75963000""],[""60606.00000000"",""0.02528000""],[""60606.36000000"",""0.00009000""],[""60610.00000000"",""0.02518000""],[""60611.74000000"",""0.07655000""],[""60614.07000000"",""0.00000000""],[""60616.52000000"",""0.15794000""],[""60629.76000000"",""0.00400000""],[""60635.84000000"",""0.00000000""]]}"""
1780775211|867662000|binance|depth|0|0|361|BTCUSDT|"""{""lastUpdateId"":95210786915,""bids"":[[""60603.98000000"",""2.43611000""],[""60603.97000000"",""0.00035000""],[""60603.96000000"",""0.00017000""],[""60603.92000000"",""0.00400000""],[""60603.61000000"",""0.00018000""]],""asks"":[[""60603.99000000"",""2.75963000""],[""60604.00000000"",""0.01588000""],[""60604.01000000"",""0.00017000""],[""60605.84000000"",""0.00018000""],[""60605.85000000"",""0.03063000""]]}"""
1780775211|867674000|binance|depth|0|0|362|BTCUSDT|"""{""e"":""depthUpdate"",""E"":1780775037514,""s"":""BTCUSDT"",""U"":95210786892,""u"":95210786915,""b"":[[""60603.98000000"",""2.43611000""],[""60603.23000000"",""0.01664000""],[""60602.83000000"",""0.00000000""],[""60602.00000000"",""0.00018000""],[""60601.99000000"",""0.04848000""],[""60600.78000000"",""0.12301000""],[""60585.31000000"",""1.58388000""],[""60585.26000000"",""0.00000000""],[""54543.59000000"",""0.00500000""],[""48483.19000000"",""0.00041000""]],""a"":[[""60627.71000000"",""0.00000000""],[""60627.79000000"",""0.00400000""]]}"""
1780775211|867680000|binance|depth|0|0|363|BTCUSDT|"""{""lastUpdateId"":95210786920,""bids"":[[""60603.98000000"",""2.43611000""],[""60603.97000000"",""0.00035000""],[""60603.96000000"",""0.00017000""],[""60603.92000000"",""0.00400000""],[""60603.61000000"",""0.00018000""]],""asks"":[[""60603.99000000"",""2.75963000""],[""60604.00000000"",""0.01588000""],[""60604.01000000"",""0.00017000""],[""60605.84000000"",""0.00018000""],[""60605.85000000"",""0.03063000""]]}"""
1780775211|867691000|binance|depth|0|0|364|BTCUSDT|"""{""e"":""depthUpdate"",""E"":1780775037614,""s"":""BTCUSDT"",""U"":95210786916,""u"":95210786920,""b"":[[""54543.59000000"",""0.00500000""],[""48483.19000000"",""0.00000000""]],""a"":[]}"""
1780775211|867694000|binance|depth|0|0|365|BTCUSDT|"""{""lastUpdateId"":95210786933,""bids"":[[""60603.98000000"",""2.43611000""],[""60603.97000000"",""0.00035000""],[""60603.96000000"",""0.00017000""],[""60603.92000000"",""0.00400000""],[""60603.61000000"",""0.00018000""]],""asks"":[[""60603.99000000"",""2.75963000""],[""60604.00000000"",""0.01588000""],[""60604.01000000"",""0.00017000""],[""60605.84000000"",""0.00018000""],[""60605.85000000"",""0.03063000""]]}"""
1780775211|867705000|binance|depth|0|0|366|BTCUSDT|"""{""e"":""depthUpdate"",""E"":1780775037714,""s"":""BTCUSDT"",""U"":95210786921,""u"":95210786933,""b"":[[""60597.30000000"",""0.00400000""],[""60594.18000000"",""0.00000000""],[""60579.74000000"",""0.00490000""],[""60507.06000000"",""0.00000000""],[""55753.84000000"",""0.00018000""],[""54543.59000000"",""0.00500000""]],""a"":[[""60608.55000000"",""0.05863000""],[""60610.90000000"",""0.00000000""],[""60615.24000000"",""0.00000000""],[""60615.54000000"",""0.00409000""]]}"""
