tsec,tnsec,seqNo,id,type,side,bid0,bid1,bid2,bid3,bid4,bid_size0,bid_size1,bid_size2,bid_size3,bid_size4,ask0,ask1,ask2,ask3,ask4,ask_size0,ask_size1,ask_size2,ask_size3,ask_size4
1780741408,310748000,0,1,U,N,6067198000000,6067197000000,6067196000000,6067185000000,0,88093000,35000,17000,9000,0,6067199000000,6067200000000,6067201000000,6067301000000,0,154956000,2353000,17000,40000,0
1780741408,409550000,2,1,U,N,6067198000000,6067197000000,6067196000000,6067185000000,0,81716000,35000,17000,9000,0,6067199000000,6067200000000,6067201000000,6067283000000,6067301000000,154938000,2335000,17000,841000,40000
1780741408,514261000,4,1,U,N,6067198000000,6067197000000,6067196000000,6067185000000,0,88533000,35000,17000,9000,0,6067199000000,6067200000000,6067201000000,6067283000000,6067301000000,154938000,2335000,17000,841000,40000
1780741408,608874000,6,1,U,N,6067198000000,6067197000000,6067196000000,6067185000000,0,183078000,35000,17000,9000,0,6067199000000,6067200000000,6067201000000,6067283000000,6067301000000,132910000,2353000,17000,841000,40000
1780741408,711139000,8,1,U,N,6067198000000,6067197000000,6067196000000,6067185000000,0,183135000,35000,17000,9000,0,6067199000000,6067200000000,6067201000000,6067283000000,6067301000000,91801000,2371000,17000,841000,40000
1780741408,915587000,20,1,U,N,6067198000000,6067197000000,6067196000000,6067185000000,0,157198000,35000,17000,9000,0,6067199000000,6067200000000,6067201000000,6067283000000,6067301000000,150467000,2344000,17000,841000,40000
1780741409,8206000,22,1,U,N,6067198000000,6067197000000,6067196000000,6067185000000,0,162482000,35000,17000,9000,0,6067199000000,6067200000000,6067201000000,6067283000000,6067301000000,133989000,2362000,17000,841000,40000
1780741409,11252000,24,1,U,N,6067198000000,6067197000000,6067196000000,6067185000000,0,196576000,35000,17000,9000,0,6067199000000,6067200000000,6067201000000,6067283000000,6067301000000,89720000,2371000,17000,841000,40000
1780741409,109648000,26,1,U,N,6067198000000,6067197000000,6067196000000,6067185000000,0,196624000,35000,17000,9000,0,6067199000000,6067200000000,6067201000000,6067283000000,6067301000000,89681000,2371000,17000,841000,40000
1780741409,208808000,28,1,U,N,6067198000000,6067197000000,6067196000000,6067185000000,0,196624000,35000,17000,9000,0,6067199000000,6067200000000,6067201000000,6067283000000,6067301000000,89672000,2380000,17000,841000,40000
1780741409,311227000,30,1,U,N,6067198000000,6067197000000,6067196000000,6067185000000,0,182825000,35000,17000,9000,0,6067199000000,6067200000000,6067201000000,6067283000000,6067301000000,89672000,2371000,17000,841000,40000
1780741409,409784000,32,1,U,N,6067198000000,6067197000000,6067196000000,6067185000000,0,182825000,35000,17000,9000,0,6067199000000,6067200000000,6067201000000,6067283000000,6067301000000,89672000,2371000,17000,841000,40000
1780741409,520251000,34,1,U,N,6067198000000,6067197000000,6067196000000,6067185000000,0,182825000,35000,17000,9000,0,6067199000000,6067200000000,6067201000000,6067283000000,6067301000000,89672000,2371000,17000,841000,40000
1780741409,611049000,36,1,U,N,6067198000000,6067197000000,6067196000000,6067185000000,0,182825000,35000,17000,9000,0,6067199000000,6067200000000,6067201000000,6067283000000,6067301000000,89663000,2362000,17000,841000,40000
1780741409,708861000,38,1,U,N,6067198000000,6067197000000,6067196000000,6067185000000,0,182825000,35000,17000,9000,0,6067199000000,6067200000000,6067201000000,6067283000000,6067301000000,89672000,2371000,17000,841000,40000
1780741409,809895000,40,1,U,N,6067198000000,6067197000000,6067196000000,6067185000000,0,182825000,35000,17000,9000,0,6067199000000,6067200000000,6067201000000,6067283000000,6067301000000,89823000,2371000,17000,841000,40000
1780741409,915348000,57,1,U,N,6067198000000,6067197000000,6067196000000,6067185000000,0,222782000,45000,17000,9000,0,6067199000000,6067200000000,6067201000000,6067283000000,6067301000000,62565000,2372000,17000,841000,40000
1780741410,13352000,59,1,U,N,6067198000000,6067197000000,6067196000000,6067185000000,0,195850000,45000,17000,9000,0,6067199000000,6067200000000,6067201000000,6067283000000,6067301000000,89815000,2372000,17000,841000,40000
1780741410,127237000,61,1,U,N,6067198000000,6067197000000,6067196000000,6067185000000,0,195859000,45000,17000,9000,0,6067199000000,6067200000000,6067201000000,6067283000000,6067301000000,89824000,2363000,17000,841000,40000
1780741410,211126000,64,1,U,N,6067198000000,6067197000000,6067196000000,6067185000000,0,195841000,45000,17000,9000,0,6067199000000,6067200000000,6067201000000,6067283000000,6067301000000,84621000,2363000,17000,841000,40000
1780741410,310480000,66,1,U,N,6067198000000,6067197000000,6067196000000,6067185000000,0,195841000,45000,17000,9000,0,6067199000000,6067200000000,6067201000000,6067283000000,6067301000000,57621000,2363000,17000,841000,40000
1780741410,408907000,68,1,U,N,6067198000000,6067197000000,6067196000000,6067185000000,0,195841000,45000,17000,9000,0,6067199000000,6067200000000,6067201000000,6067283000000,6067301000000,57621000,2372000,17000,841000,40000
1780741410,511221000,71,1,U,N,6067198000000,6067197000000,6067196000000,6067185000000,0,195841000,45000,17000,9000,0,6067199000000,6067200000000,6067201000000,6067283000000,6067301000000,84859000,2372000,17000,841000,40000
1780741410,609489000,73,1,U,N,6067198000000,6067197000000,6067196000000,6067185000000,0,195841000,45000,17000,9000,0,6067199000000,6067200000000,6067201000000,6067283000000,6067301000000,84859000,2372000,17000,841000,40000
1780741410,713191000,75,1,U,N,6067198000000,6067197000000,6067196000000,6067185000000,0,195886000,90000,17000,9000,0,6067199000000,6067200000000,6067201000000,6067283000000,6067301000000,124813000,2372000,17000,841000,40000
1780741410,808846000,77,1,U,N,6067198000000,6067197000000,6067196000000,6067185000000,0,181981000,54000,17000,9000,0,6067199000000,6067200000000,6067201000000,6067283000000,6067301000000,129887000,2381000,17000,841000,40000
1780741410,909033000,79,1,U,N,6067198000000,6067197000000,6067196000000,6067185000000,0,195779000,54000,17000,9000,0,6067199000000,6067200000000,6067201000000,6067283000000,6067301000000,90608000,2381000,17000,841000,40000
1780741411,27974000,81,1,U,N,6067198000000,6067197000000,6067196000000,6067185000000,0,171579000,54000,17000,9000,0,6067199000000,6067200000000,6067201000000,6067283000000,6067301000000,135741000,2381000,17000,841000,40000
1780741411,112240000,83,1,U,N,6067198000000,6067197000000,6067196000000,6067185000000,0,194968000,63000,17000,9000,0,6067199000000,6067200000000,6067201000000,6067283000000,6067301000000,135759000,2381000,17000,841000,40000
1780741411,209071000,85,1,U,N,6067198000000,6067197000000,6067196000000,6067185000000,0,194978000,63000,17000,9000,0,6067199000000,6067200000000,6067201000000,6067283000000,6067301000000,135741000,2372000,17000,841000,40000
1780741411,310512000,88,1,U,N,6067198000000,6067197000000,6067196000000,6067185000000,0,194509000,63000,17000,9000,0,6067199000000,6067200000000,6067201000000,6067283000000,6067301000000,135702000,2372000,17000,841000,40000
1780741411,410493000,90,1,U,N,6067198000000,6067197000000,6067196000000,6067185000000,0,139181000,90000,17000,9000,0,6067199000000,6067200000000,6067201000000,6067283000000,6067301000000,160014000,2372000,17000,841000,40000
1780741411,509376000,93,1,U,N,6067198000000,6067197000000,6067196000000,6067185000000,0,18182000,108000,17000,9000,0,6067199000000,6067200000000,6067201000000,6067279000000,6067283000000,164931000,2336000,17000,4073000,841000
1780741411,612190000,153,1,U,N,6067198000000,6067197000000,6067196000000,6067185000000,6066976000000,18182000,108000,17000,9000,23251000,6066977000000,6066978000000,6066979000000,6067062000000,6067199000000,369439000,168000,17000,9000,164931000
1780741411,709509000,155,1,U,N,6067198000000,6067197000000,6067196000000,6067185000000,6066976000000,18182000,108000,17000,9000,37201000,6066977000000,6066978000000,6066979000000,6067013000000,6067062000000,369518000,168000,17000,5349000,9000
1780741411,809225000,157,1,U,N,6067198000000,6067197000000,6067196000000,6067185000000,6066976000000,18182000,108000,17000,9000,53401000,6066977000000,6066978000000,6066979000000,6067013000000,6067062000000,369518000,168000,17000,5349000,9000
1780741411,917590000,159,1,U,N,6067198000000,6067197000000,6067196000000,6067185000000,6066976000000,18182000,108000,17000,9000,53401000,6066977000000,6066978000000,6066979000000,6067012000000,6067013000000,368694000,168000,17000,18000,5349000
1780741412,8694000,161,1,U,N,6067198000000,6067197000000,6067196000000,6067185000000,6066976000000,18182000,108000,17000,9000,53401000,6066977000000,6066978000000,6066979000000,6067012000000,6067013000000,376354000,168000,17000,18000,5349000
1780741412,110004000,163,1,U,N,6067198000000,6067197000000,6067196000000,6067185000000,6066976000000,18182000,108000,17000,9000,66628000,6066977000000,6066978000000,6066979000000,6067012000000,6067013000000,357737000,168000,17000,18000,5349000
1780741412,208553000,165,1,U,N,6067198000000,6067197000000,6067196000000,6067185000000,6066976000000,18182000,108000,17000,9000,98508000,6066977000000,6066978000000,6066979000000,6067012000000,6067013000000,357737000,168000,17000,18000,5349000
1780741412,309533000,168,1,U,N,6067198000000,6067197000000,6067196000000,6067185000000,6066976000000,18182000,108000,17000,9000,76484000,6066977000000,6066978000000,6066979000000,6067012000000,6067013000000,357187000,168000,17000,18000,5349000
1780741412,411363000,170,1,U,N,6067198000000,6067197000000,6067196000000,6067185000000,6066976000000,18182000,108000,17000,9000,76475000,6066977000000,6066978000000,6066979000000,6067012000000,6067013000000,358882000,168000,17000,18000,5349000
1780741412,514776000,172,1,U,N,6067198000000,6067197000000,6067196000000,6067185000000,6066976000000,18182000,108000,17000,9000,76457000,6066977000000,6066978000000,6066979000000,6067012000000,6067013000000,358882000,168000,17000,18000,5349000
1780741412,611240000,174,1,U,N,6067198000000,6067197000000,6067196000000,6067185000000,6066976000000,18182000,108000,17000,9000,53429000,6066977000000,6066978000000,6066979000000,6067012000000,6067013000000,358882000,168000,17000,18000,5349000
1780741412,708518000,177,1,U,N,6067198000000,6067197000000,6067196000000,6067185000000,6066976000000,18182000,108000,17000,9000,236334000,6066977000000,6066978000000,6066979000000,6067012000000,6067013000000,126870000,168000,17000,18000,5349000
1780741412,820645000,179,1,U,N,6067198000000,6067197000000,6067196000000,6067185000000,6066976000000,18182000,108000,17000,9000,157634000,6066977000000,6066978000000,6066979000000,6066995000000,6067012000000,128885000,168000,17000,809000,18000
1780741412,909878000,181,1,U,N,6067198000000,6067197000000,6067196000000,6067185000000,6066976000000,18182000,108000,17000,9000,157616000,6066977000000,6066978000000,6066979000000,6066994000000,6066995000000,129920000,168000,17000,18000,809000
1780741413,18679000,184,1,U,N,6067198000000,6067197000000,6067196000000,6067185000000,6066976000000,18182000,108000,17000,9000,169963000,6066977000000,6066978000000,6066979000000,6066994000000,6066995000000,129907000,168000,17000,18000,809000
1780741413,109181000,186,1,U,N,6067198000000,6067197000000,6067196000000,6067185000000,6066976000000,18182000,108000,17000,9000,169963000,6066977000000,6066978000000,6066979000000,6066994000000,6066995000000,129838000,168000,17000,18000,809000
1780741413,208945000,188,1,U,N,6067198000000,6067197000000,6067196000000,6067185000000,6066976000000,18182000,108000,17000,9000,37303000,6066977000000,6066978000000,6066979000000,6066994000000,6066995000000,154992000,168000,17000,18000,809000
1780741413,309124000,190,1,U,N,6067198000000,6067197000000,6067196000000,6067185000000,6066976000000,18182000,108000,17000,9000,14803000,6066977000000,6066978000000,6066979000000,6066994000000,6066995000000,155816000,168000,17000,18000,809000
1780741413,411338000,192,1,U,N,6067198000000,6067197000000,6067196000000,6067185000000,6066976000000,18182000,108000,17000,9000,54332000,6066977000000,6066978000000,6066979000000,6066982000000,6066994000000,154168000,168000,17000,18000,18000
1780741413,510476000,196,1,U,N,6067198000000,6067197000000,6067196000000,6067185000000,6066976000000,18182000,108000,17000,9000,14792000,6066977000000,6066978000000,6066979000000,6066982000000,6066983000000,171685000,168000,17000,18000,907000
1780741413,609102000,198,1,U,N,6067198000000,6067197000000,6067196000000,6067185000000,6066976000000,18182000,108000,17000,9000,1861000,6066977000000,6066978000000,6066979000000,6066982000000,6066983000000,171744000,168000,17000,18000,907000
1780741413,711391000,200,1,U,N,6067198000000,6067197000000,6067196000000,6067185000000,6066976000000,18182000,108000,17000,9000,1918000,6066977000000,6066978000000,6066979000000,6066982000000,6066983000000,169744000,168000,17000,18000,907000
1780741413,809843000,202,1,U,N,6067198000000,6067197000000,6067196000000,6067185000000,6066976000000,18182000,108000,17000,9000,65451000,6066977000000,6066978000000,6066979000000,6066982000000,6066983000000,168920000,168000,17000,18000,907000
1780741413,910933000,204,1,U,N,6067198000000,6067197000000,6067196000000,6067185000000,6066976000000,18182000,108000,17000,9000,206045000,6066977000000,6066978000000,6066979000000,6066982000000,6066983000000,16962000,168000,17000,18000,907000
1780741414,8502000,206,1,U,N,6067198000000,6067197000000,6067196000000,6067185000000,6066976000000,18182000,108000,17000,9000,237245000,6066977000000,6066978000000,6066979000000,6066982000000,6066983000000,107923000,168000,17000,18000,907000
1780741414,113761000,208,1,U,N,6067198000000,6067197000000,6067196000000,6067185000000,6066976000000,18182000,108000,17000,9000,237310000,6066977000000,6066978000000,6066979000000,6066982000000,6066983000000,107923000,168000,17000,18000,907000
1780741414,211431000,210,1,U,N,6067198000000,6067197000000,6067196000000,6067185000000,6066976000000,18182000,108000,17000,9000,210807000,6066977000000,6066978000000,6066979000000,6066982000000,6066983000000,134913000,168000,17000,18000,907000
1780741414,311723000,212,1,U,N,6067198000000,6067197000000,6067196000000,6067185000000,6066976000000,18182000,108000,17000,9000,94847000,6066977000000,6066978000000,6066979000000,6066982000000,6066983000000,151169000,168000,17000,18000,907000
1780741414,411508000,217,1,U,N,6067198000000,6067197000000,6067196000000,6067185000000,6066976000000,18182000,108000,17000,9000,133820000,6066977000000,6066978000000,6066979000000,6066982000000,6066983000000,152863000,168000,17000,18000,907000
1780741414,548445000,219,1,U,N,6067198000000,6067197000000,6067196000000,6067185000000,6066976000000,18182000,108000,17000,9000,88105000,6066977000000,6066978000000,6066979000000,6066982000000,6066983000000,153745000,168000,17000,18000,907000
1780741414,624755000,221,1,U,N,6067198000000,6067197000000,6067196000000,6067185000000,6066976000000,18182000,108000,17000,9000,88364000,6066977000000,6066978000000,6066979000000,6066982000000,6066983000000,153745000,168000,17000,18000,907000
1780741414,708822000,225,1,U,N,6067198000000,6067197000000,6067196000000,6067185000000,6066976000000,18182000,108000,17000,9000,88114000,6066977000000,6066978000000,6066979000000,6066982000000,6066983000000,153059000,158000,17000,18000,907000
1780741414,810442000,227,1,U,N,6067198000000,6067197000000,6067196000000,6067185000000,6066976000000,18182000,108000,17000,9000,88114000,6066977000000,6066978000000,6066979000000,6066982000000,6066983000000,153059000,158000,17000,18000,907000
1780741414,910085000,229,1,U,N,6067198000000,6067197000000,6067196000000,6067185000000,6066976000000,18182000,108000,17000,9000,88364000,6066977000000,6066978000000,6066979000000,6066982000000,6066983000000,152235000,158000,17000,18000,907000
1780741415,11903000,238,1,U,N,6067198000000,6067197000000,6067196000000,6067185000000,6066976000000,18182000,108000,17000,9000,88325000,6066977000000,6066978000000,6066979000000,6066982000000,6066983000000,152442000,176000,17000,18000,907000
1780741415,111943000,240,1,U,N,6067198000000,6067197000000,6067196000000,6067185000000,6066976000000,18182000,108000,17000,9000,88092000,6066977000000,6066978000000,6066979000000,6066982000000,6066983000000,152444000,176000,17000,18000,907000
1780741415,209329000,242,1,U,N,6067198000000,6067197000000,6067196000000,6067185000000,6066976000000,18182000,108000,17000,9000,48822000,6066977000000,6066978000000,6066979000000,6066982000000,6066983000000,153286000,158000,17000,18000,907000
1780741415,308887000,244,1,U,N,6067198000000,6067197000000,6067196000000,6067185000000,6066976000000,18182000,108000,17000,9000,88100000,6066977000000,6066978000000,6066979000000,6066982000000,6066983000000,152490000,176000,17000,18000,907000
1780741415,411044000,246,1,U,N,6067198000000,6067197000000,6067196000000,6067185000000,6066976000000,18182000,108000,17000,9000,88100000,6066977000000,6066978000000,6066979000000,6066982000000,6066983000000,152490000,176000,17000,18000,907000
1780741415,511059000,248,1,U,N,6067198000000,6067197000000,6067196000000,6067185000000,6066976000000,18182000,108000,17000,9000,152679000,6066977000000,6066978000000,6066979000000,6066982000000,6066983000000,141110000,176000,17000,18000,907000
1780741415,608697000,251,1,U,N,6067198000000,6067197000000,6067196000000,6067185000000,6066976000000,18182000,108000,17000,9000,152661000,6066977000000,6066978000000,6066979000000,6066982000000,6066983000000,140946000,176000,17000,18000,907000
1780741415,709008000,254,1,U,N,6067198000000,6067197000000,6067196000000,6067185000000,6066976000000,18182000,108000,17000,9000,152661000,6066977000000,6066978000000,6066979000000,6066982000000,6066983000000,140932000,176000,17000,18000,907000
1780741415,813440000,256,1,U,N,6067198000000,6067197000000,6067196000000,6067185000000,6066976000000,18182000,108000,17000,9000,198223000,6066977000000,6066978000000,6066979000000,6066982000000,6066983000000,320000,203000,17000,18000,907000
1780741415,912186000,488,1,U,N,6067999000000,6067998000000,6067997000000,6067980000000,6067198000000,515126000,35000,17000,9000,18182000,6066977000000,6066978000000,6066979000000,6066982000000,6066983000000,320000,203000,17000,18000,907000
1780741416,211776000,490,1,U,N,6067999000000,6067998000000,6067997000000,6067980000000,6067198000000,747018000,35000,17000,9000,18182000,6066977000000,6066978000000,6066979000000,6066982000000,6066983000000,320000,203000,17000,18000,907000
1780741416,211820000,493,1,U,N,6067999000000,6067998000000,6067997000000,6067980000000,6067198000000,777105000,35000,35000,9000,18182000,6066977000000,6066978000000,6066979000000,6066982000000,6066983000000,320000,203000,17000,18000,907000
1780741416,211911000,541,1,U,N,6068199000000,6068198000000,6068197000000,6068166000000,6067999000000,360075000,404000,17000,17917000,777105000,6066977000000,6066978000000,6066979000000,6066982000000,6066983000000,320000,203000,17000,18000,907000
1780741416,315257000,543,1,U,N,6068199000000,6068198000000,6068197000000,6068166000000,6067999000000,385170000,404000,17000,27000,777105000,6066977000000,6066978000000,6066979000000,6066982000000,6066983000000,320000,203000,17000,18000,907000
1780741416,409889000,546,1,U,N,6068199000000,6068198000000,6068197000000,6068166000000,6067999000000,442190000,404000,17000,9000,777105000,6066977000000,6066978000000,6066979000000,6066982000000,6066983000000,320000,203000,17000,18000,907000
1780741416,509590000,548,1,U,N,6068199000000,6068198000000,6068197000000,6068166000000,6067999000000,442190000,404000,17000,9000,777105000,6066977000000,6066978000000,6066979000000,6066982000000,6066983000000,320000,203000,17000,18000,907000
1780741416,609393000,550,1,U,N,6068199000000,6068198000000,6068197000000,6068166000000,6067999000000,442190000,404000,17000,9000,777105000,6066977000000,6066978000000,6066979000000,6066982000000,6066983000000,320000,203000,17000,18000,907000
1780741416,708654000,552,1,U,N,6068199000000,6068198000000,6068197000000,6068166000000,6067999000000,120357000,35000,17000,9000,777105000,6066977000000,6066978000000,6066979000000,6066982000000,6066983000000,320000,203000,17000,18000,907000
1780741416,810593000,554,1,U,N,6068199000000,6068198000000,6068197000000,6068166000000,6068082000000,164187000,35000,17000,9000,17857000,6066977000000,6066978000000,6066979000000,6066982000000,6066983000000,320000,203000,17000,18000,907000
1780741416,912558000,558,1,U,N,6068199000000,6068198000000,6068197000000,6068166000000,6068083000000,169208000,35000,17000,9000,18000,6066977000000,6066978000000,6066979000000,6066982000000,6066983000000,320000,203000,17000,18000,907000
1780741417,9373000,560,1,U,N,6068199000000,6068198000000,6068197000000,6068166000000,6068083000000,155400000,35000,17000,9000,18000,6066977000000,6066978000000,6066979000000,6066982000000,6066983000000,320000,203000,17000,18000,907000
1780741417,117189000,562,1,U,N,6068199000000,6068198000000,6068197000000,6068166000000,6068083000000,169198000,35000,17000,9000,18000,6066977000000,6066978000000,6066979000000,6066982000000,6066983000000,320000,203000,17000,18000,907000
1780741417,209457000,565,1,U,N,6068199000000,6068198000000,6068197000000,6068166000000,6068083000000,195244000,35000,17000,9000,18000,6066977000000,6066978000000,6066979000000,6066982000000,6066983000000,320000,203000,17000,18000,907000
1780741417,313936000,568,1,U,N,6068199000000,6068198000000,6068197000000,6068166000000,6068083000000,168244000,35000,17000,9000,18000,6066977000000,6066978000000,6066979000000,6066982000000,6066983000000,320000,203000,17000,18000,907000
1780741417,415277000,570,1,U,N,6068199000000,6068198000000,6068197000000,6068166000000,6068083000000,168244000,35000,17000,9000,18000,6066977000000,6066978000000,6066979000000,6066982000000,6066983000000,320000,203000,17000,18000,907000
1780741417,508815000,574,1,U,N,6068199000000,6068198000000,6068197000000,6068166000000,6068083000000,168244000,35000,17000,9000,18000,6066977000000,6066978000000,6066979000000,6066982000000,6066983000000,320000,203000,17000,18000,907000
1780741417,608637000,576,1,U,N,6068199000000,6068198000000,6068197000000,6068166000000,6068083000000,195244000,35000,17000,9000,18000,6066977000000,6066978000000,6066979000000,6066982000000,6066983000000,320000,203000,17000,18000,907000
1780741417,708951000,578,1,U,N,6068199000000,6068198000000,6068197000000,6068166000000,6068083000000,195244000,35000,17000,9000,18000,6066977000000,6066978000000,6066979000000,6066982000000,6066983000000,320000,203000,17000,18000,907000
1780741417,811888000,612,1,U,N,6068199000000,6068198000000,6068197000000,6068166000000,6068132000000,465329000,35000,17000,9000,32983000,6066977000000,6066978000000,6066979000000,6066982000000,6066983000000,320000,203000,17000,18000,907000
1780741417,910943000,647,1,U,N,6068399000000,6068398000000,6068397000000,6068286000000,6068199000000,629923000,380534000,17000,9000,465329000,6066977000000,6066978000000,6066979000000,6066982000000,6066983000000,320000,203000,17000,18000,907000
1780741418,9305000,651,1,U,N,6068399000000,6068398000000,6068397000000,6068286000000,6068199000000,456009000,149139000,17000,9000,465329000,6066977000000,6066978000000,6066979000000,6066982000000,6066983000000,320000,203000,17000,18000,907000
1780741418,114111000,653,1,U,N,6068399000000,6068398000000,6068397000000,6068286000000,6068199000000,456009000,149139000,17000,9000,465329000,6066977000000,6066978000000,6066979000000,6066982000000,6066983000000,320000,203000,17000,18000,907000
1780741418,208985000,655,1,U,N,6068399000000,6068398000000,6068397000000,6068286000000,6068199000000,456018000,149139000,17000,9000,465329000,6066977000000,6066978000000,6066979000000,6066982000000,6066983000000,320000,203000,17000,18000,907000
1780741418,310440000,657,1,U,N,6068399000000,6068398000000,6068397000000,6068286000000,6068199000000,461367000,149139000,17000,9000,465329000,6066977000000,6066978000000,6066979000000,6066982000000,6066983000000,320000,203000,17000,18000,907000
1780741418,409947000,659,1,U,N,6068399000000,6068398000000,6068397000000,6068286000000,6068199000000,434377000,149139000,17000,9000,465329000,6066977000000,6066978000000,6066979000000,6066982000000,6066983000000,320000,203000,17000,18000,907000
1780741418,513996000,662,1,U,N,6068399000000,6068398000000,6068397000000,6068286000000,6068199000000,434374000,149139000,17000,9000,465329000,6066977000000,6066978000000,6066979000000,6066982000000,6066983000000,320000,203000,17000,18000,907000
1780741418,615247000,667,1,U,N,6068399000000,6068398000000,6068397000000,6068286000000,6068199000000,434376000,149139000,17000,9000,465329000,6066977000000,6066978000000,6066979000000,6066982000000,6066983000000,320000,203000,17000,18000,907000
1780741418,709200000,669,1,U,N,6068399000000,6068398000000,6068397000000,6068286000000,6068199000000,434376000,149139000,17000,9000,465329000,6066977000000,6066978000000,6066979000000,6066982000000,6066983000000,320000,203000,17000,18000,907000
1780741418,809783000,671,1,U,N,6068399000000,6068398000000,6068397000000,6068286000000,6068199000000,434185000,149139000,17000,9000,465329000,6066977000000,6066978000000,6066979000000,6066982000000,6066983000000,320000,203000,17000,18000,907000
1780741418,911986000,726,1,U,N,6068400000000,6068399000000,6068398000000,6068397000000,6068396000000,806394000,313633000,149121000,17000,13094000,6066977000000,6066978000000,6066979000000,6066982000000,6066983000000,320000,203000,17000,18000,907000
1780741419,9502000,728,1,U,N,6068400000000,6068399000000,6068398000000,6068397000000,6068396000000,813650000,313624000,149121000,17000,13112000,6066977000000,6066978000000,6066979000000,6066982000000,6066983000000,320000,203000,17000,18000,907000
1780741419,115702000,761,1,U,N,6068599000000,6068598000000,6068597000000,6068592000000,6068400000000,425750000,404000,17000,9000,813650000,6066977000000,6066978000000,6066979000000,6066982000000,6066983000000,320000,203000,17000,18000,907000
1780741419,209476000,763,1,U,N,6068599000000,6068598000000,6068597000000,6068592000000,6068400000000,245857000,404000,17000,9000,813650000,6066977000000,6066978000000,6066979000000,6066982000000,6066983000000,320000,203000,17000,18000,907000
1780741419,309473000,766,1,U,N,6068599000000,6068598000000,6068597000000,6068592000000,6068400000000,245840000,404000,17000,9000,813650000,6066977000000,6066978000000,6066979000000,6066982000000,6066983000000,320000,203000,17000,18000,907000
1780741419,409101000,768,1,U,N,6068599000000,6068598000000,6068597000000,6068592000000,6068400000000,245840000,404000,17000,9000,813650000,6066977000000,6066978000000,6066979000000,6066982000000,6066983000000,320000,203000,17000,18000,907000
1780741419,509297000,770,1,U,N,6068599000000,6068598000000,6068597000000,6068592000000,6068400000000,245840000,404000,17000,9000,813650000,6066977000000,6066978000000,6066979000000,6066982000000,6066983000000,320000,203000,17000,18000,907000
1780741419,609264000,772,1,U,N,6068599000000,6068598000000,6068597000000,6068592000000,6068400000000,245850000,404000,17000,9000,813650000,6066977000000,6066978000000,6066979000000,6066982000000,6066983000000,320000,203000,17000,18000,907000
1780741419,709231000,774,1,U,N,6068599000000,6068598000000,6068597000000,6068592000000,6068400000000,245850000,404000,17000,9000,813650000,6066977000000,6066978000000,6066979000000,6066982000000,6066983000000,320000,203000,17000,18000,907000
1780741419,808753000,776,1,U,N,6068599000000,6068598000000,6068597000000,6068592000000,6068400000000,245850000,404000,17000,9000,813650000,6066977000000,6066978000000,6066979000000,6066982000000,6066983000000,320000,203000,17000,18000,907000
1780741419,909335000,779,1,U,N,6068599000000,6068598000000,6068597000000,6068592000000,6068400000000,245832000,404000,17000,9000,813650000,6066977000000,6066978000000,6066979000000,6066982000000,6066983000000,320000,203000,17000,18000,907000
1780741420,10557000,781,1,U,N,6068599000000,6068598000000,6068597000000,6068592000000,6068400000000,245958000,414000,17000,9000,813650000,6066977000000,6066978000000,6066979000000,6066982000000,6066983000000,320000,203000,17000,18000,907000
1780741420,109211000,789,1,U,N,6068599000000,6068598000000,6068597000000,6068592000000,6068400000000,245958000,414000,17000,9000,813650000,6066977000000,6066978000000,6066979000000,6066982000000,6066983000000,320000,203000,17000,18000,907000
1780741420,208797000,791,1,U,N,6068599000000,6068598000000,6068597000000,6068592000000,6068400000000,245967000,414000,17000,9000,813650000,6066977000000,6066978000000,6066979000000,6066982000000,6066983000000,320000,203000,17000,18000,907000
1780741420,310162000,795,1,U,N,6068599000000,6068598000000,6068597000000,6068592000000,6068400000000,245967000,414000,17000,9000,813650000,6066977000000,6066978000000,6066979000000,6066982000000,6066983000000,320000,203000,17000,18000,907000
1780741420,409177000,797,1,U,N,6068599000000,6068598000000,6068597000000,6068592000000,6068400000000,245967000,414000,17000,9000,813650000,6066977000000,6066978000000,6066979000000,6066982000000,6066983000000,320000,203000,17000,18000,907000
1780741420,509274000,800,1,U,N,6068599000000,6068598000000,6068597000000,6068592000000,6068400000000,236304000,414000,17000,9000,813650000,6066977000000,6066978000000,6066979000000,6066982000000,6066983000000,320000,203000,17000,18000,907000
1780741420,608728000,802,1,U,N,6068599000000,6068598000000,6068597000000,6068592000000,6068400000000,236304000,414000,17000,9000,813650000,6066977000000,6066978000000,6066979000000,6066982000000,6066983000000,320000,203000,17000,18000,907000
1780741420,709077000,804,1,U,N,6068599000000,6068598000000,6068597000000,6068592000000,6068400000000,236462000,414000,17000,9000,813650000,6066977000000,6066978000000,6066979000000,6066982000000,6066983000000,320000,203000,17000,18000,907000
1780741420,808938000,807,1,U,N,6068599000000,6068598000000,6068597000000,6068592000000,6068400000000,236462000,414000,17000,9000,813650000,6066977000000,6066978000000,6066979000000,6066982000000,6066983000000,320000,203000,17000,18000,907000
1780741420,913418000,832,1,U,N,6068599000000,6068598000000,6068597000000,6068592000000,6068400000000,236462000,414000,17000,9000,813650000,6066977000000,6066978000000,6066979000000,6066982000000,6066983000000,320000,203000,17000,18000,907000
1780741421,8561000,834,1,U,N,6068599000000,6068598000000,6068597000000,6068592000000,6068400000000,236462000,414000,17000,9000,813650000,6066977000000,6066978000000,6066979000000,6066982000000,6066983000000,320000,203000,17000,18000,907000
1780741421,109957000,836,1,U,N,6068599000000,6068598000000,6068597000000,6068592000000,6068400000000,236462000,414000,17000,9000,813650000,6066977000000,6066978000000,6066979000000,6066982000000,6066983000000,320000,203000,17000,18000,907000
1780741421,212426000,838,1,U,N,6068599000000,6068598000000,6068597000000,6068592000000,6068400000000,236462000,414000,17000,9000,813650000,6066977000000,6066978000000,6066979000000,6066982000000,6066983000000,320000,203000,17000,18000,907000
1780741421,310038000,840,1,U,N,6068599000000,6068598000000,6068597000000,6068592000000,6068400000000,236462000,414000,17000,9000,813650000,6066977000000,6066978000000,6066979000000,6066982000000,6066983000000,320000,203000,17000,18000,907000
1780741421,409145000,842,1,U,N,6068599000000,6068598000000,6068597000000,6068592000000,6068400000000,236462000,414000,17000,9000,813650000,6066977000000,6066978000000,6066979000000,6066982000000,6066983000000,320000,203000,17000,18000,907000
1780741421,508859000,844,1,U,N,6068599000000,6068598000000,6068597000000,6068592000000,6068400000000,236651000,414000,17000,9000,813650000,6066977000000,6066978000000,6066979000000,6066982000000,6066983000000,320000,203000,17000,18000,907000
1780741421,615891000,862,1,U,N,6068599000000,6068598000000,6068597000000,6068592000000,6068400000000,276651000,414000,17000,9000,813650000,6066977000000,6066978000000,6066979000000,6066982000000,6066983000000,320000,203000,17000,18000,907000
1780741421,718929000,914,1,U,N,6068799000000,6068798000000,6068797000000,6068625000000,6068599000000,443541000,45000,17000,9676000,276651000,6066977000000,6066978000000,6066979000000,6066982000000,6066983000000,320000,203000,17000,18000,907000
1780741421,810527000,916,1,U,N,6068799000000,6068798000000,6068797000000,6068625000000,6068599000000,443541000,45000,17000,9694000,276651000,6066977000000,6066978000000,6066979000000,6066982000000,6066983000000,320000,203000,17000,18000,907000
1780741421,909124000,918,1,U,N,6068799000000,6068798000000,6068797000000,6068626000000,6068625000000,385763000,45000,17000,7195000,9694000,6066977000000,6066978000000,6066979000000,6066982000000,6066983000000,320000,203000,17000,18000,907000
1780741422,14333000,957,1,U,N,6068999000000,6068998000000,6068997000000,6068898000000,6068799000000,553926000,35000,17000,9000,385763000,6066977000000,6066978000000,6066979000000,6066982000000,6066983000000,320000,203000,17000,18000,907000
1780741422,111944000,959,1,U,N,6068999000000,6068998000000,6068997000000,6068898000000,6068799000000,553944000,35000,17000,9000,385763000,6066977000000,6066978000000,6066979000000,6066982000000,6066983000000,320000,203000,17000,18000,907000
1780741422,208818000,961,1,U,N,6068999000000,6068998000000,6068997000000,6068898000000,6068799000000,578860000,35000,17000,9000,385763000,6066977000000,6066978000000,6066979000000,6066982000000,6066983000000,320000,203000,17000,18000,907000
1780741422,308964000,963,1,U,N,6068999000000,6068998000000,6068997000000,6068898000000,6068799000000,551672000,35000,17000,9000,385763000,6066977000000,6066978000000,6066979000000,6066982000000,6066983000000,320000,203000,17000,18000,907000
1780741422,408275000,966,1,U,N,6068999000000,6068998000000,6068997000000,6068898000000,6068799000000,318021000,35000,17000,9000,385763000,6066977000000,6066978000000,6066979000000,6066982000000,6066983000000,320000,203000,17000,18000,907000
1780741422,509373000,970,1,U,N,6068999000000,6068998000000,6068997000000,6068898000000,6068799000000,318003000,35000,17000,9000,385763000,6066977000000,6066978000000,6066979000000,6066982000000,6066983000000,320000,203000,17000,18000,907000
1780741422,610412000,982,1,U,N,6068999000000,6068998000000,6068997000000,6068899000000,6068898000000,74999000,53000,17000,32000,9000,6066977000000,6066978000000,6066979000000,6066982000000,6066983000000,320000,203000,17000,18000,907000
1780741422,711276000,984,1,U,N,6068999000000,6068998000000,6068997000000,6068899000000,6068898000000,52808000,62000,17000,32000,9000,6066977000000,6066978000000,6066979000000,6066982000000,6066983000000,320000,203000,17000,18000,907000
1780741422,813950000,986,1,U,N,6068999000000,6068998000000,6068997000000,6068899000000,6068898000000,40341000,62000,17000,32000,9000,6066977000000,6066978000000,6066979000000,6066982000000,6066983000000,320000,203000,17000,18000,907000
1780741422,920406000,988,1,U,N,6068999000000,6068998000000,6068997000000,6068899000000,6068898000000,40360000,71000,17000,32000,9000,6066977000000,6066978000000,6066979000000,6066982000000,6066983000000,320000,203000,17000,18000,907000
1780741423,13595000,990,1,U,N,6068999000000,6068998000000,6068997000000,6068899000000,6068898000000,79648000,71000,17000,32000,9000,6066977000000,6066978000000,6066979000000,6066982000000,6066983000000,320000,203000,17000,18000,907000
1780741423,110185000,999,1,U,N,6068999000000,6068998000000,6068997000000,6068899000000,6068898000000,94233000,71000,17000,32000,9000,6066977000000,6066978000000,6066979000000,6066982000000,6066983000000,320000,203000,17000,18000,907000
1780741423,210698000,1001,1,U,N,6068999000000,6068998000000,6068997000000,6068899000000,6068898000000,79626000,80000,17000,32000,9000,6066977000000,6066978000000,6066979000000,6066982000000,6066983000000,320000,203000,17000,18000,907000
1780741423,315031000,1003,1,U,N,6068999000000,6068998000000,6068997000000,6068899000000,6068898000000,40624000,80000,17000,32000,9000,6066977000000,6066978000000,6066979000000,6066982000000,6066983000000,320000,203000,17000,18000,907000
1780741423,411868000,1005,1,U,N,6068999000000,6068998000000,6068997000000,6068899000000,6068898000000,40356000,71000,17000,32000,9000,6066977000000,6066978000000,6066979000000,6066982000000,6066983000000,320000,203000,17000,18000,907000
1780741423,508907000,1007,1,U,N,6068999000000,6068998000000,6068997000000,6068899000000,6068898000000,79866000,71000,17000,32000,9000,6066977000000,6066978000000,6066979000000,6066982000000,6066983000000,320000,203000,17000,18000,907000
1780741423,612041000,1009,1,U,N,6068999000000,6068998000000,6068997000000,6068899000000,6068898000000,79867000,53000,17000,32000,9000,6066977000000,6066978000000,6066979000000,6066982000000,6066983000000,320000,203000,17000,18000,907000
1780741423,708479000,1011,1,U,N,6068999000000,6068998000000,6068997000000,6068899000000,6068898000000,40347000,53000,17000,32000,9000,6066977000000,6066978000000,6066979000000,6066982000000,6066983000000,320000,203000,17000,18000,907000
1780741423,809104000,1013,1,U,N,6068999000000,6068998000000,6068997000000,6068899000000,6068898000000,40356000,53000,17000,32000,9000,6066977000000,6066978000000,6066979000000,6066982000000,6066983000000,320000,203000,17000,18000,907000
1780741424,311312000,1016,1,U,N,6068999000000,6068998000000,6068997000000,6068899000000,6068898000000,79840000,53000,17000,32000,9000,6066977000000,6066978000000,6066979000000,6066982000000,6066983000000,320000,203000,17000,18000,907000
1780741424,311351000,1018,1,U,N,6068999000000,6068998000000,6068997000000,6068899000000,6068898000000,40570000,53000,17000,32000,9000,6066977000000,6066978000000,6066979000000,6066982000000,6066983000000,320000,203000,17000,18000,907000
1780741424,311360000,1020,1,U,N,6068999000000,6068998000000,6068997000000,6068899000000,6068898000000,79830000,53000,17000,32000,9000,6066977000000,6066978000000,6066979000000,6066982000000,6066983000000,320000,203000,17000,18000,907000
1780741424,311374000,1022,1,U,N,6068999000000,6068998000000,6068997000000,6068899000000,6068898000000,40329000,62000,17000,32000,9000,6066977000000,6066978000000,6066979000000,6066982000000,6066983000000,320000,203000,17000,18000,907000
1780741424,311383000,1024,1,U,N,6068999000000,6068998000000,6068997000000,6068899000000,6068898000000,40329000,62000,17000,32000,9000,6066977000000,6066978000000,6066979000000,6066982000000,6066983000000,320000,203000,17000,18000,907000
1780741424,408380000,1026,1,U,N,6068999000000,6068998000000,6068997000000,6068899000000,6068898000000,40329000,62000,17000,32000,9000,6066977000000,6066978000000,6066979000000,6066982000000,6066983000000,320000,203000,17000,18000,907000
1780741424,626877000,1028,1,U,N,6068999000000,6068998000000,6068997000000,6068899000000,6068898000000,79849000,62000,17000,32000,9000,6066977000000,6066978000000,6066979000000,6066982000000,6066983000000,320000,203000,17000,18000,907000
1780741424,700828000,1030,1,U,N,6068999000000,6068998000000,6068997000000,6068899000000,6068898000000,121282000,62000,17000,32000,9000,6066977000000,6066978000000,6066979000000,6066982000000,6066983000000,320000,203000,17000,18000,907000
1780741424,708481000,1033,1,U,N,6068999000000,6068998000000,6068997000000,6068899000000,6068898000000,62605000,62000,17000,32000,9000,6066977000000,6066978000000,6066979000000,6066982000000,6066983000000,320000,203000,17000,18000,907000
1780741424,809178000,1035,1,U,N,6068999000000,6068998000000,6068997000000,6068899000000,6068898000000,102115000,62000,17000,32000,9000,6066977000000,6066978000000,6066979000000,6066982000000,6066983000000,320000,203000,17000,18000,907000
1780741424,908546000,1037,1,U,N,6068999000000,6068998000000,6068997000000,6068899000000,6068898000000,102115000,62000,17000,32000,9000,6066977000000,6066978000000,6066979000000,6066982000000,6066983000000,320000,203000,17000,18000,907000
1780741425,11138000,1040,1,U,N,6068999000000,6068998000000,6068997000000,6068899000000,6068898000000,102115000,62000,17000,32000,9000,6066977000000,6066978000000,6066979000000,6066982000000,6066983000000,320000,203000,17000,18000,907000
1780741425,111012000,1042,1,U,N,6068999000000,6068998000000,6068997000000,6068990000000,6068899000000,180304000,53000,17000,5349000,32000,6066977000000,6066978000000,6066979000000,6066982000000,6066983000000,320000,203000,17000,18000,907000
1780741425,213944000,1047,1,U,N,6068999000000,6068998000000,6068997000000,6068991000000,6068990000000,180314000,44000,17000,18000,5349000,6066977000000,6066978000000,6066979000000,6066982000000,6066983000000,320000,203000,17000,18000,907000
1780741425,309626000,1049,1,U,N,6068999000000,6068998000000,6068997000000,6068991000000,6068990000000,180410000,44000,17000,18000,5349000,6066977000000,6066978000000,6066979000000,6066982000000,6066983000000,320000,203000,17000,18000,907000
1780741425,419866000,1053,1,U,N,6068999000000,6068998000000,6068997000000,6068991000000,6068990000000,180266000,53000,17000,18000,5349000,6066977000000,6066978000000,6066979000000,6066982000000,6066983000000,320000,203000,17000,18000,907000
1780741425,513266000,1055,1,U,N,6068999000000,6068998000000,6068997000000,6068991000000,6068990000000,180266000,53000,17000,18000,5349000,6066977000000,6066978000000,6066979000000,6066982000000,6066983000000,320000,203000,17000,18000,907000
1780741425,609435000,1057,1,U,N,6068999000000,6068998000000,6068997000000,6068991000000,6068990000000,146052000,53000,17000,18000,5349000,6066977000000,6066978000000,6066979000000,6066982000000,6066983000000,320000,203000,17000,18000,907000
1780741425,708562000,1059,1,U,N,6068999000000,6068998000000,6068997000000,6068991000000,6068990000000,146062000,53000,17000,18000,18000,6066977000000,6066978000000,6066979000000,6066982000000,6066983000000,320000,203000,17000,18000,907000
1780741425,809680000,1061,1,U,N,6068999000000,6068998000000,6068997000000,6068991000000,6068990000000,146071000,53000,17000,18000,18000,6066977000000,6066978000000,6066979000000,6066982000000,6066983000000,320000,203000,17000,18000,907000
1780741425,913441000,1063,1,U,N,6068999000000,6068998000000,6068997000000,6068991000000,6068990000000,146071000,53000,17000,18000,18000,6066977000000,6066978000000,6066979000000,6066982000000,6066983000000,320000,203000,17000,18000,907000
1780741426,11852000,1065,1,U,N,6068999000000,6068998000000,6068997000000,6068991000000,6068990000000,102077000,53000,17000,18000,18000,6066977000000,6066978000000,6066979000000,6066982000000,6066983000000,320000,203000,17000,18000,907000
1780741426,108852000,1067,1,U,N,6068999000000,6068998000000,6068997000000,6068991000000,6068990000000,121235000,53000,17000,18000,18000,6066977000000,6066978000000,6066979000000,6066982000000,6066983000000,320000,203000,17000,18000,907000
1780741426,215392000,1069,1,U,N,6068999000000,6068998000000,6068997000000,6068991000000,6068990000000,165532000,53000,17000,18000,18000,6066977000000,6066978000000,6066979000000,6066982000000,6066983000000,320000,203000,17000,18000,907000
1780741426,314802000,1073,1,U,N,6068999000000,6068998000000,6068997000000,6068991000000,6068990000000,165514000,53000,17000,18000,18000,6066977000000,6066978000000,6066979000000,6066982000000,6066983000000,320000,203000,17000,18000,907000
1780741426,409476000,1075,1,U,N,6068999000000,6068998000000,6068997000000,6068991000000,6068990000000,179303000,44000,17000,18000,18000,6066977000000,6066978000000,6066979000000,6066982000000,6066983000000,320000,203000,17000,18000,907000
1780741426,508992000,1077,1,U,N,6068999000000,6068998000000,6068997000000,6068991000000,6068990000000,106836000,53000,17000,18000,18000,6066977000000,6066978000000,6066979000000,6066982000000,6066983000000,320000,203000,17000,18000,907000
1780741426,612796000,1079,1,U,N,6068999000000,6068998000000,6068997000000,6068991000000,6068990000000,79515000,35000,17000,18000,18000,6066977000000,6066978000000,6066979000000,6066982000000,6066983000000,320000,203000,17000,18000,907000
1780741426,709138000,1082,1,U,N,6068999000000,6068998000000,6068997000000,6068991000000,6068990000000,40245000,35000,17000,18000,18000,6066977000000,6066978000000,6066979000000,6066982000000,6066983000000,320000,203000,17000,18000,907000
1780741426,808848000,1084,1,U,N,6068999000000,6068998000000,6068997000000,6068991000000,6068990000000,40236000,35000,17000,18000,18000,6066977000000,6066978000000,6066979000000,6066982000000,6066983000000,320000,203000,17000,18000,907000
1780741426,910856000,1089,1,U,N,6068999000000,6068998000000,6068997000000,6068991000000,6068990000000,40180000,35000,17000,18000,18000,6066977000000,6066978000000,6066979000000,6066982000000,6066983000000,320000,203000,17000,18000,907000
1780741427,21330000,1091,1,U,N,6068999000000,6068998000000,6068997000000,6068991000000,6068990000000,189799000,35000,17000,18000,18000,6066977000000,6066978000000,6066979000000,6066982000000,6066983000000,320000,203000,17000,18000,907000
1780741427,117293000,1093,1,U,N,6068999000000,6068998000000,6068997000000,6068991000000,6068990000000,226526000,35000,17000,18000,18000,6066977000000,6066978000000,6066979000000,6066982000000,6066983000000,320000,203000,17000,18000,907000
1780741427,211505000,1096,1,U,N,6068999000000,6068998000000,6068997000000,6068991000000,6068990000000,226508000,35000,17000,18000,18000,6066977000000,6066978000000,6066979000000,6066982000000,6066983000000,320000,203000,17000,18000,907000
1780741427,308552000,1099,1,U,N,6068999000000,6068998000000,6068997000000,6068991000000,6068990000000,226508000,35000,17000,18000,18000,6066977000000,6066978000000,6066979000000,6066982000000,6066983000000,320000,203000,17000,18000,907000
1780741427,409586000,1102,1,U,N,6068999000000,6068998000000,6068997000000,6068991000000,6068990000000,212105000,35000,17000,18000,18000,6066977000000,6066978000000,6066979000000,6066982000000,6066983000000,320000,203000,17000,18000,907000
1780741427,510075000,1104,1,U,N,6068999000000,6068998000000,6068997000000,6068991000000,6068990000000,212105000,35000,17000,18000,18000,6066977000000,6066978000000,6066979000000,6066982000000,6066983000000,320000,203000,17000,18000,907000
1780741427,608581000,1106,1,U,N,6068999000000,6068998000000,6068997000000,6068991000000,6068990000000,212105000,35000,17000,18000,18000,6066977000000,6066978000000,6066979000000,6066982000000,6066983000000,320000,203000,17000,18000,907000
1780741427,709036000,1108,1,U,N,6068999000000,6068998000000,6068997000000,6068991000000,6068990000000,212033000,35000,17000,18000,18000,6066977000000,6066978000000,6066979000000,6066982000000,6066983000000,320000,203000,17000,18000,907000
1780741427,809428000,1110,1,U,N,6068999000000,6068998000000,6068997000000,6068991000000,6068990000000,212033000,35000,17000,18000,18000,6066977000000,6066978000000,6066979000000,6066982000000,6066983000000,320000,203000,17000,18000,907000
1780741427,909220000,1112,1,U,N,6068999000000,6068998000000,6068997000000,6068991000000,6068990000000,212033000,35000,17000,18000,18000,6066977000000,6066978000000,6066979000000,6066982000000,6066983000000,320000,203000,17000,18000,907000
1780741428,8640000,1114,1,U,N,6068999000000,6068998000000,6068997000000,6068991000000,6068990000000,212033000,35000,17000,18000,18000,6066977000000,6066978000000,6066979000000,6066982000000,6066983000000,320000,203000,17000,18000,907000
1780741428,108807000,1116,1,U,N,6068999000000,6068998000000,6068997000000,6068991000000,6068990000000,231180000,35000,17000,18000,18000,6066977000000,6066978000000,6066979000000,6066982000000,6066983000000,320000,203000,17000,18000,907000
1780741428,212163000,1118,1,U,N,6068999000000,6068998000000,6068997000000,6068991000000,6068990000000,254359000,44000,17000,18000,18000,6066977000000,6066978000000,6066979000000,6066982000000,6066983000000,320000,203000,17000,18000,907000
1780741428,308807000,1120,1,U,N,6068999000000,6068998000000,6068997000000,6068991000000,6068990000000,254359000,44000,17000,18000,18000,6066977000000,6066978000000,6066979000000,6066982000000,6066983000000,320000,203000,17000,18000,907000
1780741428,408983000,1122,1,U,N,6068999000000,6068998000000,6068997000000,6068991000000,6068990000000,254359000,44000,17000,18000,18000,6066977000000,6066978000000,6066979000000,6066982000000,6066983000000,320000,203000,17000,18000,907000
1780741428,508972000,1124,1,U,N,6068999000000,6068998000000,6068997000000,6068991000000,6068990000000,254359000,44000,17000,18000,18000,6066977000000,6066978000000,6066979000000,6066982000000,6066983000000,320000,203000,17000,18000,907000
1780741428,610259000,1126,1,U,N,6068999000000,6068998000000,6068997000000,6068991000000,6068990000000,254359000,44000,17000,18000,18000,6066977000000,6066978000000,6066979000000,6066982000000,6066983000000,320000,203000,17000,18000,907000
1780741428,708920000,1128,1,U,N,6068999000000,6068998000000,6068997000000,6068991000000,6068990000000,254359000,44000,17000,18000,18000,6066977000000,6066978000000,6066979000000,6066982000000,6066983000000,320000,203000,17000,18000,907000
1780741428,808871000,1130,1,U,N,6068999000000,6068998000000,6068997000000,6068991000000,6068990000000,254359000,44000,17000,18000,18000,6066977000000,6066978000000,6066979000000,6066982000000,6066983000000,320000,203000,17000,18000,907000
1780741428,909799000,1133,1,U,N,6068999000000,6068998000000,6068997000000,6068991000000,6068990000000,254359000,44000,17000,18000,18000,6066977000000,6066978000000,6066979000000,6066982000000,6066983000000,320000,203000,17000,18000,907000
1780741429,9051000,1135,1,U,N,6068999000000,6068998000000,6068997000000,6068991000000,6068990000000,304349000,44000,17000,18000,18000,6066977000000,6066978000000,6066979000000,6066982000000,6066983000000,320000,203000,17000,18000,907000
1780741429,108504000,1137,1,U,N,6068999000000,6068998000000,6068997000000,6068991000000,6068990000000,304349000,44000,17000,18000,18000,6066977000000,6066978000000,6066979000000,6066982000000,6066983000000,320000,203000,17000,18000,907000
1780741429,218817000,1144,1,U,N,6068999000000,6068998000000,6068997000000,6068991000000,6068990000000,304514000,35000,17000,18000,18000,6066977000000,6066978000000,6066979000000,6066982000000,6066983000000,320000,203000,17000,18000,907000
1780741429,309045000,1146,1,U,N,6068999000000,6068998000000,6068997000000,6068991000000,6068990000000,304505000,35000,17000,18000,18000,6066977000000,6066978000000,6066979000000,6066982000000,6066983000000,320000,203000,17000,18000,907000
1780741429,412909000,1148,1,U,N,6068999000000,6068998000000,6068997000000,6068991000000,6068990000000,290697000,35000,17000,18000,18000,6066977000000,6066978000000,6066979000000,6066982000000,6066983000000,320000,203000,17000,18000,907000
1780741429,508097000,1151,1,U,N,6068999000000,6068998000000,6068997000000,6068991000000,6068990000000,274549000,62000,17000,18000,18000,6066977000000,6066978000000,6066979000000,6066982000000,6066983000000,320000,203000,17000,18000,907000
1780741429,608736000,1153,1,U,N,6068999000000,6068998000000,6068997000000,6068991000000,6068990000000,274549000,71000,17000,18000,18000,6066977000000,6066978000000,6066979000000,6066982000000,6066983000000,320000,203000,17000,18000,907000
1780741429,708924000,1155,1,U,N,6068999000000,6068998000000,6068997000000,6068991000000,6068990000000,288497000,35000,17000,18000,18000,6066977000000,6066978000000,6066979000000,6066982000000,6066983000000,320000,203000,17000,18000,907000
1780741429,808850000,1157,1,U,N,6068999000000,6068998000000,6068997000000,6068991000000,6068990000000,288497000,35000,17000,18000,18000,6066977000000,6066978000000,6066979000000,6066982000000,6066983000000,320000,203000,17000,18000,907000
1780741429,914291000,1159,1,U,N,6068999000000,6068998000000,6068997000000,6068991000000,6068990000000,288516000,54000,17000,18000,18000,6066977000000,6066978000000,6066979000000,6066982000000,6066983000000,320000,203000,17000,18000,907000
1780741430,8908000,1161,1,U,N,6068999000000,6068998000000,6068997000000,6068991000000,6068990000000,288516000,54000,17000,18000,18000,6066977000000,6066978000000,6066979000000,6066982000000,6066983000000,320000,203000,17000,18000,907000
1780741430,112296000,1163,1,U,N,6068999000000,6068998000000,6068997000000,6068991000000,6068990000000,288516000,54000,17000,18000,18000,6066977000000,6066978000000,6066979000000,6066982000000,6066983000000,320000,203000,17000,18000,907000
1780741430,214027000,1165,1,U,N,6068999000000,6068998000000,6068997000000,6068991000000,6068990000000,274541000,54000,17000,18000,18000,6066977000000,6066978000000,6066979000000,6066982000000,6066983000000,320000,203000,17000,18000,907000
1780741430,311439000,1167,1,U,N,6068999000000,6068998000000,6068997000000,6068991000000,6068990000000,274541000,54000,17000,18000,18000,6066977000000,6066978000000,6066979000000,6066982000000,6066983000000,320000,203000,17000,18000,907000
1780741430,409183000,1447,1,U,N,6068999000000,6068998000000,6068997000000,6068991000000,6068990000000,274541000,54000,17000,18000,18000,6066977000000,6066978000000,6066979000000,6066982000000,6066983000000,320000,203000,17000,18000,907000
1780741430,513523000,1467,1,U,N,6068999000000,6068998000000,6068997000000,6068991000000,6068990000000,274541000,54000,17000,18000,18000,6066977000000,6066978000000,6066979000000,6066982000000,6066983000000,320000,203000,17000,18000,907000
1780741430,610530000,1469,1,U,N,6068999000000,6068998000000,6068997000000,6068991000000,6068990000000,274541000,54000,17000,18000,18000,6066977000000,6066978000000,6066979000000,6066982000000,6066983000000,320000,203000,17000,18000,907000
1780741430,708962000,1471,1,U,N,6068999000000,6068998000000,6068997000000,6068991000000,6068990000000,274541000,54000,17000,18000,18000,6066977000000,6066978000000,6066979000000,6066982000000,6066983000000,320000,203000,17000,18000,907000
1780741430,809946000,1474,1,U,N,6068999000000,6068998000000,6068997000000,6068991000000,6068990000000,274541000,54000,17000,18000,18000,6066977000000,6066978000000,6066979000000,6066982000000,6066983000000,320000,203000,17000,18000,907000
1780741430,909032000,1476,1,U,N,6068999000000,6068998000000,6068997000000,6068991000000,6068990000000,274541000,54000,17000,18000,18000,6066977000000,6066978000000,6066979000000,6066982000000,6066983000000,320000,203000,17000,18000,907000
1780741431,8707000,1478,1,U,N,6068999000000,6068998000000,6068997000000,6068991000000,6068990000000,274541000,54000,17000,18000,18000,6066977000000,6066978000000,6066979000000,6066982000000,6066983000000,320000,203000,17000,18000,907000
1780741431,113151000,1480,1,U,N,6068999000000,6068998000000,6068997000000,6068991000000,6068990000000,274541000,54000,17000,18000,18000,6066977000000,6066978000000,6066979000000,6066982000000,6066983000000,320000,203000,17000,18000,907000
1780741431,210576000,1482,1,U,N,6068999000000,6068998000000,6068997000000,6068991000000,6068990000000,274541000,54000,17000,18000,18000,6066977000000,6066978000000,6066979000000,6066982000000,6066983000000,320000,203000,17000,18000,907000
1780741431,320187000,1484,1,U,N,6068999000000,6068998000000,6068997000000,6068991000000,6068990000000,274541000,54000,17000,18000,18000,6066977000000,6066978000000,6066979000000,6066982000000,6066983000000,320000,203000,17000,18000,907000
1780741431,416438000,1486,1,U,N,6068999000000,6068998000000,6068997000000,6068991000000,6068990000000,274541000,54000,17000,18000,18000,6066977000000,6066978000000,6066979000000,6066982000000,6066983000000,320000,203000,17000,18000,907000
1780741431,510015000,1488,1,U,N,6068999000000,6068998000000,6068997000000,6068991000000,6068990000000,274541000,54000,17000,18000,18000,6066977000000,6066978000000,6066979000000,6066982000000,6066983000000,320000,203000,17000,18000,907000
1780741431,608548000,1494,1,U,N,6068999000000,6068998000000,6068997000000,6068991000000,6068990000000,274541000,54000,17000,18000,18000,6066977000000,6066978000000,6066979000000,6066982000000,6066983000000,320000,203000,17000,18000,907000
1780741431,710017000,1497,1,U,N,6068999000000,6068998000000,6068997000000,6068991000000,6068990000000,274541000,54000,17000,18000,18000,6066977000000,6066978000000,6066979000000,6066982000000,6066983000000,320000,203000,17000,18000,907000
1780741431,808613000,1499,1,U,N,6068999000000,6068998000000,6068997000000,6068991000000,6068990000000,274541000,54000,17000,18000,18000,6066977000000,6066978000000,6066979000000,6066982000000,6066983000000,320000,203000,17000,18000,907000
1780741431,922840000,1501,1,U,N,6068999000000,6068998000000,6068997000000,6068991000000,6068990000000,274541000,54000,17000,18000,18000,6066977000000,6066978000000,6066979000000,6066982000000,6066983000000,320000,203000,17000,18000,907000
1780741432,10338000,1503,1,U,N,6068999000000,6068998000000,6068997000000,6068991000000,6068990000000,274541000,54000,17000,18000,18000,6066977000000,6066978000000,6066979000000,6066982000000,6066983000000,320000,203000,17000,18000,907000
1780741432,109486000,1506,1,U,N,6068999000000,6068998000000,6068997000000,6068991000000,6068990000000,274541000,54000,17000,18000,18000,6066977000000,6066978000000,6066979000000,6066982000000,6066983000000,320000,203000,17000,18000,907000
1780741432,208808000,1508,1,U,N,6068999000000,6068998000000,6068997000000,6068991000000,6068990000000,274541000,54000,17000,18000,18000,6066977000000,6066978000000,6066979000000,6066982000000,6066983000000,320000,203000,17000,18000,907000
1780741432,308735000,1510,1,U,N,6068999000000,6068998000000,6068997000000,6068991000000,6068990000000,274541000,54000,17000,18000,18000,6066977000000,6066978000000,6066979000000,6066982000000,6066983000000,320000,203000,17000,18000,907000
1780741432,417175000,1512,1,U,N,6068999000000,6068998000000,6068997000000,6068991000000,6068990000000,274541000,54000,17000,18000,18000,6066977000000,6066978000000,6066979000000,6066982000000,6066983000000,320000,203000,17000,18000,907000
1780741432,511747000,1514,1,U,N,6068999000000,6068998000000,6068997000000,6068991000000,6068990000000,274541000,54000,17000,18000,18000,6066977000000,6066978000000,6066979000000,6066982000000,6066983000000,320000,203000,17000,18000,907000
1780741432,608682000,1517,1,U,N,6068999000000,6068998000000,6068997000000,6068991000000,6068990000000,274541000,54000,17000,18000,18000,6066977000000,6066978000000,6066979000000,6066982000000,6066983000000,320000,203000,17000,18000,907000
1780741432,708718000,1519,1,U,N,6068999000000,6068998000000,6068997000000,6068991000000,6068990000000,274541000,54000,17000,18000,18000,6066977000000,6066978000000,6066979000000,6066982000000,6066983000000,320000,203000,17000,18000,907000
1780741432,813102000,1523,1,U,N,6068999000000,6068998000000,6068997000000,6068991000000,6068990000000,274541000,54000,17000,18000,18000,6066977000000,6066978000000,6066979000000,6066982000000,6066983000000,320000,203000,17000,18000,907000
1780741432,908795000,1553,1,U,N,6068999000000,6068998000000,6068997000000,6068991000000,6068990000000,274541000,54000,17000,18000,18000,6066977000000,6066978000000,6066979000000,6066982000000,6066983000000,320000,203000,17000,18000,907000
1780741433,8524000,1593,1,U,N,6068999000000,6068998000000,6068997000000,6068991000000,6068990000000,274541000,54000,17000,18000,18000,6066977000000,6066978000000,6066979000000,6066982000000,6066983000000,320000,203000,17000,18000,907000
1780741433,111093000,1595,1,U,N,6068999000000,6068998000000,6068997000000,6068991000000,6068990000000,274541000,54000,17000,18000,18000,6066977000000,6066978000000,6066979000000,6066982000000,6066983000000,320000,203000,17000,18000,907000
1780741433,208678000,1607,1,U,N,6068999000000,6068998000000,6068997000000,6068991000000,6068990000000,274541000,54000,17000,18000,18000,6066977000000,6066978000000,6066979000000,6066982000000,6066983000000,320000,203000,17000,18000,907000
1780741433,313556000,1609,1,U,N,6068999000000,6068998000000,6068997000000,6068991000000,6068990000000,274541000,54000,17000,18000,18000,6066977000000,6066978000000,6066979000000,6066982000000,6066983000000,320000,203000,17000,18000,907000
1780741433,409046000,1611,1,U,N,6068999000000,6068998000000,6068997000000,6068991000000,6068990000000,274541000,54000,17000,18000,18000,6066977000000,6066978000000,6066979000000,6066982000000,6066983000000,320000,203000,17000,18000,907000
1780741433,508805000,1613,1,U,N,6068999000000,6068998000000,6068997000000,6068991000000,6068990000000,274541000,54000,17000,18000,18000,6066977000000,6066978000000,6066979000000,6066982000000,6066983000000,320000,203000,17000,18000,907000
1780741433,609820000,1615,1,U,N,6068999000000,6068998000000,6068997000000,6068991000000,6068990000000,274541000,54000,17000,18000,18000,6066977000000,6066978000000,6066979000000,6066982000000,6066983000000,320000,203000,17000,18000,907000
1780741433,709928000,1618,1,U,N,6068999000000,6068998000000,6068997000000,6068991000000,6068990000000,274541000,54000,17000,18000,18000,6066977000000,6066978000000,6066979000000,6066982000000,6066983000000,320000,203000,17000,18000,907000
1780741433,808721000,1629,1,U,N,6068999000000,6068998000000,6068997000000,6068991000000,6068990000000,274541000,54000,17000,18000,18000,6066977000000,6066978000000,6066979000000,6066982000000,6066983000000,320000,203000,17000,18000,907000
1780741433,909087000,1632,1,U,N,6068999000000,6068998000000,6068997000000,6068991000000,6068990000000,274541000,54000,17000,18000,18000,6066977000000,6066978000000,6066979000000,6066982000000,6066983000000,320000,203000,17000,18000,907000
1780741434,12511000,1634,1,U,N,6068999000000,6068998000000,6068997000000,6068991000000,6068990000000,274541000,54000,17000,18000,18000,6066977000000,6066978000000,6066979000000,6066982000000,6066983000000,320000,203000,17000,18000,907000
1780741434,113039000,1637,1,U,N,6068999000000,6068998000000,6068997000000,6068991000000,6068990000000,274541000,54000,17000,18000,18000,6066977000000,6066978000000,6066979000000,6066982000000,6066983000000,320000,203000,17000,18000,907000
1780741434,211965000,1639,1,U,N,6068999000000,6068998000000,6068997000000,6068991000000,6068990000000,274541000,54000,17000,18000,18000,6066977000000,6066978000000,6066979000000,6066982000000,6066983000000,320000,203000,17000,18000,907000
1780741434,312076000,1641,1,U,N,6068999000000,6068998000000,6068997000000,6068991000000,6068990000000,274541000,54000,17000,18000,18000,6066977000000,6066978000000,6066979000000,6066982000000,6066983000000,320000,203000,17000,18000,907000
1780741434,411367000,1643,1,U,N,6068999000000,6068998000000,6068997000000,6068991000000,6068990000000,274541000,54000,17000,18000,18000,6066977000000,6066978000000,6066979000000,6066982000000,6066983000000,320000,203000,17000,18000,907000
1780741434,521292000,1645,1,U,N,6068999000000,6068998000000,6068997000000,6068991000000,6068990000000,274541000,54000,17000,18000,18000,6066977000000,6066978000000,6066979000000,6066982000000,6066983000000,320000,203000,17000,18000,907000
1780741434,608874000,1647,1,U,N,6068999000000,6068998000000,6068997000000,6068991000000,6068990000000,274541000,54000,17000,18000,18000,6066977000000,6066978000000,6066979000000,6066982000000,6066983000000,320000,203000,17000,18000,907000
1780741434,709207000,1652,1,U,N,6068999000000,6068998000000,6068997000000,6068991000000,6068990000000,274541000,54000,17000,18000,18000,6066977000000,6066978000000,6066979000000,6066982000000,6066983000000,320000,203000,17000,18000,907000
1780741434,808423000,1654,1,U,N,6068999000000,6068998000000,6068997000000,6068991000000,6068990000000,274541000,54000,17000,18000,18000,6066977000000,6066978000000,6066979000000,6066982000000,6066983000000,320000,203000,17000,18000,907000
1780741434,908530000,1656,1,U,N,6068999000000,6068998000000,6068997000000,6068991000000,6068990000000,274541000,54000,17000,18000,18000,6066977000000,6066978000000,6066979000000,6066982000000,6066983000000,320000,203000,17000,18000,907000
1780741435,13125000,1660,1,U,N,6068999000000,6068998000000,6068997000000,6068991000000,6068990000000,274541000,54000,17000,18000,18000,6066977000000,6066978000000,6066979000000,6066982000000,6066983000000,320000,203000,17000,18000,907000
1780741435,114002000,1662,1,U,N,6068999000000,6068998000000,6068997000000,6068991000000,6068990000000,274541000,54000,17000,18000,18000,6066977000000,6066978000000,6066979000000,6066982000000,6066983000000,320000,203000,17000,18000,907000
1780741435,208424000,1664,1,U,N,6068999000000,6068998000000,6068997000000,6068991000000,6068990000000,274541000,54000,17000,18000,18000,6066977000000,6066978000000,6066979000000,6066982000000,6066983000000,320000,203000,17000,18000,907000
1780741435,310347000,1666,1,U,N,6068999000000,6068998000000,6068997000000,6068991000000,6068990000000,274541000,54000,17000,18000,18000,6066977000000,6066978000000,6066979000000,6066982000000,6066983000000,320000,203000,17000,18000,907000
1780741435,429380000,1668,1,U,N,6068999000000,6068998000000,6068997000000,6068991000000,6068990000000,274541000,54000,17000,18000,18000,6066977000000,6066978000000,6066979000000,6066982000000,6066983000000,320000,203000,17000,18000,907000
1780741435,511158000,1670,1,U,N,6068999000000,6068998000000,6068997000000,6068991000000,6068990000000,274541000,54000,17000,18000,18000,6066977000000,6066978000000,6066979000000,6066982000000,6066983000000,320000,203000,17000,18000,907000
1780741435,613375000,1674,1,U,N,6068999000000,6068998000000,6068997000000,6068991000000,6068990000000,274541000,54000,17000,18000,18000,6066977000000,6066978000000,6066979000000,6066982000000,6066983000000,320000,203000,17000,18000,907000
1780741435,715771000,1676,1,U,N,6068999000000,6068998000000,6068997000000,6068991000000,6068990000000,274541000,54000,17000,18000,18000,6066977000000,6066978000000,6066979000000,6066982000000,6066983000000,320000,203000,17000,18000,907000
1780741435,810207000,1736,1,U,N,6068999000000,6068998000000,6068997000000,6068991000000,6068990000000,274541000,54000,17000,18000,18000,6066977000000,6066978000000,6066979000000,6066982000000,6066983000000,320000,203000,17000,18000,907000
1780741435,908721000,1738,1,U,N,6068999000000,6068998000000,6068997000000,6068991000000,6068990000000,274541000,54000,17000,18000,18000,6066977000000,6066978000000,6066979000000,6066982000000,6066983000000,320000,203000,17000,18000,907000
1780741436,10698000,1740,1,U,N,6068999000000,6068998000000,6068997000000,6068991000000,6068990000000,274541000,54000,17000,18000,18000,6066977000000,6066978000000,6066979000000,6066982000000,6066983000000,320000,203000,17000,18000,907000
1780741436,109177000,1742,1,U,N,6068999000000,6068998000000,6068997000000,6068991000000,6068990000000,274541000,54000,17000,18000,18000,6066977000000,6066978000000,6066979000000,6066982000000,6066983000000,320000,203000,17000,18000,907000
1780741436,208807000,1745,1,U,N,6068999000000,6068998000000,6068997000000,6068991000000,6068990000000,274541000,54000,17000,18000,18000,6066977000000,6066978000000,6066979000000,6066982000000,6066983000000,320000,203000,17000,18000,907000
1780741436,310057000,1747,1,U,N,6068999000000,6068998000000,6068997000000,6068991000000,6068990000000,274541000,54000,17000,18000,18000,6066977000000,6066978000000,6066979000000,6066982000000,6066983000000,320000,203000,17000,18000,907000
1780741436,408803000,1749,1,U,N,6068999000000,6068998000000,6068997000000,6068991000000,6068990000000,274541000,54000,17000,18000,18000,6066977000000,6066978000000,6066979000000,6066982000000,6066983000000,320000,203000,17000,18000,907000
1780741437,50652000,1752,1,U,N,6068999000000,6068998000000,6068997000000,6068991000000,6068990000000,274541000,54000,17000,18000,18000,6066977000000,6066978000000,6066979000000,6066982000000,6066983000000,320000,203000,17000,18000,907000
1780741437,50662000,1754,1,U,N,6068999000000,6068998000000,6068997000000,6068991000000,6068990000000,274541000,54000,17000,18000,18000,6066977000000,6066978000000,6066979000000,6066982000000,6066983000000,320000,203000,17000,18000,907000
1780741437,178118000,1759,1,U,N,6068999000000,6068998000000,6068997000000,6068991000000,6068990000000,274541000,54000,17000,18000,18000,6066977000000,6066978000000,6066979000000,6066982000000,6066983000000,320000,203000,17000,18000,907000
1780741437,178139000,1764,1,U,N,6068999000000,6068998000000,6068997000000,6068991000000,6068990000000,274541000,54000,17000,18000,18000,6066977000000,6066978000000,6066979000000,6066982000000,6066983000000,320000,203000,17000,18000,907000
1780741437,178152000,1768,1,U,N,6068999000000,6068998000000,6068997000000,6068991000000,6068990000000,274541000,54000,17000,18000,18000,6066977000000,6066978000000,6066979000000,6066982000000,6066983000000,320000,203000,17000,18000,907000
1780741437,178213000,1804,1,U,N,6068999000000,6068998000000,6068997000000,6068991000000,6068990000000,274541000,54000,17000,18000,18000,6066977000000,6066978000000,6066979000000,6066982000000,6066983000000,320000,203000,17000,18000,907000
1780741437,178265000,1819,1,U,N,6068999000000,6068998000000,6068997000000,6068991000000,6068990000000,274541000,54000,17000,18000,18000,6066977000000,6066978000000,6066979000000,6066982000000,6066983000000,320000,203000,17000,18000,907000
1780741437,211740000,1821,1,U,N,6068999000000,6068998000000,6068997000000,6068991000000,6068990000000,274541000,54000,17000,18000,18000,6066977000000,6066978000000,6066979000000,6066982000000,6066983000000,320000,203000,17000,18000,907000
1780741437,310033000,1825,1,U,N,6068999000000,6068998000000,6068997000000,6068991000000,6068990000000,274541000,54000,17000,18000,18000,6066977000000,6066978000000,6066979000000,6066982000000,6066983000000,320000,203000,17000,18000,907000
1780741437,408699000,1827,1,U,N,6068999000000,6068998000000,6068997000000,6068991000000,6068990000000,274541000,54000,17000,18000,18000,6066977000000,6066978000000,6066979000000,6066982000000,6066983000000,320000,203000,17000,18000,907000
1780741437,508292000,1830,1,U,N,6068999000000,6068998000000,6068997000000,6068991000000,6068990000000,274541000,54000,17000,18000,18000,6066977000000,6066978000000,6066979000000,6066982000000,6066983000000,320000,203000,17000,18000,907000
1780741437,623706000,1832,1,U,N,6068999000000,6068998000000,6068997000000,6068991000000,6068990000000,274541000,54000,17000,18000,18000,6066977000000,6066978000000,6066979000000,6066982000000,6066983000000,320000,203000,17000,18000,907000
1780741437,713964000,1834,1,U,N,6068999000000,6068998000000,6068997000000,6068991000000,6068990000000,274541000,54000,17000,18000,18000,6066977000000,6066978000000,6066979000000,6066982000000,6066983000000,320000,203000,17000,18000,907000
1780741437,810511000,1836,1,U,N,6068999000000,6068998000000,6068997000000,6068991000000,6068990000000,274541000,54000,17000,18000,18000,6066977000000,6066978000000,6066979000000,6066982000000,6066983000000,320000,203000,17000,18000,907000
1780741437,910694000,1838,1,U,N,6068999000000,6068998000000,6068997000000,6068991000000,6068990000000,274541000,54000,17000,18000,18000,6066977000000,6066978000000,6066979000000,6066982000000,6066983000000,320000,203000,17000,18000,907000
1780741438,12739000,1841,1,U,N,6068999000000,6068998000000,6068997000000,6068991000000,6068990000000,274541000,54000,17000,18000,18000,6066977000000,6066978000000,6066979000000,6066982000000,6066983000000,320000,203000,17000,18000,907000
1780741438,116105000,1899,1,U,N,6068999000000,6068998000000,6068997000000,6068991000000,6068990000000,274541000,54000,17000,18000,18000,6066977000000,6066978000000,6066979000000,6066982000000,6066983000000,320000,203000,17000,18000,907000
1780741438,210894000,1941,1,U,N,6068999000000,6068998000000,6068997000000,6068991000000,6068990000000,274541000,54000,17000,18000,18000,6066977000000,6066978000000,6066979000000,6066982000000,6066983000000,320000,203000,17000,18000,907000
1780741438,310209000,1943,1,U,N,6068999000000,6068998000000,6068997000000,6068991000000,6068990000000,274541000,54000,17000,18000,18000,6066977000000,6066978000000,6066979000000,6066982000000,6066983000000,320000,203000,17000,18000,907000
1780741438,411176000,1945,1,U,N,6068999000000,6068998000000,6068997000000,6068991000000,6068990000000,274541000,54000,17000,18000,18000,6066977000000,6066978000000,6066979000000,6066982000000,6066983000000,320000,203000,17000,18000,907000
1780741438,511911000,1947,1,U,N,6068999000000,6068998000000,6068997000000,6068991000000,6068990000000,274541000,54000,17000,18000,18000,6066977000000,6066978000000,6066979000000,6066982000000,6066983000000,320000,203000,17000,18000,907000
1780741438,610513000,1949,1,U,N,6068999000000,6068998000000,6068997000000,6068991000000,6068990000000,274541000,54000,17000,18000,18000,6066977000000,6066978000000,6066979000000,6066982000000,6066983000000,320000,203000,17000,18000,907000
1780741438,719200000,1951,1,U,N,6068999000000,6068998000000,6068997000000,6068991000000,6068990000000,274541000,54000,17000,18000,18000,6066977000000,6066978000000,6066979000000,6066982000000,6066983000000,320000,203000,17000,18000,907000
1780741438,808749000,1954,1,U,N,6068999000000,6068998000000,6068997000000,6068991000000,6068990000000,274541000,54000,17000,18000,18000,6066977000000,6066978000000,6066979000000,6066982000000,6066983000000,320000,203000,17000,18000,907000
1780741438,908962000,1956,1,U,N,6068999000000,6068998000000,6068997000000,6068991000000,6068990000000,274541000,54000,17000,18000,18000,6066977000000,6066978000000,6066979000000,6066982000000,6066983000000,320000,203000,17000,18000,907000
1780741439,10780000,1958,1,U,N,6068999000000,6068998000000,6068997000000,6068991000000,6068990000000,274541000,54000,17000,18000,18000,6066977000000,6066978000000,6066979000000,6066982000000,6066983000000,320000,203000,17000,18000,907000
1780741439,109928000,1960,1,U,N,6068999000000,6068998000000,6068997000000,6068991000000,6068990000000,274541000,54000,17000,18000,18000,6066977000000,6066978000000,6066979000000,6066982000000,6066983000000,320000,203000,17000,18000,907000
1780741439,210648000,2064,1,U,N,6068999000000,6068998000000,6068997000000,6068991000000,6068990000000,274541000,54000,17000,18000,18000,6066977000000,6066978000000,6066979000000,6066982000000,6066983000000,320000,203000,17000,18000,907000
1780741439,309002000,2066,1,U,N,6068999000000,6068998000000,6068997000000,6068991000000,6068990000000,274541000,54000,17000,18000,18000,6066977000000,6066978000000,6066979000000,6066982000000,6066983000000,320000,203000,17000,18000,907000
1780741439,408366000,2069,1,U,N,6068999000000,6068998000000,6068997000000,6068991000000,6068990000000,274541000,54000,17000,18000,18000,6066977000000,6066978000000,6066979000000,6066982000000,6066983000000,320000,203000,17000,18000,907000
1780741439,509099000,2073,1,U,N,6068999000000,6068998000000,6068997000000,6068991000000,6068990000000,274541000,54000,17000,18000,18000,6066977000000,6066978000000,6066979000000,6066982000000,6066983000000,320000,203000,17000,18000,907000
1780741439,610117000,2075,1,U,N,6068999000000,6068998000000,6068997000000,6068991000000,6068990000000,274541000,54000,17000,18000,18000,6066977000000,6066978000000,6066979000000,6066982000000,6066983000000,320000,203000,17000,18000,907000
1780741439,710365000,2077,1,U,N,6068999000000,6068998000000,6068997000000,6068991000000,6068990000000,274541000,54000,17000,18000,18000,6066977000000,6066978000000,6066979000000,6066982000000,6066983000000,320000,203000,17000,18000,907000
1780741439,813683000,2082,1,U,N,6068999000000,6068998000000,6068997000000,6068991000000,6068990000000,274541000,54000,17000,18000,18000,6066977000000,6066978000000,6066979000000,6066982000000,6066983000000,320000,203000,17000,18000,907000
1780741439,915627000,2084,1,U,N,6068999000000,6068998000000,6068997000000,6068991000000,6068990000000,274541000,54000,17000,18000,18000,6066977000000,6066978000000,6066979000000,6066982000000,6066983000000,320000,203000,17000,18000,907000
1780741440,17713000,2086,1,U,N,6068999000000,6068998000000,6068997000000,6068991000000,6068990000000,274541000,54000,17000,18000,18000,6066977000000,6066978000000,6066979000000,6066982000000,6066983000000,320000,203000,17000,18000,907000
1780741440,108889000,2089,1,U,N,6068999000000,6068998000000,6068997000000,6068991000000,6068990000000,274541000,54000,17000,18000,18000,6066977000000,6066978000000,6066979000000,6066982000000,6066983000000,320000,203000,17000,18000,907000
1780741440,213964000,2192,1,U,N,6068999000000,6068998000000,6068997000000,6068991000000,6068990000000,274541000,54000,17000,18000,18000,6066601000000,6066602000000,6066603000000,6066657000000,6066977000000,305052000,27000,17000,5342000,320000
1780741440,310340000,2196,1,U,N,6068999000000,6068998000000,6068997000000,6068991000000,6068990000000,274541000,54000,17000,18000,18000,6066601000000,6066602000000,6066603000000,6066657000000,6066977000000,383172000,27000,17000,5351000,320000
1780741440,408597000,2198,1,U,N,6068999000000,6068998000000,6068997000000,6068991000000,6068990000000,274541000,54000,17000,18000,18000,6066601000000,6066602000000,6066603000000,6066657000000,6066977000000,385181000,27000,17000,5351000,320000
1780741440,508829000,2249,1,U,N,6068999000000,6068998000000,6068997000000,6068991000000,6068990000000,274541000,54000,17000,18000,18000,6066235000000,6066236000000,6066237000000,6066256000000,6066601000000,340445000,542000,17000,18000,385181000
1780741440,612667000,2251,1,U,N,6068999000000,6068998000000,6068997000000,6068991000000,6068990000000,274541000,54000,17000,18000,18000,6066235000000,6066236000000,6066237000000,6066256000000,6066601000000,246003000,542000,17000,18000,385181000
1780741440,711915000,2253,1,U,N,6068999000000,6068998000000,6068997000000,6068991000000,6068990000000,274541000,54000,17000,18000,18000,6066235000000,6066236000000,6066237000000,6066256000000,6066330000000,4222000,17000,17000,18000,9000
1780741440,813116000,2256,1,U,N,6068999000000,6068998000000,6068997000000,6068991000000,6068990000000,274541000,54000,17000,18000,18000,6066235000000,6066236000000,6066237000000,6066256000000,6066330000000,130000,17000,17000,18000,9000
1780741440,911634000,2289,1,U,N,6068999000000,6068998000000,6068997000000,6068991000000,6068990000000,274541000,54000,17000,18000,18000,6066235000000,6066236000000,6066237000000,6066256000000,6066330000000,130000,17000,17000,18000,9000
1780741441,8677000,2291,1,U,N,6068999000000,6068998000000,6068997000000,6068991000000,6068990000000,274541000,54000,17000,18000,18000,6066235000000,6066236000000,6066237000000,6066256000000,6066330000000,130000,17000,17000,18000,9000
1780741441,111977000,2293,1,U,N,6068999000000,6068998000000,6068997000000,6068991000000,6068990000000,274541000,54000,17000,18000,18000,6066235000000,6066236000000,6066237000000,6066256000000,6066330000000,130000,17000,17000,18000,9000
1780741441,209424000,2295,1,U,N,6068999000000,6068998000000,6068997000000,6068991000000,6068990000000,274541000,54000,17000,18000,18000,6066235000000,6066236000000,6066237000000,6066256000000,6066330000000,130000,17000,17000,18000,9000
1780741441,309093000,2297,1,U,N,6068999000000,6068998000000,6068997000000,6068991000000,6068990000000,274541000,54000,17000,18000,18000,6066235000000,6066236000000,6066237000000,6066256000000,6066330000000,130000,17000,17000,18000,9000
1780741441,408678000,2299,1,U,N,6068999000000,6068998000000,6068997000000,6068991000000,6068990000000,274541000,54000,17000,18000,18000,6066235000000,6066236000000,6066237000000,6066256000000,6066330000000,130000,17000,17000,18000,9000
1780741441,513663000,2304,1,U,N,6068999000000,6068998000000,6068997000000,6068991000000,6068990000000,274541000,54000,17000,18000,18000,6066235000000,6066236000000,6066237000000,6066256000000,6066330000000,130000,17000,17000,18000,9000
1780741441,608914000,2307,1,U,N,6068999000000,6068998000000,6068997000000,6068991000000,6068990000000,274541000,54000,17000,18000,18000,6066235000000,6066236000000,6066237000000,6066256000000,6066330000000,130000,17000,17000,18000,9000
1780741441,708892000,2310,1,U,N,6068999000000,6068998000000,6068997000000,6068991000000,6068990000000,274541000,54000,17000,18000,18000,6066235000000,6066236000000,6066237000000,6066256000000,6066330000000,130000,17000,17000,18000,9000
1780741441,813292000,2312,1,U,N,6068999000000,6068998000000,6068997000000,6068991000000,6068990000000,274541000,54000,17000,18000,18000,6066235000000,6066236000000,6066237000000,6066256000000,6066330000000,130000,17000,17000,18000,9000
1780741441,909049000,2314,1,U,N,6068999000000,6068998000000,6068997000000,6068991000000,6068990000000,274541000,54000,17000,18000,18000,6066235000000,6066236000000,6066237000000,6066256000000,6066330000000,130000,17000,17000,18000,9000
1780741442,12578000,2316,1,U,N,6068999000000,6068998000000,6068997000000,6068991000000,6068990000000,274541000,54000,17000,18000,18000,6066235000000,6066236000000,6066237000000,6066256000000,6066330000000,130000,17000,17000,18000,9000
1780741442,109293000,2318,1,U,N,6068999000000,6068998000000,6068997000000,6068991000000,6068990000000,274541000,54000,17000,18000,18000,6066235000000,6066236000000,6066237000000,6066256000000,6066330000000,130000,17000,17000,18000,9000
1780741442,211201000,2320,1,U,N,6068999000000,6068998000000,6068997000000,6068991000000,6068990000000,274541000,54000,17000,18000,18000,6066235000000,6066236000000,6066237000000,6066256000000,6066330000000,130000,17000,17000,18000,9000
1780741442,312417000,2322,1,U,N,6068999000000,6068998000000,6068997000000,6068991000000,6068990000000,274541000,54000,17000,18000,18000,6066235000000,6066236000000,6066237000000,6066256000000,6066330000000,130000,17000,17000,18000,9000
1780741442,409844000,2324,1,U,N,6068999000000,6068998000000,6068997000000,6068991000000,6068990000000,274541000,54000,17000,18000,18000,6066235000000,6066236000000,6066237000000,6066256000000,6066330000000,130000,17000,17000,18000,9000
1780741442,512073000,2326,1,U,N,6068999000000,6068998000000,6068997000000,6068991000000,6068990000000,274541000,54000,17000,18000,18000,6066235000000,6066236000000,6066237000000,6066256000000,6066330000000,130000,17000,17000,18000,9000
1780741442,608959000,2328,1,U,N,6068999000000,6068998000000,6068997000000,6068991000000,6068990000000,274541000,54000,17000,18000,18000,6066235000000,6066236000000,6066237000000,6066256000000,6066330000000,130000,17000,17000,18000,9000
1780741442,709132000,2333,1,U,N,6068999000000,6068998000000,6068997000000,6068991000000,6068990000000,274541000,54000,17000,18000,18000,6066235000000,6066236000000,6066237000000,6066256000000,6066330000000,130000,17000,17000,18000,9000
1780741442,810175000,2335,1,U,N,6068999000000,6068998000000,6068997000000,6068991000000,6068990000000,274541000,54000,17000,18000,18000,6066235000000,6066236000000,6066237000000,6066256000000,6066330000000,130000,17000,17000,18000,9000
1780741442,911066000,2339,1,U,N,6068999000000,6068998000000,6068997000000,6068991000000,6068990000000,274541000,54000,17000,18000,18000,6066235000000,6066236000000,6066237000000,6066256000000,6066330000000,130000,17000,17000,18000,9000
1780741443,9063000,2341,1,U,N,6068999000000,6068998000000,6068997000000,6068991000000,6068990000000,274541000,54000,17000,18000,18000,6066235000000,6066236000000,6066237000000,6066256000000,6066330000000,130000,17000,17000,18000,9000
1780741443,108665000,2343,1,U,N,6068999000000,6068998000000,6068997000000,6068991000000,6068990000000,274541000,54000,17000,18000,18000,6066235000000,6066236000000,6066237000000,6066256000000,6066330000000,130000,17000,17000,18000,9000
1780741443,231220000,2345,1,U,N,6068999000000,6068998000000,6068997000000,6068991000000,6068990000000,274541000,54000,17000,18000,18000,6066235000000,6066236000000,6066237000000,6066256000000,6066330000000,130000,17000,17000,18000,9000
1780741443,312929000,2347,1,U,N,6068999000000,6068998000000,6068997000000,6068991000000,6068990000000,274541000,54000,17000,18000,18000,6066235000000,6066236000000,6066237000000,6066256000000,6066330000000,130000,17000,17000,18000,9000
1780741443,817793000,2401,1,U,N,6068999000000,6068998000000,6068997000000,6068991000000,6068990000000,274541000,54000,17000,18000,18000,6066235000000,6066236000000,6066237000000,6066256000000,6066330000000,130000,17000,17000,18000,9000
1780741443,817822000,2404,1,U,N,6068999000000,6068998000000,6068997000000,6068991000000,6068990000000,274541000,54000,17000,18000,18000,6066235000000,6066236000000,6066237000000,6066256000000,6066330000000,130000,17000,17000,18000,9000
1780741443,817839000,2406,1,U,N,6068999000000,6068998000000,6068997000000,6068991000000,6068990000000,274541000,54000,17000,18000,18000,6066235000000,6066236000000,6066237000000,6066256000000,6066330000000,130000,17000,17000,18000,9000
1780741443,817854000,2408,1,U,N,6068999000000,6068998000000,6068997000000,6068991000000,6068990000000,274541000,54000,17000,18000,18000,6066235000000,6066236000000,6066237000000,6066256000000,6066330000000,130000,17000,17000,18000,9000
1780741443,817888000,2410,1,U,N,6068999000000,6068998000000,6068997000000,6068991000000,6068990000000,274541000,54000,17000,18000,18000,6066235000000,6066236000000,6066237000000,6066256000000,6066330000000,130000,17000,17000,18000,9000
1780741444,11555000,2413,1,U,N,6068999000000,6068998000000,6068997000000,6068991000000,6068990000000,274541000,54000,17000,18000,18000,6066235000000,6066236000000,6066237000000,6066256000000,6066330000000,130000,17000,17000,18000,9000
1780741444,11599000,2417,1,U,N,6068999000000,6068998000000,6068997000000,6068991000000,6068990000000,274541000,54000,17000,18000,18000,6066235000000,6066236000000,6066237000000,6066256000000,6066330000000,130000,17000,17000,18000,9000
1780741444,158744000,2419,1,U,N,6068999000000,6068998000000,6068997000000,6068991000000,6068990000000,274541000,54000,17000,18000,18000,6066235000000,6066236000000,6066237000000,6066256000000,6066330000000,130000,17000,17000,18000,9000
1780741444,215607000,2421,1,U,N,6068999000000,6068998000000,6068997000000,6068991000000,6068990000000,274541000,54000,17000,18000,18000,6066235000000,6066236000000,6066237000000,6066256000000,6066330000000,130000,17000,17000,18000,9000
1780741444,309428000,2423,1,U,N,6068999000000,6068998000000,6068997000000,6068991000000,6068990000000,274541000,54000,17000,18000,18000,6066235000000,6066236000000,6066237000000,6066256000000,6066330000000,130000,17000,17000,18000,9000
1780741444,409453000,2426,1,U,N,6068999000000,6068998000000,6068997000000,6068991000000,6068990000000,274541000,54000,17000,18000,18000,6066235000000,6066236000000,6066237000000,6066256000000,6066330000000,130000,17000,17000,18000,9000
1780741444,508975000,2437,1,U,N,6068999000000,6068998000000,6068997000000,6068991000000,6068990000000,274541000,54000,17000,18000,18000,6066235000000,6066236000000,6066237000000,6066256000000,6066330000000,130000,17000,17000,18000,9000
1780741444,612788000,2439,1,U,N,6068999000000,6068998000000,6068997000000,6068991000000,6068990000000,274541000,54000,17000,18000,18000,6066235000000,6066236000000,6066237000000,6066256000000,6066330000000,130000,17000,17000,18000,9000
1780741444,708997000,2447,1,U,N,6068999000000,6068998000000,6068997000000,6068991000000,6068990000000,274541000,54000,17000,18000,18000,6066235000000,6066236000000,6066237000000,6066256000000,6066330000000,130000,17000,17000,18000,9000
1780741444,808744000,2449,1,U,N,6068999000000,6068998000000,6068997000000,6068991000000,6068990000000,274541000,54000,17000,18000,18000,6066235000000,6066236000000,6066237000000,6066256000000,6066330000000,130000,17000,17000,18000,9000
1780741444,909377000,2451,1,U,N,6068999000000,6068998000000,6068997000000,6068991000000,6068990000000,274541000,54000,17000,18000,18000,6066235000000,6066236000000,6066237000000,6066256000000,6066330000000,130000,17000,17000,18000,9000
1780741445,8714000,2453,1,U,N,6068999000000,6068998000000,6068997000000,6068991000000,6068990000000,274541000,54000,17000,18000,18000,6066235000000,6066236000000,6066237000000,6066256000000,6066330000000,130000,17000,17000,18000,9000
1780741445,111242000,2455,1,U,N,6068999000000,6068998000000,6068997000000,6068991000000,6068990000000,274541000,54000,17000,18000,18000,6066235000000,6066236000000,6066237000000,6066256000000,6066330000000,130000,17000,17000,18000,9000
1780741445,210040000,2457,1,U,N,6068999000000,6068998000000,6068997000000,6068991000000,6068990000000,274541000,54000,17000,18000,18000,6066235000000,6066236000000,6066237000000,6066256000000,6066330000000,130000,17000,17000,18000,9000
1780741445,309509000,2459,1,U,N,6068999000000,6068998000000,6068997000000,6068991000000,6068990000000,274541000,54000,17000,18000,18000,6066235000000,6066236000000,6066237000000,6066256000000,6066330000000,130000,17000,17000,18000,9000
1780741445,411040000,2496,1,U,N,6068999000000,6068998000000,6068997000000,6068991000000,6068990000000,274541000,54000,17000,18000,18000,6066235000000,6066236000000,6066237000000,6066256000000,6066330000000,130000,17000,17000,18000,9000
1780741445,510262000,2498,1,U,N,6068999000000,6068998000000,6068997000000,6068991000000,6068990000000,274541000,54000,17000,18000,18000,6066235000000,6066236000000,6066237000000,6066256000000,6066330000000,130000,17000,17000,18000,9000
1780741445,609210000,2500,1,U,N,6068999000000,6068998000000,6068997000000,6068991000000,6068990000000,274541000,54000,17000,18000,18000,6066235000000,6066236000000,6066237000000,6066256000000,6066330000000,130000,17000,17000,18000,9000
1780741445,709401000,2503,1,U,N,6068999000000,6068998000000,6068997000000,6068991000000,6068990000000,274541000,54000,17000,18000,18000,6066235000000,6066236000000,6066237000000,6066256000000,6066330000000,130000,17000,17000,18000,9000
1780741445,832135000,2505,1,U,N,6068999000000,6068998000000,6068997000000,6068991000000,6068990000000,274541000,54000,17000,18000,18000,6066235000000,6066236000000,6066237000000,6066256000000,6066330000000,130000,17000,17000,18000,9000
1780741445,914748000,2508,1,U,N,6068999000000,6068998000000,6068997000000,6068991000000,6068990000000,274541000,54000,17000,18000,18000,6066235000000,6066236000000,6066237000000,6066256000000,6066330000000,130000,17000,17000,18000,9000
1780741446,8522000,2566,1,U,N,6068999000000,6068998000000,6068997000000,6068991000000,6068990000000,274541000,54000,17000,18000,18000,6066235000000,6066236000000,6066237000000,6066239000000,6066240000000,130000,17000,17000,528465000,17000
1780741446,108547000,2568,1,U,N,6068999000000,6068998000000,6068997000000,6068991000000,6068990000000,274541000,54000,17000,18000,18000,6066235000000,6066236000000,6066237000000,6066239000000,6066240000000,130000,17000,17000,466312000,280000
1780741446,209552000,2570,1,U,N,6068999000000,6068998000000,6068997000000,6068991000000,6068990000000,274541000,54000,17000,18000,18000,6066235000000,6066236000000,6066237000000,6066239000000,6066240000000,130000,17000,17000,398231000,17000
1780741446,308526000,2572,1,U,N,6068999000000,6068998000000,6068997000000,6068991000000,6068990000000,274541000,54000,17000,18000,18000,6066235000000,6066236000000,6066237000000,6066239000000,6066240000000,130000,17000,17000,398238000,53000
1780741446,410380000,2576,1,U,N,6068999000000,6068998000000,6068997000000,6068991000000,6068990000000,274541000,54000,17000,18000,18000,6066235000000,6066236000000,6066237000000,6066239000000,6066240000000,130000,17000,17000,310637000,53000
1780741446,521170000,2580,1,U,N,6068999000000,6068998000000,6068997000000,6068991000000,6068990000000,274541000,54000,17000,18000,18000,6066235000000,6066236000000,6066237000000,6066239000000,6066240000000,130000,17000,17000,114000,26000
1780741446,608924000,2582,1,U,N,6068999000000,6068998000000,6068997000000,6068991000000,6068990000000,274541000,54000,17000,18000,18000,6066235000000,6066236000000,6066237000000,6066239000000,6066240000000,130000,17000,17000,115000,17000
1780741446,709433000,2586,1,U,N,6068999000000,6068998000000,6068997000000,6068991000000,6068990000000,274541000,54000,17000,18000,18000,6066235000000,6066236000000,6066237000000,6066239000000,6066240000000,130000,17000,17000,108000,17000
1780741446,810852000,2588,1,U,N,6068999000000,6068998000000,6068997000000,6068991000000,6068990000000,274541000,54000,17000,18000,18000,6066235000000,6066236000000,6066237000000,6066239000000,6066240000000,130000,17000,17000,108000,17000
1780741446,910041000,2590,1,U,N,6068999000000,6068998000000,6068997000000,6068991000000,6068990000000,274541000,54000,17000,18000,18000,6066235000000,6066236000000,6066237000000,6066239000000,6066240000000,130000,17000,17000,108000,17000
1780741447,9593000,2626,1,U,N,6068999000000,6068998000000,6068997000000,6068991000000,6068990000000,274541000,54000,17000,18000,18000,6066235000000,6066236000000,6066237000000,6066239000000,6066240000000,130000,17000,17000,108000,17000
1780741447,109376000,2628,1,U,N,6068999000000,6068998000000,6068997000000,6068991000000,6068990000000,274541000,54000,17000,18000,18000,6066235000000,6066236000000,6066237000000,6066239000000,6066240000000,130000,17000,17000,108000,17000
1780741447,213083000,2630,1,U,N,6068999000000,6068998000000,6068997000000,6068991000000,6068990000000,274541000,54000,17000,18000,18000,6066235000000,6066236000000,6066237000000,6066239000000,6066240000000,130000,17000,17000,108000,17000
1780741447,308991000,2632,1,U,N,6068999000000,6068998000000,6068997000000,6068991000000,6068990000000,274541000,54000,17000,18000,18000,6066235000000,6066236000000,6066237000000,6066239000000,6066240000000,130000,17000,17000,108000,17000
1780741447,409611000,2635,1,U,N,6068999000000,6068998000000,6068997000000,6068991000000,6068990000000,274541000,54000,17000,18000,18000,6066235000000,6066236000000,6066237000000,6066239000000,6066240000000,130000,17000,17000,108000,17000
1780741447,509285000,2637,1,U,N,6068999000000,6068998000000,6068997000000,6068991000000,6068990000000,274541000,54000,17000,18000,18000,6066235000000,6066236000000,6066237000000,6066239000000,6066240000000,130000,17000,17000,108000,17000
1780741448,24515000,2641,1,U,N,6068999000000,6068998000000,6068997000000,6068991000000,6068990000000,274541000,54000,17000,18000,18000,6066235000000,6066236000000,6066237000000,6066239000000,6066240000000,130000,17000,17000,108000,17000
1780741448,24545000,2643,1,U,N,6068999000000,6068998000000,6068997000000,6068991000000,6068990000000,274541000,54000,17000,18000,18000,6066235000000,6066236000000,6066237000000,6066239000000,6066240000000,130000,17000,17000,108000,17000
1780741448,24561000,2645,1,U,N,6068999000000,6068998000000,6068997000000,6068991000000,6068990000000,274541000,54000,17000,18000,18000,6066235000000,6066236000000,6066237000000,6066239000000,6066240000000,130000,17000,17000,108000,17000
1780741448,24589000,2647,1,U,N,6068999000000,6068998000000,6068997000000,6068991000000,6068990000000,274541000,54000,17000,18000,18000,6066235000000,6066236000000,6066237000000,6066239000000,6066240000000,130000,17000,17000,108000,17000
1780741448,24610000,2649,1,U,N,6068999000000,6068998000000,6068997000000,6068991000000,6068990000000,274541000,54000,17000,18000,18000,6066235000000,6066236000000,6066237000000,6066239000000,6066240000000,130000,17000,17000,108000,17000
1780741448,108959000,2651,1,U,N,6068999000000,6068998000000,6068997000000,6068991000000,6068990000000,274541000,54000,17000,18000,18000,6066235000000,6066236000000,6066237000000,6066239000000,6066240000000,130000,17000,17000,108000,17000
1780741448,210289000,2653,1,U,N,6068999000000,6068998000000,6068997000000,6068991000000,6068990000000,274541000,54000,17000,18000,18000,6066235000000,6066236000000,6066237000000,6066239000000,6066240000000,130000,17000,17000,108000,17000
1780741448,311293000,2655,1,U,N,6068999000000,6068998000000,6068997000000,6068991000000,6068990000000,274541000,54000,17000,18000,18000,6066235000000,6066236000000,6066237000000,6066239000000,6066240000000,130000,17000,17000,108000,17000
1780741448,416701000,2657,1,U,N,6068999000000,6068998000000,6068997000000,6068991000000,6068990000000,274541000,54000,17000,18000,18000,6066235000000,6066236000000,6066237000000,6066239000000,6066240000000,130000,17000,17000,108000,17000
1780741448,516291000,2659,1,U,N,6068999000000,6068998000000,6068997000000,6068991000000,6068990000000,274541000,54000,17000,18000,18000,6066235000000,6066236000000,6066237000000,6066239000000,6066240000000,130000,17000,17000,108000,17000
1780741448,609198000,2661,1,U,N,6068999000000,6068998000000,6068997000000,6068991000000,6068990000000,274541000,54000,17000,18000,18000,6066235000000,6066236000000,6066237000000,6066239000000,6066240000000,130000,17000,17000,108000,17000
1780741448,709310000,2663,1,U,N,6068999000000,6068998000000,6068997000000,6068991000000,6068990000000,274541000,54000,17000,18000,18000,6066235000000,6066236000000,6066237000000,6066239000000,6066240000000,130000,17000,17000,108000,17000
1780741449,303119000,2665,1,U,N,6068999000000,6068998000000,6068997000000,6068991000000,6068990000000,274541000,54000,17000,18000,18000,6066235000000,6066236000000,6066237000000,6066239000000,6066240000000,130000,17000,17000,108000,17000
1780741449,303138000,2669,1,U,N,6068999000000,6068998000000,6068997000000,6068991000000,6068990000000,274541000,54000,17000,18000,18000,6066235000000,6066236000000,6066237000000,6066239000000,6066240000000,130000,17000,17000,108000,17000
1780741449,303147000,2671,1,U,N,6068999000000,6068998000000,6068997000000,6068991000000,6068990000000,274541000,54000,17000,18000,18000,6066235000000,6066236000000,6066237000000,6066239000000,6066240000000,130000,17000,17000,108000,17000
1780741449,303161000,2673,1,U,N,6068999000000,6068998000000,6068997000000,6068991000000,6068990000000,274541000,54000,17000,18000,18000,6066235000000,6066236000000,6066237000000,6066239000000,6066240000000,130000,17000,17000,108000,17000
1780741449,303170000,2675,1,U,N,6068999000000,6068998000000,6068997000000,6068991000000,6068990000000,274541000,54000,17000,18000,18000,6066235000000,6066236000000,6066237000000,6066239000000,6066240000000,130000,17000,17000,108000,17000
1780741449,399278000,2679,1,U,N,6068999000000,6068998000000,6068997000000,6068991000000,6068990000000,274541000,54000,17000,18000,18000,6066235000000,6066236000000,6066237000000,6066239000000,6066240000000,130000,17000,17000,108000,17000
1780741449,408921000,2681,1,U,N,6068999000000,6068998000000,6068997000000,6068991000000,6068990000000,274541000,54000,17000,18000,18000,6066235000000,6066236000000,6066237000000,6066239000000,6066240000000,130000,17000,17000,108000,17000
1780741449,509459000,2683,1,U,N,6068999000000,6068998000000,6068997000000,6068991000000,6068990000000,274541000,54000,17000,18000,18000,6066235000000,6066236000000,6066237000000,6066239000000,6066240000000,130000,17000,17000,108000,17000
1780741449,682152000,2687,1,U,N,6068999000000,6068998000000,6068997000000,6068991000000,6068990000000,274541000,54000,17000,18000,18000,6066235000000,6066236000000,6066237000000,6066239000000,6066240000000,130000,17000,17000,108000,17000
1780741449,709679000,2689,1,U,N,6068999000000,6068998000000,6068997000000,6068991000000,6068990000000,274541000,54000,17000,18000,18000,6066235000000,6066236000000,6066237000000,6066239000000,6066240000000,130000,17000,17000,108000,17000
1780741449,808793000,2691,1,U,N,6068999000000,6068998000000,6068997000000,6068991000000,6068990000000,274541000,54000,17000,18000,18000,6066235000000,6066236000000,6066237000000,6066239000000,6066240000000,130000,17000,17000,108000,17000
1780741449,908946000,2693,1,U,N,6068999000000,6068998000000,6068997000000,6068991000000,6068990000000,274541000,54000,17000,18000,18000,6066235000000,6066236000000,6066237000000,6066239000000,6066240000000,130000,17000,17000,108000,17000
1780741450,13242000,2695,1,U,N,6068999000000,6068998000000,6068997000000,6068991000000,6068990000000,274541000,54000,17000,18000,18000,6066235000000,6066236000000,6066237000000,6066239000000,6066240000000,130000,17000,17000,108000,17000
1780741450,110224000,2697,1,U,N,6068999000000,6068998000000,6068997000000,6068991000000,6068990000000,274541000,54000,17000,18000,18000,6066235000000,6066236000000,6066237000000,6066239000000,6066240000000,130000,17000,17000,108000,17000
1780741450,210134000,2699,1,U,N,6068999000000,6068998000000,6068997000000,6068991000000,6068990000000,274541000,54000,17000,18000,18000,6066235000000,6066236000000,6066237000000,6066239000000,6066240000000,130000,17000,17000,108000,17000
1780741450,315604000,2706,1,U,N,6068999000000,6068998000000,6068997000000,6068991000000,6068990000000,274541000,54000,17000,18000,18000,6066235000000,6066236000000,6066237000000,6066239000000,6066240000000,130000,17000,17000,108000,17000
1780741450,409317000,2708,1,U,N,6068999000000,6068998000000,6068997000000,6068991000000,6068990000000,274541000,54000,17000,18000,18000,6066235000000,6066236000000,6066237000000,6066239000000,6066240000000,130000,17000,17000,108000,17000
1780741450,509180000,2710,1,U,N,6068999000000,6068998000000,6068997000000,6068991000000,6068990000000,274541000,54000,17000,18000,18000,6066235000000,6066236000000,6066237000000,6066239000000,6066240000000,130000,17000,17000,108000,17000
1780741450,614018000,2712,1,U,N,6068999000000,6068998000000,6068997000000,6068991000000,6068990000000,274541000,54000,17000,18000,18000,6066235000000,6066236000000,6066237000000,6066239000000,6066240000000,130000,17000,17000,108000,17000
1780741450,713133000,2714,1,U,N,6068999000000,6068998000000,6068997000000,6068991000000,6068990000000,274541000,54000,17000,18000,18000,6066235000000,6066236000000,6066237000000,6066239000000,6066240000000,130000,17000,17000,108000,17000
1780741450,812887000,2716,1,U,N,6068999000000,6068998000000,6068997000000,6068991000000,6068990000000,274541000,54000,17000,18000,18000,6066235000000,6066236000000,6066237000000,6066239000000,6066240000000,130000,17000,17000,108000,17000
1780741450,909257000,2718,1,U,N,6068999000000,6068998000000,6068997000000,6068991000000,6068990000000,274541000,54000,17000,18000,18000,6066235000000,6066236000000,6066237000000,6066239000000,6066240000000,130000,17000,17000,108000,17000
1780741451,12994000,2720,1,U,N,6068999000000,6068998000000,6068997000000,6068991000000,6068990000000,274541000,54000,17000,18000,18000,6066235000000,6066236000000,6066237000000,6066239000000,6066240000000,130000,17000,17000,108000,17000
1780741451,115617000,2722,1,U,N,6068999000000,6068998000000,6068997000000,6068991000000,6068990000000,274541000,54000,17000,18000,18000,6066235000000,6066236000000,6066237000000,6066239000000,6066240000000,130000,17000,17000,108000,17000
1780741451,208815000,2724,1,U,N,6068999000000,6068998000000,6068997000000,6068991000000,6068990000000,274541000,54000,17000,18000,18000,6066235000000,6066236000000,6066237000000,6066239000000,6066240000000,130000,17000,17000,108000,17000
1780741451,320308000,2726,1,U,N,6068999000000,6068998000000,6068997000000,6068991000000,6068990000000,274541000,54000,17000,18000,18000,6066235000000,6066236000000,6066237000000,6066239000000,6066240000000,130000,17000,17000,108000,17000
1780741451,410681000,2728,1,U,N,6068999000000,6068998000000,6068997000000,6068991000000,6068990000000,274541000,54000,17000,18000,18000,6066235000000,6066236000000,6066237000000,6066239000000,6066240000000,130000,17000,17000,108000,17000
1780741451,512900000,2731,1,U,N,6068999000000,6068998000000,6068997000000,6068991000000,6068990000000,274541000,54000,17000,18000,18000,6066235000000,6066236000000,6066237000000,6066239000000,6066240000000,130000,17000,17000,108000,17000
1780741451,609941000,2733,1,U,N,6068999000000,6068998000000,6068997000000,6068991000000,6068990000000,274541000,54000,17000,18000,18000,6066235000000,6066236000000,6066237000000,6066239000000,6066240000000,130000,17000,17000,108000,17000
1780741451,709215000,2735,1,U,N,6068999000000,6068998000000,6068997000000,6068991000000,6068990000000,274541000,54000,17000,18000,18000,6066235000000,6066236000000,6066237000000,6066239000000,6066240000000,130000,17000,17000,108000,17000
1780741451,808736000,2737,1,U,N,6068999000000,6068998000000,6068997000000,6068991000000,6068990000000,274541000,54000,17000,18000,18000,6066235000000,6066236000000,6066237000000,6066239000000,6066240000000,130000,17000,17000,108000,17000
1780741451,909251000,2739,1,U,N,6068999000000,6068998000000,6068997000000,6068991000000,6068990000000,274541000,54000,17000,18000,18000,6066235000000,6066236000000,6066237000000,6066239000000,6066240000000,130000,17000,17000,108000,17000
1780741452,9490000,2741,1,U,N,6068999000000,6068998000000,6068997000000,6068991000000,6068990000000,274541000,54000,17000,18000,18000,6066235000000,6066236000000,6066237000000,6066239000000,6066240000000,130000,17000,17000,108000,17000
1780741452,109069000,2743,1,U,N,6068999000000,6068998000000,6068997000000,6068991000000,6068990000000,274541000,54000,17000,18000,18000,6066235000000,6066236000000,6066237000000,6066239000000,6066240000000,130000,17000,17000,108000,17000
1780741452,213605000,2745,1,U,N,6068999000000,6068998000000,6068997000000,6068991000000,6068990000000,274541000,54000,17000,18000,18000,6066235000000,6066236000000,6066237000000,6066239000000,6066240000000,130000,17000,17000,108000,17000
1780741452,308836000,2747,1,U,N,6068999000000,6068998000000,6068997000000,6068991000000,6068990000000,274541000,54000,17000,18000,18000,6066235000000,6066236000000,6066237000000,6066239000000,6066240000000,130000,17000,17000,108000,17000
1780741452,411892000,2749,1,U,N,6068999000000,6068998000000,6068997000000,6068991000000,6068990000000,274541000,54000,17000,18000,18000,6066235000000,6066236000000,6066237000000,6066239000000,6066240000000,130000,17000,17000,108000,17000
1780741452,510052000,2751,1,U,N,6068999000000,6068998000000,6068997000000,6068991000000,6068990000000,274541000,54000,17000,18000,18000,6066235000000,6066236000000,6066237000000,6066239000000,6066240000000,130000,17000,17000,108000,17000
1780741452,614757000,2758,1,U,N,6068999000000,6068998000000,6068997000000,6068991000000,6068990000000,274541000,54000,17000,18000,18000,6066235000000,6066236000000,6066237000000,6066239000000,6066240000000,130000,17000,17000,108000,17000
1780741452,712528000,2760,1,U,N,6068999000000,6068998000000,6068997000000,6068991000000,6068990000000,274541000,54000,17000,18000,18000,6066235000000,6066236000000,6066237000000,6066239000000,6066240000000,130000,17000,17000,108000,17000
1780741452,814742000,2762,1,U,N,6068999000000,6068998000000,6068997000000,6068991000000,6068990000000,274541000,54000,17000,18000,18000,6066235000000,6066236000000,6066237000000,6066239000000,6066240000000,130000,17000,17000,108000,17000
1780741452,919653000,2764,1,U,N,6068999000000,6068998000000,6068997000000,6068991000000,6068990000000,274541000,54000,17000,18000,18000,6066235000000,6066236000000,6066237000000,6066239000000,6066240000000,130000,17000,17000,108000,17000
1780741453,12114000,2766,1,U,N,6068999000000,6068998000000,6068997000000,6068991000000,6068990000000,274541000,54000,17000,18000,18000,6066235000000,6066236000000,6066237000000,6066239000000,6066240000000,130000,17000,17000,108000,17000
1780741453,109214000,2768,1,U,N,6068999000000,6068998000000,6068997000000,6068991000000,6068990000000,274541000,54000,17000,18000,18000,6066235000000,6066236000000,6066237000000,6066239000000,6066240000000,130000,17000,17000,108000,17000
1780741453,209064000,2770,1,U,N,6068999000000,6068998000000,6068997000000,6068991000000,6068990000000,274541000,54000,17000,18000,18000,6066235000000,6066236000000,6066237000000,6066239000000,6066240000000,130000,17000,17000,108000,17000
1780741453,308832000,2772,1,U,N,6068999000000,6068998000000,6068997000000,6068991000000,6068990000000,274541000,54000,17000,18000,18000,6066235000000,6066236000000,6066237000000,6066239000000,6066240000000,130000,17000,17000,108000,17000
1780741453,408986000,2837,1,U,N,6068999000000,6068998000000,6068997000000,6068991000000,6068990000000,274541000,54000,17000,18000,18000,6066235000000,6066236000000,6066237000000,6066239000000,6066240000000,130000,17000,17000,108000,17000
1780741453,508804000,2839,1,U,N,6068999000000,6068998000000,6068997000000,6068991000000,6068990000000,274541000,54000,17000,18000,18000,6066235000000,6066236000000,6066237000000,6066239000000,6066240000000,130000,17000,17000,108000,17000
1780741453,609090000,2841,1,U,N,6068999000000,6068998000000,6068997000000,6068991000000,6068990000000,274541000,54000,17000,18000,18000,6066235000000,6066236000000,6066237000000,6066239000000,6066240000000,130000,17000,17000,108000,17000
1780741453,713137000,2843,1,U,N,6068999000000,6068998000000,6068997000000,6068991000000,6068990000000,274541000,54000,17000,18000,18000,6066235000000,6066236000000,6066237000000,6066239000000,6066240000000,130000,17000,17000,108000,17000
1780741453,817699000,2845,1,U,N,6068999000000,6068998000000,6068997000000,6068991000000,6068990000000,274541000,54000,17000,18000,18000,6066235000000,6066236000000,6066237000000,6066239000000,6066240000000,130000,17000,17000,108000,17000
1780741453,908631000,2847,1,U,N,6068999000000,6068998000000,6068997000000,6068991000000,6068990000000,274541000,54000,17000,18000,18000,6066235000000,6066236000000,6066237000000,6066239000000,6066240000000,130000,17000,17000,108000,17000
1780741454,9156000,2849,1,U,N,6068999000000,6068998000000,6068997000000,6068991000000,6068990000000,274541000,54000,17000,18000,18000,6066235000000,6066236000000,6066237000000,6066239000000,6066240000000,130000,17000,17000,108000,17000
1780741454,110164000,2851,1,U,N,6068999000000,6068998000000,6068997000000,6068991000000,6068990000000,274541000,54000,17000,18000,18000,6066235000000,6066236000000,6066237000000,6066239000000,6066240000000,130000,17000,17000,108000,17000
1780741454,208509000,2853,1,U,N,6068999000000,6068998000000,6068997000000,6068991000000,6068990000000,274541000,54000,17000,18000,18000,6066235000000,6066236000000,6066237000000,6066239000000,6066240000000,130000,17000,17000,108000,17000
1780741454,309023000,2857,1,U,N,6068999000000,6068998000000,6068997000000,6068991000000,6068990000000,274541000,54000,17000,18000,18000,6066235000000,6066236000000,6066237000000,6066239000000,6066240000000,130000,17000,17000,108000,17000
1780741454,409123000,2859,1,U,N,6068999000000,6068998000000,6068997000000,6068991000000,6068990000000,274541000,54000,17000,18000,18000,6066235000000,6066236000000,6066237000000,6066239000000,6066240000000,130000,17000,17000,108000,17000
1780741454,516966000,2861,1,U,N,6068999000000,6068998000000,6068997000000,6068991000000,6068990000000,274541000,54000,17000,18000,18000,6066235000000,6066236000000,6066237000000,6066239000000,6066240000000,130000,17000,17000,108000,17000
1780741454,609722000,2863,1,U,N,6068999000000,6068998000000,6068997000000,6068991000000,6068990000000,274541000,54000,17000,18000,18000,6066235000000,6066236000000,6066237000000,6066239000000,6066240000000,130000,17000,17000,108000,17000
1780741454,712786000,2866,1,U,N,6068999000000,6068998000000,6068997000000,6068991000000,6068990000000,274541000,54000,17000,18000,18000,6066235000000,6066236000000,6066237000000,6066239000000,6066240000000,130000,17000,17000,108000,17000
1780741454,808977000,2868,1,U,N,6068999000000,6068998000000,6068997000000,6068991000000,6068990000000,274541000,54000,17000,18000,18000,6066235000000,6066236000000,6066237000000,6066239000000,6066240000000,130000,17000,17000,108000,17000
1780741454,909316000,2870,1,U,N,6068999000000,6068998000000,6068997000000,6068991000000,6068990000000,274541000,54000,17000,18000,18000,6066235000000,6066236000000,6066237000000,6066239000000,6066240000000,130000,17000,17000,108000,17000
1780741455,9550000,2872,1,U,N,6068999000000,6068998000000,6068997000000,6068991000000,6068990000000,274541000,54000,17000,18000,18000,6066235000000,6066236000000,6066237000000,6066239000000,6066240000000,130000,17000,17000,108000,17000
1780741455,109066000,2874,1,U,N,6068999000000,6068998000000,6068997000000,6068991000000,6068990000000,274541000,54000,17000,18000,18000,6066235000000,6066236000000,6066237000000,6066239000000,6066240000000,130000,17000,17000,108000,17000
1780741455,208733000,2876,1,U,N,6068999000000,6068998000000,6068997000000,6068991000000,6068990000000,274541000,54000,17000,18000,18000,6066235000000,6066236000000,6066237000000,6066239000000,6066240000000,130000,17000,17000,108000,17000
1780741455,316402000,2878,1,U,N,6068999000000,6068998000000,6068997000000,6068991000000,6068990000000,274541000,54000,17000,18000,18000,6066235000000,6066236000000,6066237000000,6066239000000,6066240000000,130000,17000,17000,108000,17000
1780741455,420964000,2880,1,U,N,6068999000000,6068998000000,6068997000000,6068991000000,6068990000000,274541000,54000,17000,18000,18000,6066235000000,6066236000000,6066237000000,6066239000000,6066240000000,130000,17000,17000,108000,17000
1780741455,509014000,2882,1,U,N,6068999000000,6068998000000,6068997000000,6068991000000,6068990000000,274541000,54000,17000,18000,18000,6066235000000,6066236000000,6066237000000,6066239000000,6066240000000,130000,17000,17000,108000,17000
1780741455,608897000,2884,1,U,N,6068999000000,6068998000000,6068997000000,6068991000000,6068990000000,274541000,54000,17000,18000,18000,6066235000000,6066236000000,6066237000000,6066239000000,6066240000000,130000,17000,17000,108000,17000
1780741455,733989000,2886,1,U,N,6068999000000,6068998000000,6068997000000,6068991000000,6068990000000,274541000,54000,17000,18000,18000,6066235000000,6066236000000,6066237000000,6066239000000,6066240000000,130000,17000,17000,108000,17000
1780741455,809396000,2888,1,U,N,6068999000000,6068998000000,6068997000000,6068991000000,6068990000000,274541000,54000,17000,18000,18000,6066235000000,6066236000000,6066237000000,6066239000000,6066240000000,130000,17000,17000,108000,17000
1780741455,910522000,2892,1,U,N,6068999000000,6068998000000,6068997000000,6068991000000,6068990000000,274541000,54000,17000,18000,18000,6066235000000,6066236000000,6066237000000,6066239000000,6066240000000,130000,17000,17000,108000,17000
1780741456,12965000,2894,1,U,N,6068999000000,6068998000000,6068997000000,6068991000000,6068990000000,274541000,54000,17000,18000,18000,6066235000000,6066236000000,6066237000000,6066239000000,6066240000000,130000,17000,17000,108000,17000
1780741456,113469000,2969,1,U,N,6068999000000,6068998000000,6068997000000,6068991000000,6068990000000,274541000,54000,17000,18000,18000,6066235000000,6066236000000,6066237000000,6066239000000,6066240000000,130000,17000,17000,108000,17000
1780741456,409512000,2971,1,U,N,6068999000000,6068998000000,6068997000000,6068991000000,6068990000000,274541000,54000,17000,18000,18000,6066235000000,6066236000000,6066237000000,6066239000000,6066240000000,130000,17000,17000,108000,17000
1780741456,459403000,2984,1,U,N,6068999000000,6068998000000,6068997000000,6068991000000,6068990000000,274541000,54000,17000,18000,18000,6066235000000,6066236000000,6066237000000,6066239000000,6066240000000,130000,17000,17000,108000,17000
1780741456,514795000,3025,1,U,N,6068999000000,6068998000000,6068997000000,6068991000000,6068990000000,274541000,54000,17000,18000,18000,6066235000000,6066236000000,6066237000000,6066239000000,6066240000000,130000,17000,17000,108000,17000
1780741456,514849000,3027,1,U,N,6068999000000,6068998000000,6068997000000,6068991000000,6068990000000,274541000,54000,17000,18000,18000,6066235000000,6066236000000,6066237000000,6066239000000,6066240000000,130000,17000,17000,108000,17000
1780741456,614354000,3029,1,U,N,6068999000000,6068998000000,6068997000000,6068991000000,6068990000000,274541000,54000,17000,18000,18000,6066235000000,6066236000000,6066237000000,6066239000000,6066240000000,130000,17000,17000,108000,17000
1780741456,708900000,3031,1,U,N,6068999000000,6068998000000,6068997000000,6068991000000,6068990000000,274541000,54000,17000,18000,18000,6066235000000,6066236000000,6066237000000,6066239000000,6066240000000,130000,17000,17000,108000,17000
1780741456,810602000,3033,1,U,N,6068999000000,6068998000000,6068997000000,6068991000000,6068990000000,274541000,54000,17000,18000,18000,6066235000000,6066236000000,6066237000000,6066239000000,6066240000000,130000,17000,17000,108000,17000
1780741456,913352000,3036,1,U,N,6068999000000,6068998000000,6068997000000,6068991000000,6068990000000,274541000,54000,17000,18000,18000,6066235000000,6066236000000,6066237000000,6066239000000,6066240000000,130000,17000,17000,108000,17000
1780741457,8942000,3045,1,U,N,6068999000000,6068998000000,6068997000000,6068991000000,6068990000000,274541000,54000,17000,18000,18000,6066235000000,6066236000000,6066237000000,6066239000000,6066240000000,130000,17000,17000,108000,17000
1780741457,109144000,3048,1,U,N,6068999000000,6068998000000,6068997000000,6068991000000,6068990000000,274541000,54000,17000,18000,18000,6066235000000,6066236000000,6066237000000,6066239000000,6066240000000,130000,17000,17000,108000,17000
1780741457,210471000,3061,1,U,N,6068999000000,6068998000000,6068997000000,6068991000000,6068990000000,274541000,54000,17000,18000,18000,6066235000000,6066236000000,6066237000000,6066239000000,6066240000000,130000,17000,17000,108000,17000
1780741457,313169000,3071,1,U,N,6068999000000,6068998000000,6068997000000,6068991000000,6068990000000,274541000,54000,17000,18000,18000,6066235000000,6066236000000,6066237000000,6066239000000,6066240000000,130000,17000,17000,108000,17000
1780741457,409716000,3073,1,U,N,6068999000000,6068998000000,6068997000000,6068991000000,6068990000000,274541000,54000,17000,18000,18000,6066235000000,6066236000000,6066237000000,6066239000000,6066240000000,130000,17000,17000,108000,17000
1780741457,509080000,3085,1,U,N,6068999000000,6068998000000,6068997000000,6068991000000,6068990000000,274541000,54000,17000,18000,18000,6066235000000,6066236000000,6066237000000,6066239000000,6066240000000,130000,17000,17000,108000,17000
1780741457,609163000,3087,1,U,N,6068999000000,6068998000000,6068997000000,6068991000000,6068990000000,274541000,54000,17000,18000,18000,6066235000000,6066236000000,6066237000000,6066239000000,6066240000000,130000,17000,17000,108000,17000
1780741457,713099000,3089,1,U,N,6068999000000,6068998000000,6068997000000,6068991000000,6068990000000,274541000,54000,17000,18000,18000,6066235000000,6066236000000,6066237000000,6066239000000,6066240000000,130000,17000,17000,108000,17000
1780741457,809025000,3091,1,U,N,6068999000000,6068998000000,6068997000000,6068991000000,6068990000000,274541000,54000,17000,18000,18000,6066235000000,6066236000000,6066237000000,6066239000000,6066240000000,130000,17000,17000,108000,17000
1780741457,908574000,3093,1,U,N,6068999000000,6068998000000,6068997000000,6068991000000,6068990000000,274541000,54000,17000,18000,18000,6066235000000,6066236000000,6066237000000,6066239000000,6066240000000,130000,17000,17000,108000,17000
1780741458,8996000,3095,1,U,N,6068999000000,6068998000000,6068997000000,6068991000000,6068990000000,274541000,54000,17000,18000,18000,6066235000000,6066236000000,6066237000000,6066239000000,6066240000000,130000,17000,17000,108000,17000
1780741458,109370000,3097,1,U,N,6068999000000,6068998000000,6068997000000,6068991000000,6068990000000,274541000,54000,17000,18000,18000,6066235000000,6066236000000,6066237000000,6066239000000,6066240000000,130000,17000,17000,108000,17000
1780741458,213327000,3099,1,U,N,6068999000000,6068998000000,6068997000000,6068991000000,6068990000000,274541000,54000,17000,18000,18000,6066235000000,6066236000000,6066237000000,6066239000000,6066240000000,130000,17000,17000,108000,17000
1780741458,309303000,3198,1,U,N,6068999000000,6068998000000,6068997000000,6068991000000,6068990000000,274541000,54000,17000,18000,18000,6066235000000,6066236000000,6066237000000,6066239000000,6066240000000,130000,17000,17000,108000,17000
1780741458,418199000,3200,1,U,N,6068999000000,6068998000000,6068997000000,6068991000000,6068990000000,274541000,54000,17000,18000,18000,6066235000000,6066236000000,6066237000000,6066239000000,6066240000000,130000,17000,17000,108000,17000
1780741458,508860000,3202,1,U,N,6068999000000,6068998000000,6068997000000,6068991000000,6068990000000,274541000,54000,17000,18000,18000,6066235000000,6066236000000,6066237000000,6066239000000,6066240000000,130000,17000,17000,108000,17000
1780741458,609135000,3204,1,U,N,6068999000000,6068998000000,6068997000000,6068991000000,6068990000000,274541000,54000,17000,18000,18000,6066235000000,6066236000000,6066237000000,6066239000000,6066240000000,130000,17000,17000,108000,17000
1780741458,709580000,3230,1,U,N,6068999000000,6068998000000,6068997000000,6068991000000,6068990000000,274541000,54000,17000,18000,18000,6066235000000,6066236000000,6066237000000,6066239000000,6066240000000,130000,17000,17000,108000,17000
1780741458,821001000,3265,1,U,N,6068999000000,6068998000000,6068997000000,6068991000000,6068990000000,274541000,54000,17000,18000,18000,6066235000000,6066236000000,6066237000000,6066239000000,6066240000000,130000,17000,17000,108000,17000
1780741458,912415000,3267,1,U,N,6068999000000,6068998000000,6068997000000,6068991000000,6068990000000,274541000,54000,17000,18000,18000,6066235000000,6066236000000,6066237000000,6066239000000,6066240000000,130000,17000,17000,108000,17000
1780741459,10769000,3270,1,U,N,6068999000000,6068998000000,6068997000000,6068991000000,6068990000000,274541000,54000,17000,18000,18000,6066235000000,6066236000000,6066237000000,6066239000000,6066240000000,130000,17000,17000,108000,17000
1780741459,111588000,3272,1,U,N,6068999000000,6068998000000,6068997000000,6068991000000,6068990000000,274541000,54000,17000,18000,18000,6066235000000,6066236000000,6066237000000,6066239000000,6066240000000,130000,17000,17000,108000,17000
1780741459,210989000,3274,1,U,N,6068999000000,6068998000000,6068997000000,6068991000000,6068990000000,274541000,54000,17000,18000,18000,6066235000000,6066236000000,6066237000000,6066239000000,6066240000000,130000,17000,17000,108000,17000
1780741459,311661000,3279,1,U,N,6068999000000,6068998000000,6068997000000,6068991000000,6068990000000,274541000,54000,17000,18000,18000,6066235000000,6066236000000,6066237000000,6066239000000,6066240000000,130000,17000,17000,108000,17000
1780741459,409346000,3281,1,U,N,6068999000000,6068998000000,6068997000000,6068991000000,6068990000000,274541000,54000,17000,18000,18000,6066235000000,6066236000000,6066237000000,6066239000000,6066240000000,130000,17000,17000,108000,17000
1780741459,509681000,3288,1,U,N,6068999000000,6068998000000,6068997000000,6068991000000,6068990000000,274541000,54000,17000,18000,18000,6066235000000,6066236000000,6066237000000,6066239000000,6066240000000,130000,17000,17000,108000,17000
1780741459,608979000,3290,1,U,N,6068999000000,6068998000000,6068997000000,6068991000000,6068990000000,274541000,54000,17000,18000,18000,6066235000000,6066236000000,6066237000000,6066239000000,6066240000000,130000,17000,17000,108000,17000
1780741459,711555000,3292,1,U,N,6068999000000,6068998000000,6068997000000,6068991000000,6068990000000,274541000,54000,17000,18000,18000,6066235000000,6066236000000,6066237000000,6066239000000,6066240000000,130000,17000,17000,108000,17000
1780741459,810681000,3331,1,U,N,6068999000000,6068998000000,6068997000000,6068991000000,6068990000000,274541000,54000,17000,18000,18000,6066235000000,6066236000000,6066237000000,6066239000000,6066240000000,130000,17000,17000,108000,17000
1780741459,910831000,3333,1,U,N,6068999000000,6068998000000,6068997000000,6068991000000,6068990000000,274541000,54000,17000,18000,18000,6066235000000,6066236000000,6066237000000,6066239000000,6066240000000,130000,17000,17000,108000,17000
1780741460,10901000,3401,1,U,N,6068999000000,6068998000000,6068997000000,6068991000000,6068990000000,274541000,54000,17000,18000,18000,6066235000000,6066236000000,6066237000000,6066239000000,6066240000000,130000,17000,17000,108000,17000
1780741460,108757000,3413,1,U,N,6068999000000,6068998000000,6068997000000,6068991000000,6068990000000,274541000,54000,17000,18000,18000,6066235000000,6066236000000,6066237000000,6066239000000,6066240000000,130000,17000,17000,108000,17000
1780741460,210435000,3415,1,U,N,6068999000000,6068998000000,6068997000000,6068991000000,6068990000000,274541000,54000,17000,18000,18000,6066235000000,6066236000000,6066237000000,6066239000000,6066240000000,130000,17000,17000,108000,17000
1780741460,309840000,3434,1,U,N,6068999000000,6068998000000,6068997000000,6068991000000,6068990000000,274541000,54000,17000,18000,18000,6066235000000,6066236000000,6066237000000,6066239000000,6066240000000,130000,17000,17000,108000,17000
1780741460,410673000,3436,1,U,N,6068999000000,6068998000000,6068997000000,6068991000000,6068990000000,274541000,54000,17000,18000,18000,6066235000000,6066236000000,6066237000000,6066239000000,6066240000000,130000,17000,17000,108000,17000
1780741460,508381000,3443,1,U,N,6068999000000,6068998000000,6068997000000,6068991000000,6068990000000,274541000,54000,17000,18000,18000,6066235000000,6066236000000,6066237000000,6066239000000,6066240000000,130000,17000,17000,108000,17000
1780741460,611586000,3445,1,U,N,6068999000000,6068998000000,6068997000000,6068991000000,6068990000000,274541000,54000,17000,18000,18000,6066235000000,6066236000000,6066237000000,6066239000000,6066240000000,130000,17000,17000,108000,17000
1780741460,710539000,3447,1,U,N,6068999000000,6068998000000,6068997000000,6068991000000,6068990000000,274541000,54000,17000,18000,18000,6066235000000,6066236000000,6066237000000,6066239000000,6066240000000,130000,17000,17000,108000,17000
1780741460,809957000,3449,1,U,N,6068999000000,6068998000000,6068997000000,6068991000000,6068990000000,274541000,54000,17000,18000,18000,6066235000000,6066236000000,6066237000000,6066239000000,6066240000000,130000,17000,17000,108000,17000
1780741460,909478000,3451,1,U,N,6068999000000,6068998000000,6068997000000,6068991000000,6068990000000,274541000,54000,17000,18000,18000,6066235000000,6066236000000,6066237000000,6066239000000,6066240000000,130000,17000,17000,108000,17000
1780741461,10147000,3456,1,U,N,6068999000000,6068998000000,6068997000000,6068991000000,6068990000000,274541000,54000,17000,18000,18000,6066235000000,6066236000000,6066237000000,6066239000000,6066240000000,130000,17000,17000,108000,17000
1780741461,111660000,3459,1,U,N,6068999000000,6068998000000,6068997000000,6068991000000,6068990000000,274541000,54000,17000,18000,18000,6066235000000,6066236000000,6066237000000,6066239000000,6066240000000,130000,17000,17000,108000,17000
1780741461,215334000,3529,1,U,N,6068999000000,6068998000000,6068997000000,6068991000000,6068990000000,274541000,54000,17000,18000,18000,6066235000000,6066236000000,6066237000000,6066239000000,6066240000000,130000,17000,17000,108000,17000
1780741461,317451000,3531,1,U,N,6068999000000,6068998000000,6068997000000,6068991000000,6068990000000,274541000,54000,17000,18000,18000,6066235000000,6066236000000,6066237000000,6066239000000,6066240000000,130000,17000,17000,108000,17000
1780741461,417799000,3533,1,U,N,6068999000000,6068998000000,6068997000000,6068991000000,6068990000000,274541000,54000,17000,18000,18000,6066235000000,6066236000000,6066237000000,6066239000000,6066240000000,130000,17000,17000,108000,17000
1780741461,509232000,3535,1,U,N,6068999000000,6068998000000,6068997000000,6068991000000,6068990000000,274541000,54000,17000,18000,18000,6066235000000,6066236000000,6066237000000,6066239000000,6066240000000,130000,17000,17000,108000,17000
1780741461,611662000,3537,1,U,N,6068999000000,6068998000000,6068997000000,6068991000000,6068990000000,274541000,54000,17000,18000,18000,6066235000000,6066236000000,6066237000000,6066239000000,6066240000000,130000,17000,17000,108000,17000
1780741461,709476000,3539,1,U,N,6068999000000,6068998000000,6068997000000,6068991000000,6068990000000,274541000,54000,17000,18000,18000,6066235000000,6066236000000,6066237000000,6066239000000,6066240000000,130000,17000,17000,108000,17000
1780741461,824510000,3541,1,U,N,6068999000000,6068998000000,6068997000000,6068991000000,6068990000000,274541000,54000,17000,18000,18000,6066235000000,6066236000000,6066237000000,6066239000000,6066240000000,130000,17000,17000,108000,17000
1780741461,912266000,3543,1,U,N,6068999000000,6068998000000,6068997000000,6068991000000,6068990000000,274541000,54000,17000,18000,18000,6066235000000,6066236000000,6066237000000,6066239000000,6066240000000,130000,17000,17000,108000,17000
1780741462,9881000,3545,1,U,N,6068999000000,6068998000000,6068997000000,6068991000000,6068990000000,274541000,54000,17000,18000,18000,6066235000000,6066236000000,6066237000000,6066239000000,6066240000000,130000,17000,17000,108000,17000
1780741462,112263000,3547,1,U,N,6068999000000,6068998000000,6068997000000,6068991000000,6068990000000,274541000,54000,17000,18000,18000,6066235000000,6066236000000,6066237000000,6066239000000,6066240000000,130000,17000,17000,108000,17000
1780741462,210634000,3549,1,U,N,6068999000000,6068998000000,6068997000000,6068991000000,6068990000000,274541000,54000,17000,18000,18000,6066235000000,6066236000000,6066237000000,6066239000000,6066240000000,130000,17000,17000,108000,17000
1780741462,312196000,3551,1,U,N,6068999000000,6068998000000,6068997000000,6068991000000,6068990000000,274541000,54000,17000,18000,18000,6066235000000,6066236000000,6066237000000,6066239000000,6066240000000,130000,17000,17000,108000,17000
1780741462,413687000,3553,1,U,N,6068999000000,6068998000000,6068997000000,6068991000000,6068990000000,274541000,54000,17000,18000,18000,6066235000000,6066236000000,6066237000000,6066239000000,6066240000000,130000,17000,17000,108000,17000
1780741462,509091000,3555,1,U,N,6068999000000,6068998000000,6068997000000,6068991000000,6068990000000,274541000,54000,17000,18000,18000,6066235000000,6066236000000,6066237000000,6066239000000,6066240000000,130000,17000,17000,108000,17000
1780741462,611078000,3633,1,U,N,6068999000000,6068998000000,6068997000000,6068991000000,6068990000000,274541000,54000,17000,18000,18000,6066235000000,6066236000000,6066237000000,6066239000000,6066240000000,130000,17000,17000,108000,17000
1780741462,713680000,3635,1,U,N,6068999000000,6068998000000,6068997000000,6068991000000,6068990000000,274541000,54000,17000,18000,18000,6066235000000,6066236000000,6066237000000,6066239000000,6066240000000,130000,17000,17000,108000,17000
1780741462,809694000,3637,1,U,N,6068999000000,6068998000000,6068997000000,6068991000000,6068990000000,274541000,54000,17000,18000,18000,6066235000000,6066236000000,6066237000000,6066239000000,6066240000000,130000,17000,17000,108000,17000
1780741462,910388000,3663,1,U,N,6068999000000,6068998000000,6068997000000,6068991000000,6068990000000,274541000,54000,17000,18000,18000,6066235000000,6066236000000,6066237000000,6066239000000,6066240000000,130000,17000,17000,108000,17000
1780741463,8850000,3699,1,U,N,6068999000000,6068998000000,6068997000000,6068991000000,6068990000000,274541000,54000,17000,18000,18000,6066235000000,6066236000000,6066237000000,6066239000000,6066240000000,130000,17000,17000,108000,17000
1780741463,114566000,3701,1,U,N,6068999000000,6068998000000,6068997000000,6068991000000,6068990000000,274541000,54000,17000,18000,18000,6066235000000,6066236000000,6066237000000,6066239000000,6066240000000,130000,17000,17000,108000,17000
1780741463,212179000,3703,1,U,N,6068999000000,6068998000000,6068997000000,6068991000000,6068990000000,274541000,54000,17000,18000,18000,6066235000000,6066236000000,6066237000000,6066239000000,6066240000000,130000,17000,17000,108000,17000
1780741463,308751000,3706,1,U,N,6068999000000,6068998000000,6068997000000,6068991000000,6068990000000,274541000,54000,17000,18000,18000,6066235000000,6066236000000,6066237000000,6066239000000,6066240000000,130000,17000,17000,108000,17000
1780741463,408901000,3711,1,U,N,6068999000000,6068998000000,6068997000000,6068991000000,6068990000000,274541000,54000,17000,18000,18000,6066235000000,6066236000000,6066237000000,6066239000000,6066240000000,130000,17000,17000,108000,17000
1780741463,510824000,3713,1,U,N,6068999000000,6068998000000,6068997000000,6068991000000,6068990000000,274541000,54000,17000,18000,18000,6066235000000,6066236000000,6066237000000,6066239000000,6066240000000,130000,17000,17000,108000,17000
1780741463,609147000,3764,1,U,N,6068999000000,6068998000000,6068997000000,6068991000000,6068990000000,274541000,54000,17000,18000,18000,6066235000000,6066236000000,6066237000000,6066239000000,6066240000000,130000,17000,17000,108000,17000
1780741463,709132000,3766,1,U,N,6068999000000,6068998000000,6068997000000,6068991000000,6068990000000,274541000,54000,17000,18000,18000,6066235000000,6066236000000,6066237000000,6066239000000,6066240000000,130000,17000,17000,108000,17000
1780741463,809128000,3773,1,U,N,6068999000000,6068998000000,6068997000000,6068991000000,6068990000000,274541000,54000,17000,18000,18000,6066235000000,6066236000000,6066237000000,6066239000000,6066240000000,130000,17000,17000,108000,17000
1780741463,909073000,3775,1,U,N,6068999000000,6068998000000,6068997000000,6068991000000,6068990000000,274541000,54000,17000,18000,18000,6066235000000,6066236000000,6066237000000,6066239000000,6066240000000,130000,17000,17000,108000,17000
1780741464,11591000,3777,1,U,N,6068999000000,6068998000000,6068997000000,6068991000000,6068990000000,274541000,54000,17000,18000,18000,6066235000000,6066236000000,6066237000000,6066239000000,6066240000000,130000,17000,17000,108000,17000
1780741464,108902000,3779,1,U,N,6068999000000,6068998000000,6068997000000,6068991000000,6068990000000,274541000,54000,17000,18000,18000,6066235000000,6066236000000,6066237000000,6066239000000,6066240000000,130000,17000,17000,108000,17000
1780741464,212228000,3855,1,U,N,6068999000000,6068998000000,6068997000000,6068991000000,6068990000000,274541000,54000,17000,18000,18000,6066235000000,6066236000000,6066237000000,6066239000000,6066240000000,130000,17000,17000,108000,17000
1780741464,308610000,3857,1,U,N,6068999000000,6068998000000,6068997000000,6068991000000,6068990000000,274541000,54000,17000,18000,18000,6066235000000,6066236000000,6066237000000,6066239000000,6066240000000,130000,17000,17000,108000,17000
1780741464,438429000,3859,1,U,N,6068999000000,6068998000000,6068997000000,6068991000000,6068990000000,274541000,54000,17000,18000,18000,6066235000000,6066236000000,6066237000000,6066239000000,6066240000000,130000,17000,17000,108000,17000
1780741464,509611000,3861,1,U,N,6068999000000,6068998000000,6068997000000,6068991000000,6068990000000,274541000,54000,17000,18000,18000,6066235000000,6066236000000,6066237000000,6066239000000,6066240000000,130000,17000,17000,108000,17000
1780741464,609338000,3863,1,U,N,6068999000000,6068998000000,6068997000000,6068991000000,6068990000000,274541000,54000,17000,18000,18000,6066235000000,6066236000000,6066237000000,6066239000000,6066240000000,130000,17000,17000,108000,17000
1780741464,708584000,3865,1,U,N,6068999000000,6068998000000,6068997000000,6068991000000,6068990000000,274541000,54000,17000,18000,18000,6066235000000,6066236000000,6066237000000,6066239000000,6066240000000,130000,17000,17000,108000,17000
1780741464,808723000,3867,1,U,N,6068999000000,6068998000000,6068997000000,6068991000000,6068990000000,274541000,54000,17000,18000,18000,6066235000000,6066236000000,6066237000000,6066239000000,6066240000000,130000,17000,17000,108000,17000
1780741464,908453000,3870,1,U,N,6068999000000,6068998000000,6068997000000,6068991000000,6068990000000,274541000,54000,17000,18000,18000,6066235000000,6066236000000,6066237000000,6066239000000,6066240000000,130000,17000,17000,108000,17000
1780741465,13043000,3872,1,U,N,6068999000000,6068998000000,6068997000000,6068991000000,6068990000000,274541000,54000,17000,18000,18000,6066235000000,6066236000000,6066237000000,6066239000000,6066240000000,130000,17000,17000,108000,17000
1780741465,108483000,3874,1,U,N,6068999000000,6068998000000,6068997000000,6068991000000,6068990000000,274541000,54000,17000,18000,18000,6066235000000,6066236000000,6066237000000,6066239000000,6066240000000,130000,17000,17000,108000,17000
1780741465,215511000,3876,1,U,N,6068999000000,6068998000000,6068997000000,6068991000000,6068990000000,274541000,54000,17000,18000,18000,6066235000000,6066236000000,6066237000000,6066239000000,6066240000000,130000,17000,17000,108000,17000
1780741465,312432000,3879,1,U,N,6068999000000,6068998000000,6068997000000,6068991000000,6068990000000,274541000,54000,17000,18000,18000,6066235000000,6066236000000,6066237000000,6066239000000,6066240000000,130000,17000,17000,108000,17000
1780741465,413737000,3985,1,U,N,6068999000000,6068998000000,6068997000000,6068991000000,6068990000000,274541000,54000,17000,18000,18000,6066235000000,6066236000000,6066237000000,6066239000000,6066240000000,130000,17000,17000,108000,17000
1780741465,516671000,3987,1,U,N,6068999000000,6068998000000,6068997000000,6068991000000,6068990000000,274541000,54000,17000,18000,18000,6066235000000,6066236000000,6066237000000,6066239000000,6066240000000,130000,17000,17000,108000,17000
1780741465,617480000,3989,1,U,N,6068999000000,6068998000000,6068997000000,6068991000000,6068990000000,274541000,54000,17000,18000,18000,6066235000000,6066236000000,6066237000000,6066239000000,6066240000000,130000,17000,17000,108000,17000
1780741465,714404000,3991,1,U,N,6068999000000,6068998000000,6068997000000,6068991000000,6068990000000,274541000,54000,17000,18000,18000,6066235000000,6066236000000,6066237000000,6066239000000,6066240000000,130000,17000,17000,108000,17000
1780741465,816096000,3993,1,U,N,6068999000000,6068998000000,6068997000000,6068991000000,6068990000000,274541000,54000,17000,18000,18000,6066235000000,6066236000000,6066237000000,6066239000000,6066240000000,130000,17000,17000,108000,17000
1780741465,910481000,3995,1,U,N,6068999000000,6068998000000,6068997000000,6068991000000,6068990000000,274541000,54000,17000,18000,18000,6066235000000,6066236000000,6066237000000,6066239000000,6066240000000,130000,17000,17000,108000,17000
1780741466,11286000,3997,1,U,N,6068999000000,6068998000000,6068997000000,6068991000000,6068990000000,274541000,54000,17000,18000,18000,6066235000000,6066236000000,6066237000000,6066239000000,6066240000000,130000,17000,17000,108000,17000
1780741466,109136000,3999,1,U,N,6068999000000,6068998000000,6068997000000,6068991000000,6068990000000,274541000,54000,17000,18000,18000,6066235000000,6066236000000,6066237000000,6066239000000,6066240000000,130000,17000,17000,108000,17000
1780741466,214946000,4001,1,U,N,6068999000000,6068998000000,6068997000000,6068991000000,6068990000000,274541000,54000,17000,18000,18000,6066235000000,6066236000000,6066237000000,6066239000000,6066240000000,130000,17000,17000,108000,17000
1780741466,309316000,4003,1,U,N,6068999000000,6068998000000,6068997000000,6068991000000,6068990000000,274541000,54000,17000,18000,18000,6066235000000,6066236000000,6066237000000,6066239000000,6066240000000,130000,17000,17000,108000,17000
1780741466,408743000,4005,1,U,N,6068999000000,6068998000000,6068997000000,6068991000000,6068990000000,274541000,54000,17000,18000,18000,6066235000000,6066236000000,6066237000000,6066239000000,6066240000000,130000,17000,17000,108000,17000
1780741466,508864000,4007,1,U,N,6068999000000,6068998000000,6068997000000,6068991000000,6068990000000,274541000,54000,17000,18000,18000,6066235000000,6066236000000,6066237000000,6066239000000,6066240000000,130000,17000,17000,108000,17000
1780741466,609074000,4009,1,U,N,6068999000000,6068998000000,6068997000000,6068991000000,6068990000000,274541000,54000,17000,18000,18000,6066235000000,6066236000000,6066237000000,6066239000000,6066240000000,130000,17000,17000,108000,17000
1780741466,710718000,4011,1,U,N,6068999000000,6068998000000,6068997000000,6068991000000,6068990000000,274541000,54000,17000,18000,18000,6066235000000,6066236000000,6066237000000,6066239000000,6066240000000,130000,17000,17000,108000,17000
1780741466,809083000,4013,1,U,N,6068999000000,6068998000000,6068997000000,6068991000000,6068990000000,274541000,54000,17000,18000,18000,6066235000000,6066236000000,6066237000000,6066239000000,6066240000000,130000,17000,17000,108000,17000
1780741466,909729000,4015,1,U,N,6068999000000,6068998000000,6068997000000,6068991000000,6068990000000,274541000,54000,17000,18000,18000,6066235000000,6066236000000,6066237000000,6066239000000,6066240000000,130000,17000,17000,108000,17000
1780741467,8899000,4017,1,U,N,6068999000000,6068998000000,6068997000000,6068991000000,6068990000000,274541000,54000,17000,18000,18000,6066235000000,6066236000000,6066237000000,6066239000000,6066240000000,130000,17000,17000,108000,17000
1780741467,108518000,4019,1,U,N,6068999000000,6068998000000,6068997000000,6068991000000,6068990000000,274541000,54000,17000,18000,18000,6066235000000,6066236000000,6066237000000,6066239000000,6066240000000,130000,17000,17000,108000,17000
1780741467,210806000,4021,1,U,N,6068999000000,6068998000000,6068997000000,6068991000000,6068990000000,274541000,54000,17000,18000,18000,6066235000000,6066236000000,6066237000000,6066239000000,6066240000000,130000,17000,17000,108000,17000
1780741467,308991000,4023,1,U,N,6068999000000,6068998000000,6068997000000,6068991000000,6068990000000,274541000,54000,17000,18000,18000,6066235000000,6066236000000,6066237000000,6066239000000,6066240000000,130000,17000,17000,108000,17000
1780741467,409422000,4025,1,U,N,6068999000000,6068998000000,6068997000000,6068991000000,6068990000000,274541000,54000,17000,18000,18000,6066235000000,6066236000000,6066237000000,6066239000000,6066240000000,130000,17000,17000,108000,17000
1780741467,508832000,4027,1,U,N,6068999000000,6068998000000,6068997000000,6068991000000,6068990000000,274541000,54000,17000,18000,18000,6066235000000,6066236000000,6066237000000,6066239000000,6066240000000,130000,17000,17000,108000,17000
1780741467,608590000,4031,1,U,N,6068999000000,6068998000000,6068997000000,6068991000000,6068990000000,274541000,54000,17000,18000,18000,6066235000000,6066236000000,6066237000000,6066239000000,6066240000000,130000,17000,17000,108000,17000
1780741467,708981000,4034,1,U,N,6068999000000,6068998000000,6068997000000,6068991000000,6068990000000,274541000,54000,17000,18000,18000,6066235000000,6066236000000,6066237000000,6066239000000,6066240000000,130000,17000,17000,108000,17000
1780741467,808746000,4036,1,U,N,6068999000000,6068998000000,6068997000000,6068991000000,6068990000000,274541000,54000,17000,18000,18000,6066235000000,6066236000000,6066237000000,6066239000000,6066240000000,130000,17000,17000,108000,17000
1780741467,908972000,4038,1,U,N,6068999000000,6068998000000,6068997000000,6068991000000,6068990000000,274541000,54000,17000,18000,18000,6066235000000,6066236000000,6066237000000,6066239000000,6066240000000,130000,17000,17000,108000,17000
1780741468,23708000,4041,1,U,N,6068999000000,6068998000000,6068997000000,6068991000000,6068990000000,274541000,54000,17000,18000,18000,6066235000000,6066236000000,6066237000000,6066239000000,6066240000000,130000,17000,17000,108000,17000
1780741468,112277000,4044,1,U,N,6068999000000,6068998000000,6068997000000,6068991000000,6068990000000,274541000,54000,17000,18000,18000,6066235000000,6066236000000,6066237000000,6066239000000,6066240000000,130000,17000,17000,108000,17000
1780741468,220382000,4046,1,U,N,6068999000000,6068998000000,6068997000000,6068991000000,6068990000000,274541000,54000,17000,18000,18000,6066235000000,6066236000000,6066237000000,6066239000000,6066240000000,130000,17000,17000,108000,17000
1780741468,309962000,4048,1,U,N,6068999000000,6068998000000,6068997000000,6068991000000,6068990000000,274541000,54000,17000,18000,18000,6066235000000,6066236000000,6066237000000,6066239000000,6066240000000,130000,17000,17000,108000,17000
1780741468,421716000,4050,1,U,N,6068999000000,6068998000000,6068997000000,6068991000000,6068990000000,274541000,54000,17000,18000,18000,6066235000000,6066236000000,6066237000000,6066239000000,6066240000000,130000,17000,17000,108000,17000
1780741468,511451000,4052,1,U,N,6068999000000,6068998000000,6068997000000,6068991000000,6068990000000,274541000,54000,17000,18000,18000,6066235000000,6066236000000,6066237000000,6066239000000,6066240000000,130000,17000,17000,108000,17000
1780741468,608745000,4054,1,U,N,6068999000000,6068998000000,6068997000000,6068991000000,6068990000000,274541000,54000,17000,18000,18000,6066235000000,6066236000000,6066237000000,6066239000000,6066240000000,130000,17000,17000,108000,17000
1780741468,708964000,4056,1,U,N,6068999000000,6068998000000,6068997000000,6068991000000,6068990000000,274541000,54000,17000,18000,18000,6066235000000,6066236000000,6066237000000,6066239000000,6066240000000,130000,17000,17000,108000,17000
1780741468,809760000,4058,1,U,N,6068999000000,6068998000000,6068997000000,6068991000000,6068990000000,274541000,54000,17000,18000,18000,6066235000000,6066236000000,6066237000000,6066239000000,6066240000000,130000,17000,17000,108000,17000
1780741468,911481000,4060,1,U,N,6068999000000,6068998000000,6068997000000,6068991000000,6068990000000,274541000,54000,17000,18000,18000,6066235000000,6066236000000,6066237000000,6066239000000,6066240000000,130000,17000,17000,108000,17000
1780741469,9171000,4062,1,U,N,6068999000000,6068998000000,6068997000000,6068991000000,6068990000000,274541000,54000,17000,18000,18000,6066235000000,6066236000000,6066237000000,6066239000000,6066240000000,130000,17000,17000,108000,17000
1780741469,208558000,4329,1,U,N,6068999000000,6068998000000,6068997000000,6068991000000,6068990000000,274541000,54000,17000,18000,18000,6066235000000,6066236000000,6066237000000,6066239000000,6066240000000,130000,17000,17000,108000,17000
1780741469,445733000,4449,1,U,N,6068999000000,6068998000000,6068997000000,6068991000000,6068990000000,274541000,54000,17000,18000,18000,6065950000000,6065951000000,6065952000000,6065993000000,6066235000000,197695000,17000,17000,9000,130000
1780741469,474024000,4544,1,U,N,6068999000000,6068998000000,6068997000000,6068991000000,6068990000000,274541000,54000,17000,18000,18000,6065601000000,6065602000000,6065603000000,6065728000000,6065950000000,204336000,65000,17000,34000,197695000
1780741469,483908000,4547,1,U,N,6068999000000,6068998000000,6068997000000,6068991000000,6068990000000,274541000,54000,17000,18000,18000,6065601000000,6065602000000,6065603000000,6065708000000,6065728000000,204658000,65000,17000,884000,34000
1780741469,508748000,4549,1,U,N,6068999000000,6068998000000,6068997000000,6068991000000,6068990000000,274541000,54000,17000,18000,18000,6065601000000,6065602000000,6065603000000,6065703000000,6065708000000,205571000,65000,17000,34000,884000
1780741469,612979000,4616,1,U,N,6068999000000,6068998000000,6068997000000,6068991000000,6068990000000,274541000,54000,17000,18000,18000,6065480000000,6065514000000,6065515000000,6065532000000,6065601000000,448103000,480576000,79849000,9000,205571000
1780741469,837193000,4700,1,U,N,6068999000000,6068998000000,6068997000000,6068991000000,6068990000000,274541000,54000,17000,18000,18000,6065001000000,6065002000000,6065003000000,6065018000000,6065480000000,322108000,17000,17000,18000,448103000
1780741469,837247000,4702,1,U,N,6068999000000,6068998000000,6068997000000,6068991000000,6068990000000,274541000,54000,17000,18000,18000,6065001000000,6065002000000,6065003000000,6065018000000,6065480000000,322117000,17000,17000,18000,448103000
1780741469,909952000,4704,1,U,N,6068999000000,6068998000000,6068997000000,6068991000000,6068990000000,274541000,54000,17000,18000,18000,6065001000000,6065002000000,6065003000000,6065018000000,6065480000000,324291000,27000,17000,18000,448103000
1780741470,9470000,4706,1,U,N,6068999000000,6068998000000,6068997000000,6068991000000,6068990000000,274541000,54000,17000,18000,18000,6065001000000,6065002000000,6065003000000,6065018000000,6065480000000,324409000,27000,17000,18000,448103000
1780741470,115526000,4710,1,U,N,6068999000000,6068998000000,6068997000000,6068991000000,6068990000000,274541000,54000,17000,18000,18000,6065001000000,6065002000000,6065003000000,6065018000000,6065019000000,303908000,27000,17000,18000,9000
1780741470,208801000,4712,1,U,N,6068999000000,6068998000000,6068997000000,6068991000000,6068990000000,274541000,54000,17000,18000,18000,6065001000000,6065002000000,6065003000000,6065018000000,6065019000000,299334000,27000,17000,18000,9000
1780741470,308594000,4715,1,U,N,6068999000000,6068998000000,6068997000000,6068991000000,6068990000000,274541000,54000,17000,18000,18000,6065001000000,6065002000000,6065003000000,6065018000000,6065019000000,299123000,27000,17000,18000,9000
1780741470,409758000,4717,1,U,N,6068999000000,6068998000000,6068997000000,6068991000000,6068990000000,274541000,54000,17000,18000,18000,6065001000000,6065002000000,6065003000000,6065018000000,6065019000000,297413000,27000,17000,18000,9000
1780741470,509331000,4719,1,U,N,6068999000000,6068998000000,6068997000000,6068991000000,6068990000000,274541000,54000,17000,18000,18000,6065001000000,6065002000000,6065003000000,6065018000000,6065019000000,325719000,27000,17000,18000,9000
1780741470,609666000,4721,1,U,N,6068999000000,6068998000000,6068997000000,6068991000000,6068990000000,274541000,54000,17000,18000,18000,6065001000000,6065002000000,6065003000000,6065018000000,6065019000000,325729000,27000,17000,18000,9000
1780741470,709897000,4723,1,U,N,6068999000000,6068998000000,6068997000000,6068991000000,6068990000000,274541000,54000,17000,18000,18000,6065001000000,6065002000000,6065003000000,6065018000000,6065019000000,317128000,27000,17000,18000,9000
1780741470,809001000,4725,1,U,N,6068999000000,6068998000000,6068997000000,6068991000000,6068990000000,274541000,54000,17000,18000,18000,6065001000000,6065002000000,6065003000000,6065018000000,6065019000000,317128000,27000,17000,18000,9000
1780741470,915511000,4727,1,U,N,6068999000000,6068998000000,6068997000000,6068991000000,6068990000000,274541000,54000,17000,18000,18000,6065001000000,6065002000000,6065003000000,6065018000000,6065019000000,317128000,27000,17000,18000,9000
1780741471,11690000,4729,1,U,N,6068999000000,6068998000000,6068997000000,6068991000000,6068990000000,274541000,54000,17000,18000,18000,6065001000000,6065002000000,6065003000000,6065018000000,6065019000000,317128000,27000,17000,18000,9000
1780741471,108615000,4731,1,U,N,6068999000000,6068998000000,6068997000000,6068991000000,6068990000000,274541000,54000,17000,18000,18000,6065001000000,6065002000000,6065003000000,6065018000000,6065019000000,317128000,27000,17000,18000,9000
1780741471,208897000,4733,1,U,N,6068999000000,6068998000000,6068997000000,6068991000000,6068990000000,274541000,54000,17000,18000,18000,6065001000000,6065002000000,6065003000000,6065018000000,6065019000000,326056000,27000,17000,18000,9000
1780741471,308052000,4735,1,U,N,6068999000000,6068998000000,6068997000000,6068991000000,6068990000000,274541000,54000,17000,18000,18000,6065001000000,6065002000000,6065003000000,6065018000000,6065019000000,326056000,27000,17000,18000,9000
1780741471,411863000,4737,1,U,N,6068999000000,6068998000000,6068997000000,6068991000000,6068990000000,274541000,54000,17000,18000,18000,6065001000000,6065002000000,6065003000000,6065018000000,6065019000000,326056000,27000,17000,18000,9000
1780741471,509076000,4740,1,U,N,6068999000000,6068998000000,6068997000000,6068991000000,6068990000000,274541000,54000,17000,18000,18000,6065001000000,6065002000000,6065003000000,6065018000000,6065019000000,317958000,27000,17000,18000,9000
1780741471,608589000,4742,1,U,N,6068999000000,6068998000000,6068997000000,6068991000000,6068990000000,274541000,54000,17000,18000,18000,6065001000000,6065002000000,6065003000000,6065018000000,6065019000000,317958000,27000,17000,18000,9000
1780741471,708784000,4744,1,U,N,6068999000000,6068998000000,6068997000000,6068991000000,6068990000000,274541000,54000,17000,18000,18000,6065001000000,6065002000000,6065003000000,6065018000000,6065019000000,326858000,27000,17000,18000,9000
1780741471,817424000,4746,1,U,N,6068999000000,6068998000000,6068997000000,6068991000000,6068990000000,274541000,54000,17000,18000,18000,6065001000000,6065002000000,6065003000000,6065018000000,6065019000000,304479000,27000,17000,18000,9000
1780741471,912137000,4748,1,U,N,6068999000000,6068998000000,6068997000000,6068991000000,6068990000000,274541000,54000,17000,18000,18000,6065001000000,6065002000000,6065003000000,6065018000000,6065019000000,304479000,27000,17000,18000,9000
1780741472,12035000,4750,1,U,N,6068999000000,6068998000000,6068997000000,6068991000000,6068990000000,274541000,54000,17000,18000,18000,6065001000000,6065002000000,6065003000000,6065018000000,6065019000000,298966000,27000,17000,18000,9000
1780741472,114611000,4752,1,U,N,6068999000000,6068998000000,6068997000000,6068991000000,6068990000000,274541000,54000,17000,18000,18000,6065001000000,6065002000000,6065003000000,6065018000000,6065019000000,298966000,27000,17000,18000,9000
1780741472,215086000,4754,1,U,N,6068999000000,6068998000000,6068997000000,6068991000000,6068990000000,274541000,54000,17000,18000,18000,6065001000000,6065002000000,6065003000000,6065018000000,6065019000000,298966000,27000,17000,18000,9000
1780741472,308221000,4756,1,U,N,6068999000000,6068998000000,6068997000000,6068991000000,6068990000000,274541000,54000,17000,18000,18000,6065001000000,6065002000000,6065003000000,6065018000000,6065019000000,298966000,27000,17000,18000,9000
1780741472,412485000,4900,1,U,N,6068999000000,6068998000000,6068997000000,6068991000000,6068990000000,274541000,54000,17000,18000,18000,6064338000000,6064339000000,6064340000000,6064341000000,6065001000000,411116000,17000,26000,9000,298966000
1780741472,509338000,4952,1,U,N,6068999000000,6068998000000,6068997000000,6068991000000,6068990000000,274541000,54000,17000,18000,18000,6064201000000,6064266000000,6064294000000,6064308000000,6064338000000,499751000,2897000,2897000,9000,411116000
1780741472,609601000,4954,1,U,N,6068999000000,6068998000000,6068997000000,6068991000000,6068990000000,274541000,54000,17000,18000,18000,6064201000000,6064202000000,6064203000000,6064266000000,6064294000000,511682000,17000,17000,2897000,2897000
1780741472,710361000,4956,1,U,N,6068999000000,6068998000000,6068997000000,6068991000000,6068990000000,274541000,54000,17000,18000,18000,6064201000000,6064202000000,6064203000000,6064266000000,6064294000000,492582000,17000,17000,2897000,2897000
1780741472,815946000,4959,1,U,N,6068999000000,6068998000000,6068997000000,6068991000000,6068990000000,274541000,54000,17000,18000,18000,6064201000000,6064202000000,6064203000000,6064266000000,6064294000000,492103000,17000,17000,2897000,2897000
1780741472,911111000,5046,1,U,N,6068999000000,6068998000000,6068997000000,6068991000000,6068990000000,274541000,54000,17000,18000,18000,6063971000000,6063972000000,6063973000000,6063999000000,6064201000000,460482000,17000,17000,18000,492103000
1780741473,8601000,5049,1,U,N,6068999000000,6068998000000,6068997000000,6068991000000,6068990000000,274541000,54000,17000,18000,18000,6063971000000,6063972000000,6063973000000,6063999000000,6064000000000,474397000,17000,17000,18000,19801000
1780741473,109083000,5052,1,U,N,6068999000000,6068998000000,6068997000000,6068991000000,6068990000000,274541000,54000,17000,18000,18000,6063971000000,6063972000000,6063973000000,6063999000000,6064000000000,474109000,17000,17000,18000,19801000
1780741473,210813000,5054,1,U,N,6068999000000,6068998000000,6068997000000,6068991000000,6068990000000,274541000,54000,17000,18000,18000,6063971000000,6063972000000,6063973000000,6063999000000,6064000000000,475032000,17000,17000,18000,19801000
1780741473,309934000,5056,1,U,N,6068999000000,6068998000000,6068997000000,6068991000000,6068990000000,274541000,54000,17000,18000,18000,6063971000000,6063972000000,6063973000000,6063999000000,6064000000000,475032000,17000,17000,18000,19801000
1780741473,408573000,5058,1,U,N,6068999000000,6068998000000,6068997000000,6068991000000,6068990000000,274541000,54000,17000,18000,18000,6063971000000,6063972000000,6063973000000,6063999000000,6064000000000,475032000,17000,17000,18000,19801000
1780741473,511225000,5060,1,U,N,6068999000000,6068998000000,6068997000000,6068991000000,6068990000000,274541000,54000,17000,18000,18000,6063971000000,6063972000000,6063973000000,6063999000000,6064000000000,475051000,17000,17000,18000,19801000
1780741473,608987000,5062,1,U,N,6068999000000,6068998000000,6068997000000,6068991000000,6068990000000,274541000,54000,17000,18000,18000,6063971000000,6063972000000,6063973000000,6063999000000,6064000000000,210647000,17000,17000,18000,19801000
1780741473,709425000,5064,1,U,N,6068999000000,6068998000000,6068997000000,6068991000000,6068990000000,274541000,54000,17000,18000,18000,6063971000000,6063972000000,6063973000000,6063999000000,6064000000000,125881000,17000,17000,18000,19801000
1780741473,808487000,5066,1,U,N,6068999000000,6068998000000,6068997000000,6068991000000,6068990000000,274541000,54000,17000,18000,18000,6063971000000,6063972000000,6063973000000,6063999000000,6064000000000,192165000,17000,17000,18000,19801000
1780741473,911802000,5068,1,U,N,6068999000000,6068998000000,6068997000000,6068991000000,6068990000000,274541000,54000,17000,18000,18000,6063971000000,6063972000000,6063973000000,6063999000000,6064000000000,192165000,17000,17000,18000,19801000
1780741474,12538000,5070,1,U,N,6068999000000,6068998000000,6068997000000,6068991000000,6068990000000,274541000,54000,17000,18000,18000,6063971000000,6063972000000,6063973000000,6063999000000,6064000000000,23083000,17000,17000,18000,19801000
1780741474,123464000,5072,1,U,N,6068999000000,6068998000000,6068997000000,6068991000000,6068990000000,274541000,54000,17000,18000,18000,6063971000000,6063972000000,6063973000000,6063999000000,6064000000000,89000,17000,17000,18000,19801000
1780741474,209610000,5074,1,U,N,6068999000000,6068998000000,6068997000000,6068991000000,6068990000000,274541000,54000,17000,18000,18000,6063971000000,6063972000000,6063973000000,6063999000000,6064000000000,89000,17000,17000,18000,19801000
1780741474,309178000,5076,1,U,N,6068999000000,6068998000000,6068997000000,6068991000000,6068990000000,274541000,54000,17000,18000,18000,6063971000000,6063972000000,6063973000000,6063999000000,6064000000000,108000,17000,17000,18000,19801000
1780741474,408771000,5078,1,U,N,6068999000000,6068998000000,6068997000000,6068991000000,6068990000000,274541000,54000,17000,18000,18000,6063971000000,6063972000000,6063973000000,6063999000000,6064000000000,628000,17000,17000,18000,19801000
1780741474,509865000,5080,1,U,N,6068999000000,6068998000000,6068997000000,6068991000000,6068990000000,274541000,54000,17000,18000,18000,6063971000000,6063972000000,6063973000000,6063999000000,6064000000000,61969000,17000,17000,18000,19801000
1780741474,608917000,5082,1,U,N,6068999000000,6068998000000,6068997000000,6068991000000,6068990000000,274541000,54000,17000,18000,18000,6063971000000,6063972000000,6063973000000,6063999000000,6064000000000,88978000,17000,17000,18000,19801000
1780741474,708749000,5095,1,U,N,6068999000000,6068998000000,6068997000000,6068991000000,6068990000000,274541000,54000,17000,18000,18000,6063971000000,6063972000000,6063973000000,6063999000000,6064000000000,168667000,17000,17000,18000,19801000
1780741474,813783000,5097,1,U,N,6068999000000,6068998000000,6068997000000,6068991000000,6068990000000,274541000,54000,17000,18000,18000,6063971000000,6063972000000,6063973000000,6063999000000,6064000000000,186968000,17000,17000,18000,19801000
1780741474,911191000,5100,1,U,N,6068999000000,6068998000000,6068997000000,6068991000000,6068990000000,274541000,54000,17000,18000,18000,6063971000000,6063972000000,6063973000000,6063999000000,6064000000000,186988000,17000,17000,18000,19801000
1780741475,13389000,5103,1,U,N,6068999000000,6068998000000,6068997000000,6068991000000,6068990000000,274541000,54000,17000,18000,18000,6063971000000,6063972000000,6063973000000,6063999000000,6064000000000,186960000,17000,17000,18000,19801000
1780741475,108759000,5105,1,U,N,6068999000000,6068998000000,6068997000000,6068991000000,6068990000000,274541000,54000,17000,18000,18000,6063971000000,6063972000000,6063973000000,6063999000000,6064000000000,186960000,17000,17000,18000,19801000
1780741475,210291000,5114,1,U,N,6068999000000,6068998000000,6068997000000,6068991000000,6068990000000,274541000,54000,17000,18000,18000,6063971000000,6063972000000,6063973000000,6063999000000,6064000000000,102144000,17000,17000,18000,19801000
1780741475,311800000,5117,1,U,N,6068999000000,6068998000000,6068997000000,6068991000000,6068990000000,274541000,54000,17000,18000,18000,6063971000000,6063972000000,6063973000000,6063999000000,6064000000000,61298000,17000,17000,18000,19801000
1780741475,409448000,5119,1,U,N,6068999000000,6068998000000,6068997000000,6068991000000,6068990000000,274541000,54000,17000,18000,18000,6063971000000,6063972000000,6063973000000,6063999000000,6064000000000,61371000,53000,17000,18000,19801000
1780741475,509256000,5121,1,U,N,6068999000000,6068998000000,6068997000000,6068991000000,6068990000000,274541000,54000,17000,18000,18000,6063971000000,6063972000000,6063973000000,6063999000000,6064000000000,61344000,35000,17000,18000,19801000
1780741475,608935000,5123,1,U,N,6068999000000,6068998000000,6068997000000,6068991000000,6068990000000,274541000,54000,17000,18000,18000,6063971000000,6063972000000,6063973000000,6063999000000,6064000000000,61344000,35000,17000,18000,19801000
1780741475,709389000,5125,1,U,N,6068999000000,6068998000000,6068997000000,6068991000000,6068990000000,274541000,54000,17000,18000,18000,6063971000000,6063972000000,6063973000000,6063999000000,6064000000000,61344000,35000,17000,18000,19801000
1780741475,820473000,5127,1,U,N,6068999000000,6068998000000,6068997000000,6068991000000,6068990000000,274541000,54000,17000,18000,18000,6063971000000,6063972000000,6063973000000,6063999000000,6064000000000,619000,35000,17000,18000,19801000
1780741475,909243000,5129,1,U,N,6068999000000,6068998000000,6068997000000,6068991000000,6068990000000,274541000,54000,17000,18000,18000,6063971000000,6063972000000,6063973000000,6063999000000,6064000000000,18700000,35000,17000,18000,19801000
1780741476,11388000,5154,1,U,N,6068999000000,6068998000000,6068997000000,6068991000000,6068990000000,274541000,54000,17000,18000,18000,6063971000000,6063972000000,6063973000000,6063999000000,6064000000000,18700000,35000,17000,18000,19801000
1780741476,118017000,5156,1,U,N,6068999000000,6068998000000,6068997000000,6068991000000,6068990000000,274541000,54000,17000,18000,18000,6063971000000,6063972000000,6063973000000,6063999000000,6064000000000,18700000,35000,17000,18000,19801000
1780741476,209896000,5158,1,U,N,6068999000000,6068998000000,6068997000000,6068991000000,6068990000000,274541000,54000,17000,18000,18000,6063971000000,6063972000000,6063973000000,6063999000000,6064000000000,18700000,35000,17000,18000,19801000
1780741476,310018000,5162,1,U,N,6068999000000,6068998000000,6068997000000,6068991000000,6068990000000,274541000,54000,17000,18000,18000,6063971000000,6063972000000,6063973000000,6063999000000,6064000000000,18700000,35000,17000,18000,19801000
1780741476,410921000,5164,1,U,N,6068999000000,6068998000000,6068997000000,6068991000000,6068990000000,274541000,54000,17000,18000,18000,6063971000000,6063972000000,6063973000000,6063999000000,6064000000000,18700000,35000,17000,18000,19801000
1780741476,510611000,5166,1,U,N,6068999000000,6068998000000,6068997000000,6068991000000,6068990000000,274541000,54000,17000,18000,18000,6063971000000,6063972000000,6063973000000,6063999000000,6064000000000,18700000,35000,17000,18000,19801000
1780741476,609637000,5168,1,U,N,6068999000000,6068998000000,6068997000000,6068991000000,6068990000000,274541000,54000,17000,18000,18000,6063971000000,6063972000000,6063973000000,6063999000000,6064000000000,18700000,35000,17000,18000,19801000
1780741476,708615000,5170,1,U,N,6068999000000,6068998000000,6068997000000,6068991000000,6068990000000,274541000,54000,17000,18000,18000,6063971000000,6063972000000,6063973000000,6063999000000,6064000000000,18700000,35000,17000,18000,19801000
1780741476,809122000,5172,1,U,N,6068999000000,6068998000000,6068997000000,6068991000000,6068990000000,274541000,54000,17000,18000,18000,6063971000000,6063972000000,6063973000000,6063999000000,6064000000000,18700000,35000,17000,18000,19801000
1780741476,911452000,5174,1,U,N,6068999000000,6068998000000,6068997000000,6068991000000,6068990000000,274541000,54000,17000,18000,18000,6063971000000,6063972000000,6063973000000,6063999000000,6064000000000,18700000,35000,17000,18000,19801000
1780741477,14357000,5176,1,U,N,6068999000000,6068998000000,6068997000000,6068991000000,6068990000000,274541000,54000,17000,18000,18000,6063971000000,6063972000000,6063973000000,6063999000000,6064000000000,18700000,35000,17000,18000,19801000
1780741477,113258000,5178,1,U,N,6068999000000,6068998000000,6068997000000,6068991000000,6068990000000,274541000,54000,17000,18000,18000,6063971000000,6063972000000,6063973000000,6063999000000,6064000000000,18700000,35000,17000,18000,19801000
1780741477,216014000,5180,1,U,N,6068999000000,6068998000000,6068997000000,6068991000000,6068990000000,274541000,54000,17000,18000,18000,6063971000000,6063972000000,6063973000000,6063999000000,6064000000000,18700000,35000,17000,18000,19801000
1780741477,308466000,5182,1,U,N,6068999000000,6068998000000,6068997000000,6068991000000,6068990000000,274541000,54000,17000,18000,18000,6063971000000,6063972000000,6063973000000,6063999000000,6064000000000,18700000,35000,17000,18000,19801000
1780741477,408992000,5184,1,U,N,6068999000000,6068998000000,6068997000000,6068991000000,6068990000000,274541000,54000,17000,18000,18000,6063971000000,6063972000000,6063973000000,6063999000000,6064000000000,18700000,35000,17000,18000,19801000
1780741477,516758000,5192,1,U,N,6068999000000,6068998000000,6068997000000,6068991000000,6068990000000,274541000,54000,17000,18000,18000,6063971000000,6063972000000,6063973000000,6063999000000,6064000000000,18700000,35000,17000,18000,19801000
1780741477,608235000,5194,1,U,N,6068999000000,6068998000000,6068997000000,6068991000000,6068990000000,274541000,54000,17000,18000,18000,6063971000000,6063972000000,6063973000000,6063999000000,6064000000000,18700000,35000,17000,18000,19801000
1780741477,710417000,5196,1,U,N,6068999000000,6068998000000,6068997000000,6068991000000,6068990000000,274541000,54000,17000,18000,18000,6063971000000,6063972000000,6063973000000,6063999000000,6064000000000,18700000,35000,17000,18000,19801000
1780741477,810168000,5198,1,U,N,6068999000000,6068998000000,6068997000000,6068991000000,6068990000000,274541000,54000,17000,18000,18000,6063971000000,6063972000000,6063973000000,6063999000000,6064000000000,18700000,35000,17000,18000,19801000
1780741477,917314000,5200,1,U,N,6068999000000,6068998000000,6068997000000,6068991000000,6068990000000,274541000,54000,17000,18000,18000,6063971000000,6063972000000,6063973000000,6063999000000,6064000000000,18700000,35000,17000,18000,19801000
1780741478,12109000,5204,1,U,N,6068999000000,6068998000000,6068997000000,6068991000000,6068990000000,274541000,54000,17000,18000,18000,6063971000000,6063972000000,6063973000000,6063999000000,6064000000000,18700000,35000,17000,18000,19801000
1780741478,112506000,5206,1,U,N,6068999000000,6068998000000,6068997000000,6068991000000,6068990000000,274541000,54000,17000,18000,18000,6063971000000,6063972000000,6063973000000,6063999000000,6064000000000,18700000,35000,17000,18000,19801000
1780741478,212587000,5208,1,U,N,6068999000000,6068998000000,6068997000000,6068991000000,6068990000000,274541000,54000,17000,18000,18000,6063971000000,6063972000000,6063973000000,6063999000000,6064000000000,18700000,35000,17000,18000,19801000
1780741478,314264000,5210,1,U,N,6068999000000,6068998000000,6068997000000,6068991000000,6068990000000,274541000,54000,17000,18000,18000,6063971000000,6063972000000,6063973000000,6063999000000,6064000000000,18700000,35000,17000,18000,19801000
1780741478,408776000,5212,1,U,N,6068999000000,6068998000000,6068997000000,6068991000000,6068990000000,274541000,54000,17000,18000,18000,6063971000000,6063972000000,6063973000000,6063999000000,6064000000000,18700000,35000,17000,18000,19801000
1780741478,509352000,5214,1,U,N,6068999000000,6068998000000,6068997000000,6068991000000,6068990000000,274541000,54000,17000,18000,18000,6063971000000,6063972000000,6063973000000,6063999000000,6064000000000,18700000,35000,17000,18000,19801000
1780741478,608532000,5217,1,U,N,6068999000000,6068998000000,6068997000000,6068991000000,6068990000000,274541000,54000,17000,18000,18000,6063971000000,6063972000000,6063973000000,6063999000000,6064000000000,18700000,35000,17000,18000,19801000
1780741478,714158000,5219,1,U,N,6068999000000,6068998000000,6068997000000,6068991000000,6068990000000,274541000,54000,17000,18000,18000,6063971000000,6063972000000,6063973000000,6063999000000,6064000000000,18700000,35000,17000,18000,19801000
1780741478,808386000,5222,1,U,N,6068999000000,6068998000000,6068997000000,6068991000000,6068990000000,274541000,54000,17000,18000,18000,6063971000000,6063972000000,6063973000000,6063999000000,6064000000000,18700000,35000,17000,18000,19801000
1780741478,908977000,5224,1,U,N,6068999000000,6068998000000,6068997000000,6068991000000,6068990000000,274541000,54000,17000,18000,18000,6063971000000,6063972000000,6063973000000,6063999000000,6064000000000,18700000,35000,17000,18000,19801000
1780741479,9350000,5226,1,U,N,6068999000000,6068998000000,6068997000000,6068991000000,6068990000000,274541000,54000,17000,18000,18000,6063971000000,6063972000000,6063973000000,6063999000000,6064000000000,18700000,35000,17000,18000,19801000
1780741479,109393000,5228,1,U,N,6068999000000,6068998000000,6068997000000,6068991000000,6068990000000,274541000,54000,17000,18000,18000,6063971000000,6063972000000,6063973000000,6063999000000,6064000000000,18700000,35000,17000,18000,19801000
1780741479,208839000,5230,1,U,N,6068999000000,6068998000000,6068997000000,6068991000000,6068990000000,274541000,54000,17000,18000,18000,6063971000000,6063972000000,6063973000000,6063999000000,6064000000000,18700000,35000,17000,18000,19801000
1780741479,309983000,5232,1,U,N,6068999000000,6068998000000,6068997000000,6068991000000,6068990000000,274541000,54000,17000,18000,18000,6063971000000,6063972000000,6063973000000,6063999000000,6064000000000,18700000,35000,17000,18000,19801000
1780741479,408608000,5234,1,U,N,6068999000000,6068998000000,6068997000000,6068991000000,6068990000000,274541000,54000,17000,18000,18000,6063971000000,6063972000000,6063973000000,6063999000000,6064000000000,18700000,35000,17000,18000,19801000
1780741479,511581000,5236,1,U,N,6068999000000,6068998000000,6068997000000,6068991000000,6068990000000,274541000,54000,17000,18000,18000,6063971000000,6063972000000,6063973000000,6063999000000,6064000000000,18700000,35000,17000,18000,19801000
1780741479,609038000,5238,1,U,N,6068999000000,6068998000000,6068997000000,6068991000000,6068990000000,274541000,54000,17000,18000,18000,6063971000000,6063972000000,6063973000000,6063999000000,6064000000000,18700000,35000,17000,18000,19801000
1780741479,708394000,5240,1,U,N,6068999000000,6068998000000,6068997000000,6068991000000,6068990000000,274541000,54000,17000,18000,18000,6063971000000,6063972000000,6063973000000,6063999000000,6064000000000,18700000,35000,17000,18000,19801000
1780741479,808514000,5246,1,U,N,6068999000000,6068998000000,6068997000000,6068991000000,6068990000000,274541000,54000,17000,18000,18000,6063971000000,6063972000000,6063973000000,6063999000000,6064000000000,18700000,35000,17000,18000,19801000
1780741479,909211000,5248,1,U,N,6068999000000,6068998000000,6068997000000,6068991000000,6068990000000,274541000,54000,17000,18000,18000,6063971000000,6063972000000,6063973000000,6063999000000,6064000000000,18700000,35000,17000,18000,19801000
1780741480,8936000,5252,1,U,N,6068999000000,6068998000000,6068997000000,6068991000000,6068990000000,274541000,54000,17000,18000,18000,6063971000000,6063972000000,6063973000000,6063999000000,6064000000000,18700000,35000,17000,18000,19801000
1780741480,109770000,5254,1,U,N,6068999000000,6068998000000,6068997000000,6068991000000,6068990000000,274541000,54000,17000,18000,18000,6063971000000,6063972000000,6063973000000,6063999000000,6064000000000,18700000,35000,17000,18000,19801000
1780741480,208624000,5256,1,U,N,6068999000000,6068998000000,6068997000000,6068991000000,6068990000000,274541000,54000,17000,18000,18000,6063971000000,6063972000000,6063973000000,6063999000000,6064000000000,18700000,35000,17000,18000,19801000
1780741480,309447000,5258,1,U,N,6068999000000,6068998000000,6068997000000,6068991000000,6068990000000,274541000,54000,17000,18000,18000,6063971000000,6063972000000,6063973000000,6063999000000,6064000000000,18700000,35000,17000,18000,19801000
1780741480,408591000,5406,1,U,N,6068999000000,6068998000000,6068997000000,6068991000000,6068990000000,274541000,54000,17000,18000,18000,6063834000000,6063835000000,6063836000000,6063858000000,6063971000000,364058000,17000,17000,3261000,18700000
1780741480,515138000,5440,1,U,N,6068999000000,6068998000000,6068997000000,6068991000000,6068990000000,274541000,54000,17000,18000,18000,6063756000000,6063757000000,6063758000000,6063800000000,6063834000000,418439000,145000,17000,24000,364058000
1780741480,612323000,5442,1,U,N,6068999000000,6068998000000,6068997000000,6068991000000,6068990000000,274541000,54000,17000,18000,18000,6063756000000,6063757000000,6063758000000,6063800000000,6063834000000,359251000,145000,17000,24000,364058000
1780741480,716709000,5444,1,U,N,6068999000000,6068998000000,6068997000000,6068991000000,6068990000000,274541000,54000,17000,18000,18000,6063756000000,6063757000000,6063758000000,6063800000000,6063834000000,359251000,145000,17000,24000,364058000
1780741480,816608000,5446,1,U,N,6068999000000,6068998000000,6068997000000,6068991000000,6068990000000,274541000,54000,17000,18000,18000,6063756000000,6063757000000,6063758000000,6063800000000,6063834000000,359251000,145000,17000,24000,364058000
1780741480,908532000,5448,1,U,N,6068999000000,6068998000000,6068997000000,6068991000000,6068990000000,274541000,54000,17000,18000,18000,6063756000000,6063757000000,6063758000000,6063800000000,6063834000000,360075000,145000,17000,24000,364058000
1780741481,8691000,5451,1,U,N,6068999000000,6068998000000,6068997000000,6068991000000,6068990000000,274541000,54000,17000,18000,18000,6063756000000,6063757000000,6063758000000,6063800000000,6063834000000,360094000,145000,17000,24000,364058000
1780741481,109249000,5453,1,U,N,6068999000000,6068998000000,6068997000000,6068991000000,6068990000000,274541000,54000,17000,18000,18000,6063756000000,6063757000000,6063758000000,6063800000000,6063834000000,360094000,145000,17000,24000,364058000
1780741481,208505000,5455,1,U,N,6068999000000,6068998000000,6068997000000,6068991000000,6068990000000,274541000,54000,17000,18000,18000,6063756000000,6063757000000,6063758000000,6063800000000,6063834000000,360094000,145000,17000,24000,364058000
1780741481,311372000,5457,1,U,N,6068999000000,6068998000000,6068997000000,6068991000000,6068990000000,274541000,54000,17000,18000,18000,6063756000000,6063757000000,6063758000000,6063800000000,6063834000000,360094000,145000,17000,24000,364058000
1780741481,409042000,5459,1,U,N,6068999000000,6068998000000,6068997000000,6068991000000,6068990000000,274541000,54000,17000,18000,18000,6063756000000,6063757000000,6063758000000,6063800000000,6063834000000,364201000,145000,17000,24000,364058000
1780741481,524186000,5462,1,U,N,6068999000000,6068998000000,6068997000000,6068991000000,6068990000000,274541000,54000,17000,18000,18000,6063756000000,6063757000000,6063758000000,6063800000000,6063834000000,364142000,145000,17000,42000,364058000
1780741481,608665000,5465,1,U,N,6068999000000,6068998000000,6068997000000,6068991000000,6068990000000,274541000,54000,17000,18000,18000,6063756000000,6063757000000,6063758000000,6063800000000,6063834000000,344439000,145000,17000,24000,364058000
1780741481,714569000,5467,1,U,N,6068999000000,6068998000000,6068997000000,6068991000000,6068990000000,274541000,54000,17000,18000,18000,6063756000000,6063757000000,6063758000000,6063800000000,6063834000000,359061000,145000,17000,24000,364058000
1780741481,808912000,5469,1,U,N,6068999000000,6068998000000,6068997000000,6068991000000,6068990000000,274541000,54000,17000,18000,18000,6063756000000,6063757000000,6063758000000,6063800000000,6063834000000,359080000,145000,17000,24000,364058000
1780741481,909268000,5471,1,U,N,6068999000000,6068998000000,6068997000000,6068991000000,6068990000000,274541000,54000,17000,18000,18000,6063756000000,6063757000000,6063758000000,6063800000000,6063834000000,359080000,145000,17000,24000,364058000
1780741482,9052000,5473,1,U,N,6068999000000,6068998000000,6068997000000,6068991000000,6068990000000,274541000,54000,17000,18000,18000,6063756000000,6063757000000,6063758000000,6063800000000,6063834000000,340443000,145000,17000,24000,364058000
1780741482,109233000,5475,1,U,N,6068999000000,6068998000000,6068997000000,6068991000000,6068990000000,274541000,54000,17000,18000,18000,6063756000000,6063757000000,6063758000000,6063800000000,6063834000000,320105000,145000,17000,24000,364058000
1780741482,209052000,5477,1,U,N,6068999000000,6068998000000,6068997000000,6068991000000,6068990000000,274541000,54000,17000,18000,18000,6063756000000,6063757000000,6063758000000,6063800000000,6063834000000,320434000,145000,17000,24000,364058000
1780741482,309762000,5479,1,U,N,6068999000000,6068998000000,6068997000000,6068991000000,6068990000000,274541000,54000,17000,18000,18000,6063756000000,6063757000000,6063758000000,6063800000000,6063834000000,320434000,145000,17000,24000,364058000
1780741482,410351000,5481,1,U,N,6068999000000,6068998000000,6068997000000,6068991000000,6068990000000,274541000,54000,17000,18000,18000,6063756000000,6063757000000,6063758000000,6063800000000,6063834000000,320434000,145000,17000,24000,364058000
1780741482,510691000,5483,1,U,N,6068999000000,6068998000000,6068997000000,6068991000000,6068990000000,274541000,54000,17000,18000,18000,6063756000000,6063757000000,6063758000000,6063800000000,6063834000000,305242000,145000,17000,24000,364058000
1780741482,615651000,5485,1,U,N,6068999000000,6068998000000,6068997000000,6068991000000,6068990000000,274541000,54000,17000,18000,18000,6063756000000,6063757000000,6063758000000,6063800000000,6063834000000,305242000,145000,17000,24000,364058000
1780741482,719160000,5488,1,U,N,6068999000000,6068998000000,6068997000000,6068991000000,6068990000000,274541000,54000,17000,18000,18000,6063756000000,6063757000000,6063758000000,6063800000000,6063834000000,305224000,145000,17000,24000,364058000
1780741482,809558000,5490,1,U,N,6068999000000,6068998000000,6068997000000,6068991000000,6068990000000,274541000,54000,17000,18000,18000,6063756000000,6063757000000,6063758000000,6063800000000,6063834000000,305224000,145000,17000,24000,364058000
1780741482,912869000,5492,1,U,N,6068999000000,6068998000000,6068997000000,6068991000000,6068990000000,274541000,54000,17000,18000,18000,6063756000000,6063757000000,6063758000000,6063800000000,6063834000000,305224000,145000,17000,24000,364058000
1780741483,9025000,5494,1,U,N,6068999000000,6068998000000,6068997000000,6068991000000,6068990000000,274541000,54000,17000,18000,18000,6063756000000,6063757000000,6063758000000,6063800000000,6063834000000,305224000,145000,17000,24000,364058000
1780741483,113948000,5496,1,U,N,6068999000000,6068998000000,6068997000000,6068991000000,6068990000000,274541000,54000,17000,18000,18000,6063756000000,6063757000000,6063758000000,6063800000000,6063834000000,305033000,145000,17000,24000,364058000
1780741483,209234000,5498,1,U,N,6068999000000,6068998000000,6068997000000,6068991000000,6068990000000,274541000,54000,17000,18000,18000,6063756000000,6063757000000,6063758000000,6063800000000,6063834000000,305033000,145000,17000,24000,364058000
1780741483,308858000,5500,1,U,N,6068999000000,6068998000000,6068997000000,6068991000000,6068990000000,274541000,54000,17000,18000,18000,6063756000000,6063757000000,6063758000000,6063800000000,6063834000000,262030000,17000,17000,24000,364058000
1780741483,410347000,5660,1,U,N,6068999000000,6068998000000,6068997000000,6068991000000,6068990000000,274541000,54000,17000,18000,18000,6063148000000,6063149000000,6063150000000,6063208000000,6063756000000,102373000,17000,17000,28809000,262030000
1780741483,509010000,5662,1,U,N,6068999000000,6068998000000,6068997000000,6068991000000,6068990000000,274541000,54000,17000,18000,18000,6063148000000,6063149000000,6063150000000,6063207000000,6063208000000,84859000,26000,17000,18000,28809000
