tsec,tnsec,seqNo,id,type,side,bid0,bid1,bid2,bid3,bid4,bid_size0,bid_size1,bid_size2,bid_size3,bid_size4,ask0,ask1,ask2,ask3,ask4,ask_size0,ask_size1,ask_size2,ask_size3,ask_size4
1780790942,754720000,0,1,U,N,6086000000000,0,0,0,0,21134000,0,0,0,0,6086001000000,0,0,0,0,337996000,0,0,0,0
1780790942,856088000,2,1,U,N,6086000000000,0,0,0,0,21179000,0,0,0,0,6086001000000,0,0,0,0,338014000,0,0,0,0
1780790942,959531000,4,1,U,N,6086000000000,0,0,0,0,21179000,0,0,0,0,6086001000000,0,0,0,0,338014000,0,0,0,0
1780790943,66695000,6,1,U,N,6086000000000,0,0,0,0,21179000,0,0,0,0,6086001000000,0,0,0,0,338014000,0,0,0,0
1780790943,154936000,8,1,U,N,6086000000000,0,0,0,0,21179000,0,0,0,0,6086001000000,0,0,0,0,338014000,0,0,0,0
1780790943,258141000,10,1,U,N,6086000000000,0,0,0,0,21348000,0,0,0,0,6086001000000,0,0,0,0,338014000,0,0,0,0
1780790943,354858000,12,1,U,N,6086000000000,0,0,0,0,5889000,0,0,0,0,6086001000000,0,0,0,0,337996000,0,0,0,0
1780790943,458220000,15,1,U,N,6086000000000,0,0,0,0,5757000,0,0,0,0,6086001000000,0,0,0,0,337996000,0,0,0,0
1780790943,555205000,17,1,U,N,6086000000000,0,0,0,0,5748000,0,0,0,0,6086001000000,0,0,0,0,337996000,0,0,0,0
1780790943,654870000,19,1,U,N,6086000000000,0,0,0,0,44666000,0,0,0,0,6086001000000,0,0,0,0,338014000,0,0,0,0
1780790943,759434000,21,1,U,N,6086000000000,0,0,0,0,5784000,0,0,0,0,6086001000000,0,0,0,0,337996000,0,0,0,0
1780790943,860344000,23,1,U,N,6086000000000,0,0,0,0,9502000,0,0,0,0,6086001000000,0,0,0,0,338817000,0,0,0,0
1780790943,954977000,25,1,U,N,6086000000000,0,0,0,0,24801000,0,0,0,0,6086001000000,0,0,0,0,338817000,0,0,0,0
1780790944,54798000,27,1,U,N,6086000000000,0,0,0,0,25187000,0,0,0,0,6086001000000,0,0,0,0,338014000,0,0,0,0
1780790944,166745000,29,1,U,N,6086000000000,0,0,0,0,25187000,0,0,0,0,6086001000000,0,0,0,0,338014000,0,0,0,0
1780790944,255886000,31,1,U,N,6086000000000,0,0,0,0,9548000,0,0,0,0,6086001000000,0,0,0,0,338014000,0,0,0,0
1780790944,356013000,33,1,U,N,6086000000000,0,0,0,0,24810000,0,0,0,0,6086001000000,0,0,0,0,338014000,0,0,0,0
1780790944,455202000,35,1,U,N,6086000000000,0,0,0,0,24810000,0,0,0,0,6086001000000,0,0,0,0,338014000,0,0,0,0
1780790944,556859000,39,1,U,N,6086000000000,0,0,0,0,24829000,0,0,0,0,6086001000000,0,0,0,0,337980000,0,0,0,0
1780790944,655391000,41,1,U,N,6086000000000,0,0,0,0,24810000,0,0,0,0,6086001000000,0,0,0,0,337980000,0,0,0,0
1780790944,754867000,43,1,U,N,6086000000000,0,0,0,0,24819000,0,0,0,0,6086001000000,0,0,0,0,337980000,0,0,0,0
1780790944,855804000,45,1,U,N,6086000000000,0,0,0,0,24819000,0,0,0,0,6086001000000,0,0,0,0,337980000,0,0,0,0
1780790944,955218000,47,1,U,N,6086000000000,0,0,0,0,24819000,0,0,0,0,6086001000000,0,0,0,0,337980000,0,0,0,0
1780790945,61629000,49,1,U,N,6086000000000,0,0,0,0,24819000,0,0,0,0,6086001000000,0,0,0,0,337980000,0,0,0,0
1780790945,155249000,51,1,U,N,6086000000000,0,0,0,0,24819000,0,0,0,0,6086001000000,0,0,0,0,337980000,0,0,0,0
1780790945,255636000,53,1,U,N,6086000000000,0,0,0,0,24819000,0,0,0,0,6086001000000,0,0,0,0,337980000,0,0,0,0
1780790945,356567000,55,1,U,N,6086000000000,0,0,0,0,9548000,0,0,0,0,6086001000000,0,0,0,0,337980000,0,0,0,0
1780790945,538199000,230,1,U,N,6086000000000,6085400000000,0,0,0,9548000,618000,0,0,0,6085401000000,6086001000000,0,0,0,38630000,337980000,0,0,0
1780790946,549556000,290,1,U,N,6086000000000,6085400000000,6085116000000,0,0,9548000,618000,15794000,0,0,6085117000000,6085401000000,6086001000000,0,0,538500000,38630000,337980000,0,0
1780790946,549622000,293,1,U,N,6086000000000,6085400000000,6085116000000,0,0,9548000,618000,15812000,0,0,6085117000000,6085401000000,6086001000000,0,0,531911000,38630000,337980000,0,0
1780790946,549644000,295,1,U,N,6086000000000,6085400000000,6085116000000,0,0,9548000,618000,15812000,0,0,6085117000000,6085401000000,6086001000000,0,0,531911000,38630000,337980000,0,0
1780790946,549658000,298,1,U,N,6086000000000,6085400000000,6085116000000,0,0,9548000,618000,522000,0,0,6085117000000,6085401000000,6086001000000,0,0,531802000,38630000,337980000,0,0
1780790946,549669000,300,1,U,N,6086000000000,6085400000000,6085116000000,0,0,9548000,618000,16077000,0,0,6085117000000,6085401000000,6086001000000,0,0,535114000,38630000,337980000,0,0
1780790946,549691000,302,1,U,N,6086000000000,6085400000000,6085116000000,0,0,9548000,618000,16095000,0,0,6085117000000,6085401000000,6086001000000,0,0,535114000,38630000,337980000,0,0
1780790946,549702000,304,1,U,N,6086000000000,6085400000000,6085116000000,0,0,9548000,618000,16095000,0,0,6085117000000,6085401000000,6086001000000,0,0,535114000,38630000,337980000,0,0
1780790946,549712000,306,1,U,N,6086000000000,6085400000000,6085116000000,0,0,9548000,618000,456000,0,0,6085117000000,6085401000000,6086001000000,0,0,539616000,38630000,337980000,0,0
1780790946,549720000,308,1,U,N,6086000000000,6085400000000,6085116000000,0,0,9548000,618000,447000,0,0,6085117000000,6085401000000,6086001000000,0,0,539616000,38630000,337980000,0,0
1780790946,549729000,310,1,U,N,6086000000000,6085400000000,6085116000000,0,0,9548000,618000,437000,0,0,6085117000000,6085401000000,6086001000000,0,0,542597000,38630000,337980000,0,0
1780790946,555430000,312,1,U,N,6086000000000,6085400000000,6085116000000,0,0,9548000,618000,858000,0,0,6085117000000,6085401000000,6086001000000,0,0,542616000,38630000,337980000,0,0
1780790946,753984000,314,1,U,N,6086000000000,6085400000000,6085116000000,0,0,9548000,618000,866000,0,0,6085117000000,6085401000000,6086001000000,0,0,542616000,38630000,337980000,0,0
1780790946,754678000,316,1,U,N,6086000000000,6085400000000,6085116000000,0,0,9548000,618000,876000,0,0,6085117000000,6085401000000,6086001000000,0,0,543528000,38630000,337980000,0,0
1780790946,936674000,326,1,U,N,6086000000000,6085400000000,6085116000000,0,0,9548000,618000,852000,0,0,6085117000000,6085401000000,6086001000000,0,0,543519000,38630000,337980000,0,0
1780790946,956872000,328,1,U,N,6086000000000,6085400000000,6085116000000,0,0,9548000,618000,852000,0,0,6085117000000,6085401000000,6086001000000,0,0,543519000,38630000,337980000,0,0
1780790947,56037000,330,1,U,N,6086000000000,6085400000000,6085116000000,0,0,9548000,618000,852000,0,0,6085117000000,6085401000000,6086001000000,0,0,543519000,38630000,337980000,0,0
1780790947,158918000,332,1,U,N,6086000000000,6085400000000,6085116000000,0,0,9548000,618000,852000,0,0,6085117000000,6085401000000,6086001000000,0,0,543519000,38630000,337980000,0,0
1780790947,256332000,335,1,U,N,6086000000000,6085400000000,6085116000000,0,0,9548000,618000,852000,0,0,6085117000000,6085401000000,6086001000000,0,0,543432000,38630000,337980000,0,0
1780790947,354299000,337,1,U,N,6086000000000,6085400000000,6085116000000,0,0,9548000,618000,861000,0,0,6085117000000,6085401000000,6086001000000,0,0,543432000,38630000,337980000,0,0
1780790947,454215000,339,1,U,N,6086000000000,6085400000000,6085116000000,0,0,9548000,618000,861000,0,0,6085117000000,6085401000000,6086001000000,0,0,543432000,38630000,337980000,0,0
1780790948,60375000,341,1,U,N,6086000000000,6085400000000,6085116000000,0,0,9548000,618000,861000,0,0,6085117000000,6085401000000,6086001000000,0,0,543432000,38630000,337980000,0,0
1780790948,60388000,344,1,U,N,6086000000000,6085400000000,6085116000000,0,0,9548000,618000,852000,0,0,6085117000000,6085401000000,6086001000000,0,0,543399000,38630000,337980000,0,0
1780790948,60424000,346,1,U,N,6086000000000,6085400000000,6085116000000,0,0,9548000,618000,16492000,0,0,6085117000000,6085401000000,6086001000000,0,0,542487000,38630000,337980000,0,0
1780790948,60433000,348,1,U,N,6086000000000,6085400000000,6085116000000,0,0,9548000,618000,16669000,0,0,6085117000000,6085401000000,6086001000000,0,0,542487000,38630000,337980000,0,0
1780790948,60442000,350,1,U,N,6086000000000,6085400000000,6085116000000,0,0,9548000,618000,16669000,0,0,6085117000000,6085401000000,6086001000000,0,0,542487000,38630000,337980000,0,0
1780790948,443874000,352,1,U,N,6086000000000,6085400000000,6085116000000,0,0,9548000,618000,16678000,0,0,6085117000000,6085401000000,6086001000000,0,0,542487000,38630000,337980000,0,0
1780790948,443883000,354,1,U,N,6086000000000,6085400000000,6085116000000,0,0,9548000,618000,16678000,0,0,6085117000000,6085401000000,6086001000000,0,0,542487000,38630000,337980000,0,0
1780790948,443891000,356,1,U,N,6086000000000,6085400000000,6085116000000,0,0,9548000,618000,16528000,0,0,6085117000000,6085401000000,6086001000000,0,0,542487000,38630000,337980000,0,0
1780790948,443931000,359,1,U,N,6086000000000,6085400000000,6085116000000,0,0,9548000,618000,16528000,0,0,6085117000000,6085401000000,6086001000000,0,0,542458000,38630000,337980000,0,0
1780790948,531747000,361,1,U,N,6086000000000,6085400000000,6085116000000,0,0,9548000,618000,16528000,0,0,6085117000000,6085401000000,6086001000000,0,0,542467000,38630000,337980000,0,0
1780790948,554435000,364,1,U,N,6086000000000,6085400000000,6085116000000,0,0,9548000,618000,16528000,0,0,6085117000000,6085401000000,6086001000000,0,0,541954000,38630000,337980000,0,0
1780790948,654229000,366,1,U,N,6086000000000,6085400000000,6085116000000,0,0,9548000,618000,16528000,0,0,6085117000000,6085401000000,6086001000000,0,0,541954000,38630000,337980000,0,0
1780790948,828897000,368,1,U,N,6086000000000,6085400000000,6085116000000,0,0,9548000,618000,16528000,0,0,6085117000000,6085401000000,6086001000000,0,0,541954000,38630000,337980000,0,0
1780790948,864942000,370,1,U,N,6086000000000,6085400000000,6085116000000,0,0,9548000,618000,16528000,0,0,6085117000000,6085401000000,6086001000000,0,0,541954000,38630000,337980000,0,0
1780790948,954787000,372,1,U,N,6086000000000,6085400000000,6085116000000,0,0,9548000,618000,16538000,0,0,6085117000000,6085401000000,6086001000000,0,0,541484000,38630000,337980000,0,0
1780790949,56027000,374,1,U,N,6086000000000,6085400000000,6085116000000,0,0,9548000,618000,16538000,0,0,6085117000000,6085401000000,6086001000000,0,0,541484000,38630000,337980000,0,0
1780790949,154264000,376,1,U,N,6086000000000,6085400000000,6085116000000,0,0,9548000,618000,17490000,0,0,6085117000000,6085401000000,6086001000000,0,0,541484000,38630000,337980000,0,0
1780790949,254549000,378,1,U,N,6086000000000,6085400000000,6085116000000,0,0,9548000,618000,17490000,0,0,6085117000000,6085401000000,6086001000000,0,0,541484000,38630000,337980000,0,0
1780790949,359516000,380,1,U,N,6086000000000,6085400000000,6085116000000,0,0,9548000,618000,363310000,0,0,6085117000000,6085401000000,6086001000000,0,0,15735000,38630000,337980000,0,0
1780790949,454753000,382,1,U,N,6086000000000,6085400000000,6085116000000,0,0,9548000,618000,388914000,0,0,6085117000000,6085401000000,6086001000000,0,0,39189000,38630000,337980000,0,0
1780790949,555745000,384,1,U,N,6086000000000,6085400000000,6085116000000,0,0,9548000,618000,388905000,0,0,6085117000000,6085401000000,6086001000000,0,0,38948000,38630000,337980000,0,0
1780790950,44062000,386,1,U,N,6086000000000,6085400000000,6085116000000,0,0,9548000,618000,388905000,0,0,6085117000000,6085401000000,6086001000000,0,0,38939000,38630000,337980000,0,0
1780790950,44140000,388,1,U,N,6086000000000,6085400000000,6085116000000,0,0,9548000,618000,388905000,0,0,6085117000000,6085401000000,6086001000000,0,0,38939000,38630000,337980000,0,0
1780790950,44156000,393,1,U,N,6086000000000,6085400000000,6085116000000,0,0,9548000,618000,388905000,0,0,6085117000000,6085401000000,6086001000000,0,0,38925000,38630000,337980000,0,0
1780790950,44165000,395,1,U,N,6086000000000,6085400000000,6085116000000,0,0,9548000,618000,388905000,0,0,6085117000000,6085401000000,6086001000000,0,0,38925000,38630000,337980000,0,0
1780790950,543725000,397,1,U,N,6086000000000,6085400000000,6085116000000,0,0,9548000,618000,388905000,0,0,6085117000000,6085401000000,6086001000000,0,0,38925000,38630000,337980000,0,0
1780790950,544238000,399,1,U,N,6086000000000,6085400000000,6085116000000,0,0,9548000,618000,388905000,0,0,6085117000000,6085401000000,6086001000000,0,0,31241000,38630000,337980000,0,0
1780790950,544260000,401,1,U,N,6086000000000,6085400000000,6085116000000,0,0,9548000,618000,389976000,0,0,6085117000000,6085401000000,6086001000000,0,0,31277000,38630000,337980000,0,0
1780790950,544269000,403,1,U,N,6086000000000,6085400000000,6085116000000,0,0,9548000,618000,397842000,0,0,6085117000000,6085401000000,6086001000000,0,0,22965000,38630000,337980000,0,0
1780790950,544278000,405,1,U,N,6086000000000,6085400000000,6085116000000,0,0,9548000,618000,397842000,0,0,6085117000000,6085401000000,6086001000000,0,0,22697000,38630000,337980000,0,0
1780790950,644012000,407,1,U,N,6086000000000,6085400000000,6085116000000,0,0,9548000,618000,397842000,0,0,6085117000000,6085401000000,6086001000000,0,0,22947000,38630000,337980000,0,0
1780790950,659558000,409,1,U,N,6086000000000,6085400000000,6085116000000,0,0,9548000,618000,397842000,0,0,6085117000000,6085401000000,6086001000000,0,0,22947000,38630000,337980000,0,0
1780790950,828414000,411,1,U,N,6086000000000,6085400000000,6085116000000,0,0,9548000,618000,397842000,0,0,6085117000000,6085401000000,6086001000000,0,0,22947000,38630000,337980000,0,0
1780790950,858969000,413,1,U,N,6086000000000,6085400000000,6085116000000,0,0,9548000,618000,397842000,0,0,6085117000000,6085401000000,6086001000000,0,0,22947000,38630000,337980000,0,0
1780790950,954951000,415,1,U,N,6086000000000,6085400000000,6085116000000,0,0,9548000,618000,397842000,0,0,6085117000000,6085401000000,6086001000000,0,0,22697000,38630000,337980000,0,0
1780790952,86076000,417,1,U,N,6086000000000,6085400000000,6085116000000,0,0,9548000,618000,397842000,0,0,6085117000000,6085401000000,6086001000000,0,0,7370000,38630000,337980000,0,0
1780790952,86141000,419,1,U,N,6086000000000,6085400000000,6085116000000,0,0,9548000,618000,397240000,0,0,6085117000000,6085401000000,6086001000000,0,0,24798000,38630000,337980000,0,0
1780790952,86154000,421,1,U,N,6086000000000,6085400000000,6085116000000,0,0,9548000,618000,397240000,0,0,6085117000000,6085401000000,6086001000000,0,0,4389000,38630000,337980000,0,0
1780790952,86173000,425,1,U,N,6086000000000,6085400000000,6085116000000,0,0,9548000,618000,397224000,0,0,6085117000000,6085401000000,6086001000000,0,0,4362000,38630000,337980000,0,0
1780790952,86184000,427,1,U,N,6086000000000,6085400000000,6085116000000,0,0,9548000,618000,397224000,0,0,6085117000000,6085401000000,6086001000000,0,0,4362000,38630000,337980000,0,0
1780790952,86196000,429,1,U,N,6086000000000,6085400000000,6085116000000,0,0,9548000,618000,436906000,0,0,6085117000000,6085401000000,6086001000000,0,0,4353000,38630000,337980000,0,0
1780790952,187418000,431,1,U,N,6086000000000,6085400000000,6085116000000,0,0,9548000,618000,397233000,0,0,6085117000000,6085401000000,6086001000000,0,0,4353000,38630000,337980000,0,0
1780790952,660476000,440,1,U,N,6086000000000,6085400000000,6085116000000,0,0,9548000,618000,424965000,0,0,6085117000000,6085401000000,6086001000000,0,0,20032000,38630000,337980000,0,0
1780790952,660496000,442,1,U,N,6086000000000,6085400000000,6085116000000,0,0,9548000,618000,424965000,0,0,6085117000000,6085401000000,6086001000000,0,0,4123000,38630000,337980000,0,0
1780790952,660509000,444,1,U,N,6086000000000,6085400000000,6085116000000,0,0,9548000,618000,431985000,0,0,6085117000000,6085401000000,6086001000000,0,0,4133000,38630000,337980000,0,0
1780790952,660518000,446,1,U,N,6086000000000,6085400000000,6085116000000,0,0,9548000,618000,431985000,0,0,6085117000000,6085401000000,6086001000000,0,0,4142000,38630000,337980000,0,0
1780790952,660525000,448,1,U,N,6086000000000,6085400000000,6085116000000,0,0,9548000,618000,397233000,0,0,6085117000000,6085401000000,6086001000000,0,0,4142000,38630000,337980000,0,0
1780790952,660535000,450,1,U,N,6086000000000,6085400000000,6085116000000,0,0,9548000,618000,397233000,0,0,6085117000000,6085401000000,6086001000000,0,0,4142000,38630000,337980000,0,0
1780790952,660542000,452,1,U,N,6086000000000,6085400000000,6085116000000,0,0,9548000,618000,397233000,0,0,6085117000000,6085401000000,6086001000000,0,0,4142000,38630000,337980000,0,0
1780790952,660548000,454,1,U,N,6086000000000,6085400000000,6085116000000,0,0,9548000,618000,397233000,0,0,6085117000000,6085401000000,6086001000000,0,0,4142000,38630000,337980000,0,0
1780790952,660581000,457,1,U,N,6086000000000,6085400000000,6085116000000,0,0,9548000,618000,398021000,0,0,6085117000000,6085401000000,6086001000000,0,0,4131000,38630000,337980000,0,0
1780790952,854083000,459,1,U,N,6086000000000,6085400000000,6085116000000,0,0,9548000,618000,398833000,0,0,6085117000000,6085401000000,6086001000000,0,0,4131000,38630000,337980000,0,0
1780790953,561177000,531,1,U,N,6086000000000,6085764000000,6085400000000,6085116000000,0,9548000,605268000,618000,398833000,0,6085117000000,6085401000000,6085765000000,6086001000000,0,4131000,38630000,21054000,337980000,0
1780790953,709824000,533,1,U,N,6086000000000,6085764000000,6085400000000,6085116000000,0,9548000,608579000,618000,398833000,0,6085117000000,6085401000000,6085765000000,6086001000000,0,4131000,38630000,29997000,337980000,0
1780790953,910733000,537,1,U,N,6086000000000,6085764000000,6085400000000,6085116000000,0,9548000,604621000,618000,398833000,0,6085117000000,6085401000000,6085765000000,6086001000000,0,4131000,38630000,29997000,337980000,0
1780790953,973337000,539,1,U,N,6086000000000,6085764000000,6085400000000,6085116000000,0,9548000,604621000,618000,398833000,0,6085117000000,6085401000000,6085765000000,6086001000000,0,4131000,38630000,29997000,337980000,0
1780790954,32613000,542,1,U,N,6086000000000,6085764000000,6085400000000,6085116000000,0,9548000,601345000,618000,398833000,0,6085117000000,6085401000000,6085765000000,6086001000000,0,4131000,38630000,29988000,337980000,0
1780790954,32655000,544,1,U,N,6086000000000,6085764000000,6085400000000,6085116000000,0,9548000,601345000,618000,398833000,0,6085117000000,6085401000000,6085765000000,6086001000000,0,4131000,38630000,29997000,337980000,0
1780790954,97612000,546,1,U,N,6086000000000,6085764000000,6085400000000,6085116000000,0,9548000,601345000,618000,398833000,0,6085117000000,6085401000000,6085765000000,6086001000000,0,4131000,38630000,29997000,337980000,0
1780790954,97620000,548,1,U,N,6086000000000,6085764000000,6085400000000,6085116000000,0,9548000,601345000,618000,398833000,0,6085117000000,6085401000000,6085765000000,6086001000000,0,4131000,38630000,29997000,337980000,0
1780790954,135147000,550,1,U,N,6086000000000,6085764000000,6085400000000,6085116000000,0,9548000,601376000,618000,398833000,0,6085117000000,6085401000000,6085765000000,6086001000000,0,4131000,38630000,30007000,337980000,0
1780790954,318869000,554,1,U,N,6086000000000,6085764000000,6085400000000,6085116000000,0,9548000,609242000,618000,398833000,0,6085117000000,6085401000000,6085765000000,6086001000000,0,4131000,38630000,33352000,337980000,0
1780790954,318883000,556,1,U,N,6086000000000,6085764000000,6085400000000,6085116000000,0,9548000,609242000,618000,398833000,0,6085117000000,6085401000000,6085765000000,6086001000000,0,4131000,38630000,33352000,337980000,0
1780790954,448847000,558,1,U,N,6086000000000,6085764000000,6085400000000,6085116000000,0,9548000,609242000,618000,398833000,0,6085117000000,6085401000000,6085765000000,6086001000000,0,4131000,38630000,33352000,337980000,0
1780790954,484490000,560,1,U,N,6086000000000,6085764000000,6085400000000,6085116000000,0,9548000,609242000,618000,398833000,0,6085117000000,6085401000000,6085765000000,6086001000000,0,4131000,38630000,25058000,337980000,0
1780790954,484497000,562,1,U,N,6086000000000,6085764000000,6085400000000,6085116000000,0,9548000,609242000,618000,398833000,0,6085117000000,6085401000000,6085765000000,6086001000000,0,4131000,38630000,25058000,337980000,0
1780790954,579127000,567,1,U,N,6086000000000,6085764000000,6085400000000,6085116000000,0,9548000,460803000,618000,398833000,0,6085117000000,6085401000000,6085765000000,6086001000000,0,4131000,38630000,123082000,337980000,0
1780790956,520610000,740,1,U,N,6086329000000,6086000000000,6085764000000,6085400000000,6085116000000,502238000,9548000,460803000,618000,398833000,6085117000000,6085401000000,6085765000000,6086001000000,6086330000000,4131000,38630000,123082000,337980000,4468000
1780790956,905333000,744,1,U,N,6086329000000,6086000000000,6085764000000,6085400000000,6085116000000,822232000,9548000,460803000,618000,398833000,6085117000000,6085401000000,6085765000000,6086001000000,6086330000000,4131000,38630000,123082000,337980000,360000
1780790956,905364000,747,1,U,N,6086329000000,6086000000000,6085764000000,6085400000000,6085116000000,589959000,9548000,460803000,618000,398833000,6085117000000,6085401000000,6085765000000,6086001000000,6086330000000,4131000,38630000,123082000,337980000,333000
1780790957,147970000,749,1,U,N,6086329000000,6086000000000,6085764000000,6085400000000,6085116000000,614795000,9548000,460803000,618000,398833000,6085117000000,6085401000000,6085765000000,6086001000000,6086330000000,4131000,38630000,123082000,337980000,18142000
1780790957,274551000,752,1,U,N,6086329000000,6086000000000,6085764000000,6085400000000,6085116000000,395245000,9548000,460803000,618000,398833000,6085117000000,6085401000000,6085765000000,6086001000000,6086330000000,4131000,38630000,123082000,337980000,26395000
1780790957,379826000,754,1,U,N,6086329000000,6086000000000,6085764000000,6085400000000,6085116000000,350846000,9548000,460803000,618000,398833000,6085117000000,6085401000000,6085765000000,6086001000000,6086330000000,4131000,38630000,123082000,337980000,26578000
1780790957,561954000,756,1,U,N,6086329000000,6086000000000,6085764000000,6085400000000,6085116000000,342990000,9548000,460803000,618000,398833000,6085117000000,6085401000000,6085765000000,6086001000000,6086330000000,4131000,38630000,123082000,337980000,26588000
1780790957,561974000,758,1,U,N,6086329000000,6086000000000,6085764000000,6085400000000,6085116000000,343182000,9548000,460803000,618000,398833000,6085117000000,6085401000000,6085765000000,6086001000000,6086330000000,4131000,38630000,123082000,337980000,26588000
1780790957,682965000,760,1,U,N,6086329000000,6086000000000,6085764000000,6085400000000,6085116000000,343182000,9548000,460803000,618000,398833000,6085117000000,6085401000000,6085765000000,6086001000000,6086330000000,4131000,38630000,123082000,337980000,26588000
1780790957,682977000,762,1,U,N,6086329000000,6086000000000,6085764000000,6085400000000,6085116000000,343343000,9548000,460803000,618000,398833000,6085117000000,6085401000000,6085765000000,6086001000000,6086330000000,4131000,38630000,123082000,337980000,26588000
1780790957,682992000,764,1,U,N,6086329000000,6086000000000,6085764000000,6085400000000,6085116000000,352851000,9548000,460803000,618000,398833000,6085117000000,6085401000000,6085765000000,6086001000000,6086330000000,4131000,38630000,123082000,337980000,4826000
1780790957,764261000,766,1,U,N,6086329000000,6086000000000,6085764000000,6085400000000,6085116000000,352860000,9548000,460803000,618000,398833000,6085117000000,6085401000000,6085765000000,6086001000000,6086330000000,4131000,38630000,123082000,337980000,4835000
1780790957,764280000,768,1,U,N,6086329000000,6086000000000,6085764000000,6085400000000,6085116000000,352860000,9548000,460803000,618000,398833000,6085117000000,6085401000000,6085765000000,6086001000000,6086330000000,4131000,38630000,123082000,337980000,20507000
1780790957,885808000,770,1,U,N,6086329000000,6086000000000,6085764000000,6085400000000,6085116000000,352860000,9548000,460803000,618000,398833000,6085117000000,6085401000000,6085765000000,6086001000000,6086330000000,4131000,38630000,123082000,337980000,20525000
1780790957,885820000,772,1,U,N,6086329000000,6086000000000,6085764000000,6085400000000,6085116000000,352860000,9548000,460803000,618000,398833000,6085117000000,6085401000000,6085765000000,6086001000000,6086330000000,4131000,38630000,123082000,337980000,4511000
1780790957,914376000,774,1,U,N,6086329000000,6086000000000,6085764000000,6085400000000,6085116000000,352860000,9548000,460803000,618000,398833000,6085117000000,6085401000000,6085765000000,6086001000000,6086330000000,4131000,38630000,123082000,337980000,19791000
1780790957,957565000,776,1,U,N,6086329000000,6086000000000,6085764000000,6085400000000,6085116000000,352860000,9548000,460803000,618000,398833000,6085117000000,6085401000000,6085765000000,6086001000000,6086330000000,4131000,38630000,123082000,337980000,20550000
1780790958,48031000,778,1,U,N,6086329000000,6086000000000,6085764000000,6085400000000,6085116000000,352860000,9548000,460803000,618000,398833000,6085117000000,6085401000000,6085765000000,6086001000000,6086330000000,4131000,38630000,123082000,337980000,20559000
1780790958,48044000,780,1,U,N,6086329000000,6086000000000,6085764000000,6085400000000,6085116000000,352860000,9548000,460803000,618000,398833000,6085117000000,6085401000000,6085765000000,6086001000000,6086330000000,4131000,38630000,123082000,337980000,20550000
1780790958,80127000,783,1,U,N,6086329000000,6086000000000,6085764000000,6085400000000,6085116000000,361542000,9548000,460803000,618000,398833000,6085117000000,6085401000000,6085765000000,6086001000000,6086330000000,4131000,38630000,123082000,337980000,4509000
1780790958,80137000,785,1,U,N,6086329000000,6086000000000,6085764000000,6085400000000,6085116000000,352860000,9548000,460803000,618000,398833000,6085117000000,6085401000000,6085765000000,6086001000000,6086330000000,4131000,38630000,123082000,337980000,19781000
1780790958,80155000,787,1,U,N,6086329000000,6086000000000,6085764000000,6085400000000,6085116000000,352860000,9548000,460803000,618000,398833000,6085117000000,6085401000000,6085765000000,6086001000000,6086330000000,4131000,38630000,123082000,337980000,20399000
1780790958,145532000,789,1,U,N,6086329000000,6086000000000,6085764000000,6085400000000,6085116000000,352860000,9548000,460803000,618000,398833000,6085117000000,6085401000000,6085765000000,6086001000000,6086330000000,4131000,38630000,123082000,337980000,20399000
1780790958,145543000,791,1,U,N,6086329000000,6086000000000,6085764000000,6085400000000,6085116000000,352860000,9548000,460803000,618000,398833000,6085117000000,6085401000000,6085765000000,6086001000000,6086330000000,4131000,38630000,123082000,337980000,20399000
1780790958,145556000,793,1,U,N,6086329000000,6086000000000,6085764000000,6085400000000,6085116000000,352860000,9548000,460803000,618000,398833000,6085117000000,6085401000000,6085765000000,6086001000000,6086330000000,4131000,38630000,123082000,337980000,20399000
1780790958,148086000,795,1,U,N,6086329000000,6086000000000,6085764000000,6085400000000,6085116000000,352860000,9548000,460803000,618000,398833000,6085117000000,6085401000000,6085765000000,6086001000000,6086330000000,4131000,38630000,123082000,337980000,20149000
1780790958,148095000,797,1,U,N,6086329000000,6086000000000,6085764000000,6085400000000,6085116000000,352860000,9548000,460803000,618000,398833000,6085117000000,6085401000000,6085765000000,6086001000000,6086330000000,4131000,38630000,123082000,337980000,20149000
1780790958,148109000,799,1,U,N,6086329000000,6086000000000,6085764000000,6085400000000,6085116000000,352860000,9548000,460803000,618000,398833000,6085117000000,6085401000000,6085765000000,6086001000000,6086330000000,4131000,38630000,123082000,337980000,20149000
1780790958,279037000,801,1,U,N,6086329000000,6086000000000,6085764000000,6085400000000,6085116000000,352860000,9548000,460803000,618000,398833000,6085117000000,6085401000000,6085765000000,6086001000000,6086330000000,4131000,38630000,123082000,337980000,20149000
1780790958,279048000,803,1,U,N,6086329000000,6086000000000,6085764000000,6085400000000,6085116000000,352860000,9548000,460803000,618000,398833000,6085117000000,6085401000000,6085765000000,6086001000000,6086330000000,4131000,38630000,123082000,337980000,20149000
1780790958,279055000,805,1,U,N,6086329000000,6086000000000,6085764000000,6085400000000,6085116000000,352869000,9548000,460803000,618000,398833000,6085117000000,6085401000000,6085765000000,6086001000000,6086330000000,4131000,38630000,123082000,337980000,20149000
1780790958,298838000,807,1,U,N,6086329000000,6086000000000,6085764000000,6085400000000,6085116000000,352869000,9548000,460803000,618000,398833000,6085117000000,6085401000000,6085765000000,6086001000000,6086330000000,4131000,38630000,123082000,337980000,20149000
1780790958,298847000,809,1,U,N,6086329000000,6086000000000,6085764000000,6085400000000,6085116000000,352869000,9548000,460803000,618000,398833000,6085117000000,6085401000000,6085765000000,6086001000000,6086330000000,4131000,38630000,123082000,337980000,20149000
1780790958,298857000,811,1,U,N,6086329000000,6086000000000,6085764000000,6085400000000,6085116000000,352869000,9548000,460803000,618000,398833000,6085117000000,6085401000000,6085765000000,6086001000000,6086330000000,4131000,38630000,123082000,337980000,20399000
1780790958,298864000,813,1,U,N,6086329000000,6086000000000,6085764000000,6085400000000,6085116000000,352869000,9548000,460803000,618000,398833000,6085117000000,6085401000000,6085765000000,6086001000000,6086330000000,4131000,38630000,123082000,337980000,20399000
1780790958,298870000,815,1,U,N,6086329000000,6086000000000,6085764000000,6085400000000,6085116000000,352869000,9548000,460803000,618000,398833000,6085117000000,6085401000000,6085765000000,6086001000000,6086330000000,4131000,38630000,123082000,337980000,20399000
1780790958,298877000,817,1,U,N,6086329000000,6086000000000,6085764000000,6085400000000,6085116000000,352869000,9548000,460803000,618000,398833000,6085117000000,6085401000000,6085765000000,6086001000000,6086330000000,4131000,38630000,123082000,337980000,20399000
1780790958,343709000,819,1,U,N,6086329000000,6086000000000,6085764000000,6085400000000,6085116000000,352869000,9548000,460803000,618000,398833000,6085117000000,6085401000000,6085765000000,6086001000000,6086330000000,4131000,38630000,123082000,337980000,20399000
1780790958,446566000,821,1,U,N,6086329000000,6086000000000,6085764000000,6085400000000,6085116000000,352869000,9548000,460803000,618000,398833000,6085117000000,6085401000000,6085765000000,6086001000000,6086330000000,4131000,38630000,123082000,337980000,20399000
1780790958,446573000,823,1,U,N,6086329000000,6086000000000,6085764000000,6085400000000,6085116000000,352869000,9548000,460803000,618000,398833000,6085117000000,6085401000000,6085765000000,6086001000000,6086330000000,4131000,38630000,123082000,337980000,20399000
1780790958,446579000,825,1,U,N,6086329000000,6086000000000,6085764000000,6085400000000,6085116000000,352869000,9548000,460803000,618000,398833000,6085117000000,6085401000000,6085765000000,6086001000000,6086330000000,4131000,38630000,123082000,337980000,20399000
1780790958,467696000,827,1,U,N,6086329000000,6086000000000,6085764000000,6085400000000,6085116000000,352048000,9548000,460803000,618000,398833000,6085117000000,6085401000000,6085765000000,6086001000000,6086330000000,4131000,38630000,123082000,337980000,20417000
1780790958,467714000,829,1,U,N,6086329000000,6086000000000,6085764000000,6085400000000,6085116000000,215478000,9548000,460803000,618000,398833000,6085117000000,6085401000000,6085765000000,6086001000000,6086330000000,4131000,38630000,123082000,337980000,191198000
1780790958,561161000,831,1,U,N,6086329000000,6086000000000,6085764000000,6085400000000,6085116000000,169662000,9548000,460803000,618000,398833000,6085117000000,6085401000000,6085765000000,6086001000000,6086330000000,4131000,38630000,123082000,337980000,206938000
1780790958,657850000,834,1,U,N,6086329000000,6086000000000,6085764000000,6085400000000,6085116000000,182367000,9548000,460803000,618000,398833000,6085117000000,6085401000000,6085765000000,6086001000000,6086330000000,4131000,38630000,123082000,337980000,156520000
1780790958,770396000,836,1,U,N,6086329000000,6086000000000,6085764000000,6085400000000,6085116000000,182377000,9548000,460803000,618000,398833000,6085117000000,6085401000000,6085765000000,6086001000000,6086330000000,4131000,38630000,123082000,337980000,180185000
1780790958,855710000,838,1,U,N,6086329000000,6086000000000,6085764000000,6085400000000,6085116000000,115834000,9548000,460803000,618000,398833000,6085117000000,6085401000000,6085765000000,6086001000000,6086330000000,4131000,38630000,123082000,337980000,264842000
1780790958,956882000,840,1,U,N,6086329000000,6086000000000,6085764000000,6085400000000,6085116000000,178044000,9548000,460803000,618000,398833000,6085117000000,6085401000000,6085765000000,6086001000000,6086330000000,4131000,38630000,123082000,337980000,183744000
1780790959,56191000,842,1,U,N,6086329000000,6086000000000,6085764000000,6085400000000,6085116000000,205053000,9548000,460803000,618000,398833000,6085117000000,6085401000000,6085765000000,6086001000000,6086330000000,4131000,38630000,123082000,337980000,183744000
1780790959,154133000,844,1,U,N,6086329000000,6086000000000,6085764000000,6085400000000,6085116000000,186344000,9548000,460803000,618000,398833000,6085117000000,6085401000000,6085765000000,6086001000000,6086330000000,4131000,38630000,123082000,337980000,210700000
1780790959,255879000,846,1,U,N,6086329000000,6086000000000,6085764000000,6085400000000,6085116000000,186344000,9548000,460803000,618000,398833000,6085117000000,6085401000000,6085765000000,6086001000000,6086330000000,4131000,38630000,123082000,337980000,210700000
1780790959,356662000,848,1,U,N,6086329000000,6086000000000,6085764000000,6085400000000,6085116000000,186344000,9548000,460803000,618000,398833000,6085117000000,6085401000000,6085765000000,6086001000000,6086330000000,4131000,38630000,123082000,337980000,210700000
1780790959,458823000,850,1,U,N,6086329000000,6086000000000,6085764000000,6085400000000,6085116000000,166489000,9548000,460803000,618000,398833000,6085117000000,6085401000000,6085765000000,6086001000000,6086330000000,4131000,38630000,123082000,337980000,210700000
1780790959,562758000,852,1,U,N,6086329000000,6086000000000,6085764000000,6085400000000,6085116000000,139498000,9548000,460803000,618000,398833000,6085117000000,6085401000000,6085765000000,6086001000000,6086330000000,4131000,38630000,123082000,337980000,210700000
1780790959,671793000,854,1,U,N,6086329000000,6086000000000,6085764000000,6085400000000,6085116000000,139498000,9548000,460803000,618000,398833000,6085117000000,6085401000000,6085765000000,6086001000000,6086330000000,4131000,38630000,123082000,337980000,210700000
1780790959,757532000,856,1,U,N,6086329000000,6086000000000,6085764000000,6085400000000,6085116000000,139498000,9548000,460803000,618000,398833000,6085117000000,6085401000000,6085765000000,6086001000000,6086330000000,4131000,38630000,123082000,337980000,210700000
1780790959,855124000,858,1,U,N,6086329000000,6086000000000,6085764000000,6085400000000,6085116000000,139498000,9548000,460803000,618000,398833000,6085117000000,6085401000000,6085765000000,6086001000000,6086330000000,4131000,38630000,123082000,337980000,210700000
1780790959,964364000,860,1,U,N,6086329000000,6086000000000,6085764000000,6085400000000,6085116000000,139498000,9548000,460803000,618000,398833000,6085117000000,6085401000000,6085765000000,6086001000000,6086330000000,4131000,38630000,123082000,337980000,210700000
1780790960,59969000,862,1,U,N,6086329000000,6086000000000,6085764000000,6085400000000,6085116000000,139498000,9548000,460803000,618000,398833000,6085117000000,6085401000000,6085765000000,6086001000000,6086330000000,4131000,38630000,123082000,337980000,210700000
1780790960,154182000,864,1,U,N,6086329000000,6086000000000,6085764000000,6085400000000,6085116000000,139498000,9548000,460803000,618000,398833000,6085117000000,6085401000000,6085765000000,6086001000000,6086330000000,4131000,38630000,123082000,337980000,210700000
1780790960,257703000,866,1,U,N,6086329000000,6086000000000,6085764000000,6085400000000,6085116000000,139498000,9548000,460803000,618000,398833000,6085117000000,6085401000000,6085765000000,6086001000000,6086330000000,4131000,38630000,123082000,337980000,210700000
1780790960,357555000,868,1,U,N,6086329000000,6086000000000,6085764000000,6085400000000,6085116000000,139498000,9548000,460803000,618000,398833000,6085117000000,6085401000000,6085765000000,6086001000000,6086330000000,4131000,38630000,123082000,337980000,210700000
1780790960,454165000,870,1,U,N,6086329000000,6086000000000,6085764000000,6085400000000,6085116000000,139498000,9548000,460803000,618000,398833000,6085117000000,6085401000000,6085765000000,6086001000000,6086330000000,4131000,38630000,123082000,337980000,210700000
1780790960,554442000,872,1,U,N,6086329000000,6086000000000,6085764000000,6085400000000,6085116000000,139498000,9548000,460803000,618000,398833000,6085117000000,6085401000000,6085765000000,6086001000000,6086330000000,4131000,38630000,123082000,337980000,187081000
1780790960,653806000,874,1,U,N,6086329000000,6086000000000,6085764000000,6085400000000,6085116000000,139498000,9548000,460803000,618000,398833000,6085117000000,6085401000000,6085765000000,6086001000000,6086330000000,4131000,38630000,123082000,337980000,187081000
1780790960,754208000,876,1,U,N,6086329000000,6086000000000,6085764000000,6085400000000,6085116000000,139498000,9548000,460803000,618000,398833000,6085117000000,6085401000000,6085765000000,6086001000000,6086330000000,4131000,38630000,123082000,337980000,187081000
1780790960,856559000,878,1,U,N,6086329000000,6086000000000,6085764000000,6085400000000,6085116000000,139498000,9548000,460803000,618000,398833000,6085117000000,6085401000000,6085765000000,6086001000000,6086330000000,4131000,38630000,123082000,337980000,187081000
1780790960,958975000,880,1,U,N,6086329000000,6086000000000,6085764000000,6085400000000,6085116000000,139498000,9548000,460803000,618000,398833000,6085117000000,6085401000000,6085765000000,6086001000000,6086330000000,4131000,38630000,123082000,337980000,210690000
1780790961,54064000,882,1,U,N,6086329000000,6086000000000,6085764000000,6085400000000,6085116000000,139498000,9548000,460803000,618000,398833000,6085117000000,6085401000000,6085765000000,6086001000000,6086330000000,4131000,38630000,123082000,337980000,210690000
1780790961,155722000,884,1,U,N,6086329000000,6086000000000,6085764000000,6085400000000,6085116000000,139498000,9548000,460803000,618000,398833000,6085117000000,6085401000000,6085765000000,6086001000000,6086330000000,4131000,38630000,123082000,337980000,210690000
1780790961,254245000,886,1,U,N,6086329000000,6086000000000,6085764000000,6085400000000,6085116000000,166488000,9548000,460803000,618000,398833000,6085117000000,6085401000000,6085765000000,6086001000000,6086330000000,4131000,38630000,123082000,337980000,210702000
1780790961,354082000,888,1,U,N,6086329000000,6086000000000,6085764000000,6085400000000,6085116000000,166517000,9548000,460803000,618000,398833000,6085117000000,6085401000000,6085765000000,6086001000000,6086330000000,4131000,38630000,123082000,337980000,210702000
1780790961,471338000,890,1,U,N,6086329000000,6086000000000,6085764000000,6085400000000,6085116000000,166517000,9548000,460803000,618000,398833000,6085117000000,6085401000000,6085765000000,6086001000000,6086330000000,4131000,38630000,123082000,337980000,210702000
1780790961,572580000,892,1,U,N,6086329000000,6086000000000,6085764000000,6085400000000,6085116000000,166517000,9548000,460803000,618000,398833000,6085117000000,6085401000000,6085765000000,6086001000000,6086330000000,4131000,38630000,123082000,337980000,187119000
1780790961,653884000,894,1,U,N,6086329000000,6086000000000,6085764000000,6085400000000,6085116000000,166517000,9548000,460803000,618000,398833000,6085117000000,6085401000000,6085765000000,6086001000000,6086330000000,4131000,38630000,123082000,337980000,160109000
1780790961,754617000,896,1,U,N,6086329000000,6086000000000,6085764000000,6085400000000,6085116000000,166517000,9548000,460803000,618000,398833000,6085117000000,6085401000000,6085765000000,6086001000000,6086330000000,4131000,38630000,123082000,337980000,160109000
1780790961,854030000,898,1,U,N,6086329000000,6086000000000,6085764000000,6085400000000,6085116000000,166517000,9548000,460803000,618000,398833000,6085117000000,6085401000000,6085765000000,6086001000000,6086330000000,4131000,38630000,123082000,337980000,160109000
1780790961,956554000,900,1,U,N,6086329000000,6086000000000,6085764000000,6085400000000,6085116000000,166517000,9548000,460803000,618000,398833000,6085117000000,6085401000000,6085765000000,6086001000000,6086330000000,4131000,38630000,123082000,337980000,160109000
1780790962,54818000,902,1,U,N,6086329000000,6086000000000,6085764000000,6085400000000,6085116000000,166517000,9548000,460803000,618000,398833000,6085117000000,6085401000000,6085765000000,6086001000000,6086330000000,4131000,38630000,123082000,337980000,160109000
1780790962,154174000,904,1,U,N,6086329000000,6086000000000,6085764000000,6085400000000,6085116000000,166517000,9548000,460803000,618000,398833000,6085117000000,6085401000000,6085765000000,6086001000000,6086330000000,4131000,38630000,123082000,337980000,183738000
1780790962,254013000,909,1,U,N,6086329000000,6086000000000,6085764000000,6085400000000,6085116000000,166517000,9548000,460803000,618000,398833000,6085117000000,6085401000000,6085765000000,6086001000000,6086330000000,4131000,38630000,123082000,337980000,183574000
1780790962,353824000,911,1,U,N,6086329000000,6086000000000,6085764000000,6085400000000,6085116000000,166507000,9548000,460803000,618000,398833000,6085117000000,6085401000000,6085765000000,6086001000000,6086330000000,4131000,38630000,123082000,337980000,209258000
1780790962,453893000,913,1,U,N,6086329000000,6086000000000,6085764000000,6085400000000,6085116000000,139508000,9548000,460803000,618000,398833000,6085117000000,6085401000000,6085765000000,6086001000000,6086330000000,4131000,38630000,123082000,337980000,209267000
1780790962,556623000,915,1,U,N,6086329000000,6086000000000,6085764000000,6085400000000,6085116000000,139490000,9548000,460803000,618000,398833000,6085117000000,6085401000000,6085765000000,6086001000000,6086330000000,4131000,38630000,123082000,337980000,209267000
1780790962,653887000,924,1,U,N,6086329000000,6086000000000,6085764000000,6085400000000,6085116000000,3185000,9548000,460803000,618000,398833000,6085117000000,6085401000000,6085765000000,6086001000000,6086330000000,4131000,38630000,123082000,337980000,268654000
1780790962,756310000,992,1,U,N,6086329000000,6086280000000,6086000000000,6085764000000,6085400000000,3185000,65615000,9548000,460803000,618000,6085117000000,6085401000000,6085765000000,6086001000000,6086281000000,4131000,38630000,123082000,337980000,396408000
1780790962,858019000,994,1,U,N,6086329000000,6086280000000,6086000000000,6085764000000,6085400000000,3185000,116735000,9548000,460803000,618000,6085117000000,6085401000000,6085765000000,6086001000000,6086281000000,4131000,38630000,123082000,337980000,397506000
1780790962,956362000,996,1,U,N,6086329000000,6086280000000,6086000000000,6085764000000,6085400000000,3185000,116753000,9548000,460803000,618000,6085117000000,6085401000000,6085765000000,6086001000000,6086281000000,4131000,38630000,123082000,337980000,397506000
1780790963,57509000,998,1,U,N,6086329000000,6086280000000,6086000000000,6085764000000,6085400000000,3185000,89771000,9548000,460803000,618000,6085117000000,6085401000000,6085765000000,6086001000000,6086281000000,4131000,38630000,123082000,337980000,397506000
1780790963,154875000,1000,1,U,N,6086329000000,6086280000000,6086000000000,6085764000000,6085400000000,3185000,89762000,9548000,460803000,618000,6085117000000,6085401000000,6085765000000,6086001000000,6086281000000,4131000,38630000,123082000,337980000,397506000
1780790963,256279000,1002,1,U,N,6086329000000,6086280000000,6086000000000,6085764000000,6085400000000,3185000,116753000,9548000,460803000,618000,6085117000000,6085401000000,6085765000000,6086001000000,6086281000000,4131000,38630000,123082000,337980000,400853000
1780790963,359793000,1004,1,U,N,6086329000000,6086280000000,6086000000000,6085764000000,6085400000000,3185000,116753000,9548000,460803000,618000,6085117000000,6085401000000,6085765000000,6086001000000,6086281000000,4131000,38630000,123082000,337980000,400853000
1780790963,454149000,1006,1,U,N,6086329000000,6086280000000,6086000000000,6085764000000,6085400000000,3185000,116790000,9548000,460803000,618000,6085117000000,6085401000000,6085765000000,6086001000000,6086281000000,4131000,38630000,123082000,337980000,373853000
1780790963,554098000,1008,1,U,N,6086329000000,6086280000000,6086000000000,6085764000000,6085400000000,3185000,116790000,9548000,460803000,618000,6085117000000,6085401000000,6085765000000,6086001000000,6086281000000,4131000,38630000,123082000,337980000,373853000
1780790963,655278000,1010,1,U,N,6086329000000,6086280000000,6086000000000,6085764000000,6085400000000,3185000,116807000,9548000,460803000,618000,6085117000000,6085401000000,6085765000000,6086001000000,6086281000000,4131000,38630000,123082000,337980000,373853000
1780790963,755303000,1012,1,U,N,6086329000000,6086280000000,6086000000000,6085764000000,6085400000000,3185000,116816000,9548000,460803000,618000,6085117000000,6085401000000,6085765000000,6086001000000,6086281000000,4131000,38630000,123082000,337980000,373853000
1780790963,853671000,1014,1,U,N,6086329000000,6086280000000,6086000000000,6085764000000,6085400000000,3185000,116816000,9548000,460803000,618000,6085117000000,6085401000000,6085765000000,6086001000000,6086281000000,4131000,38630000,123082000,337980000,373853000
1780790963,954944000,1016,1,U,N,6086329000000,6086280000000,6086000000000,6085764000000,6085400000000,3185000,116799000,9548000,460803000,618000,6085117000000,6085401000000,6085765000000,6086001000000,6086281000000,4131000,38630000,123082000,337980000,373853000
1780790964,59667000,1018,1,U,N,6086329000000,6086280000000,6086000000000,6085764000000,6085400000000,3185000,116799000,9548000,460803000,618000,6085117000000,6085401000000,6085765000000,6086001000000,6086281000000,4131000,38630000,123082000,337980000,373853000
1780790964,577059000,1020,1,U,N,6086329000000,6086280000000,6086000000000,6085764000000,6085400000000,3185000,66189000,9548000,460803000,618000,6085117000000,6085401000000,6085765000000,6086001000000,6086281000000,4131000,38630000,123082000,337980000,373853000
1780790964,577107000,1022,1,U,N,6086329000000,6086280000000,6086000000000,6085764000000,6085400000000,3185000,66171000,9548000,460803000,618000,6085117000000,6085401000000,6085765000000,6086001000000,6086281000000,4131000,38630000,123082000,337980000,373853000
1780790964,577117000,1024,1,U,N,6086329000000,6086280000000,6086000000000,6085764000000,6085400000000,3185000,89790000,9548000,460803000,618000,6085117000000,6085401000000,6085765000000,6086001000000,6086281000000,4131000,38630000,123082000,337980000,373922000
1780790964,577126000,1026,1,U,N,6086329000000,6086280000000,6086000000000,6085764000000,6085400000000,3185000,116780000,9548000,460803000,618000,6085117000000,6085401000000,6085765000000,6086001000000,6086281000000,4131000,38630000,123082000,337980000,373922000
1780790964,577133000,1028,1,U,N,6086329000000,6086280000000,6086000000000,6085764000000,6085400000000,3185000,116780000,9548000,460803000,618000,6085117000000,6085401000000,6085765000000,6086001000000,6086281000000,4131000,38630000,123082000,337980000,373922000
1780790964,654047000,1030,1,U,N,6086329000000,6086280000000,6086000000000,6085764000000,6085400000000,3185000,116809000,9548000,460803000,618000,6085117000000,6085401000000,6085765000000,6086001000000,6086281000000,4131000,38630000,123082000,337980000,342303000
1780790964,754509000,1032,1,U,N,6086329000000,6086280000000,6086000000000,6085764000000,6085400000000,3185000,117000000,9548000,460803000,618000,6085117000000,6085401000000,6085765000000,6086001000000,6086281000000,4131000,38630000,123082000,337980000,365951000
1780790964,853939000,1034,1,U,N,6086329000000,6086280000000,6086000000000,6085764000000,6085400000000,3185000,117000000,9548000,460803000,618000,6085117000000,6085401000000,6085765000000,6086001000000,6086281000000,4131000,38630000,123082000,337980000,365961000
1780790964,966243000,1037,1,U,N,6086329000000,6086280000000,6086000000000,6085764000000,6085400000000,3185000,117000000,9548000,460803000,618000,6085117000000,6085401000000,6085765000000,6086001000000,6086281000000,4131000,38630000,123082000,337980000,365879000
1780790965,64343000,1039,1,U,N,6086329000000,6086280000000,6086000000000,6085764000000,6085400000000,3185000,117000000,9548000,460803000,618000,6085117000000,6085401000000,6085765000000,6086001000000,6086281000000,4131000,38630000,123082000,337980000,365879000
1780790965,156227000,1041,1,U,N,6086329000000,6086280000000,6086000000000,6085764000000,6085400000000,3185000,117000000,9548000,460803000,618000,6085117000000,6085401000000,6085765000000,6086001000000,6086281000000,4131000,38630000,123082000,337980000,365879000
1780790965,259736000,1043,1,U,N,6086329000000,6086280000000,6086000000000,6085764000000,6085400000000,3185000,117000000,9548000,460803000,618000,6085117000000,6085401000000,6085765000000,6086001000000,6086281000000,4131000,38630000,123082000,337980000,365879000
1780790965,356610000,1045,1,U,N,6086329000000,6086280000000,6086000000000,6085764000000,6085400000000,3185000,117000000,9548000,460803000,618000,6085117000000,6085401000000,6085765000000,6086001000000,6086281000000,4131000,38630000,123082000,337980000,365879000
1780790965,456377000,1047,1,U,N,6086329000000,6086280000000,6086000000000,6085764000000,6085400000000,3185000,117000000,9548000,460803000,618000,6085117000000,6085401000000,6085765000000,6086001000000,6086281000000,4131000,38630000,123082000,337980000,365879000
1780790965,554629000,1049,1,U,N,6086329000000,6086280000000,6086000000000,6085764000000,6085400000000,3185000,117000000,9548000,460803000,618000,6085117000000,6085401000000,6085765000000,6086001000000,6086281000000,4131000,38630000,123082000,337980000,365879000
1780790965,655105000,1051,1,U,N,6086329000000,6086280000000,6086000000000,6085764000000,6085400000000,3185000,117000000,9548000,460803000,618000,6085117000000,6085401000000,6085765000000,6086001000000,6086281000000,4131000,38630000,123082000,337980000,365879000
1780790965,753773000,1053,1,U,N,6086329000000,6086280000000,6086000000000,6085764000000,6085400000000,3185000,117000000,9548000,460803000,618000,6085117000000,6085401000000,6085765000000,6086001000000,6086281000000,4131000,38630000,123082000,337980000,365879000
1780790965,858456000,1055,1,U,N,6086329000000,6086280000000,6086000000000,6085764000000,6085400000000,3185000,117000000,9548000,460803000,618000,6085117000000,6085401000000,6085765000000,6086001000000,6086281000000,4131000,38630000,123082000,337980000,365879000
1780790965,954764000,1057,1,U,N,6086329000000,6086280000000,6086000000000,6085764000000,6085400000000,3185000,117000000,9548000,460803000,618000,6085117000000,6085401000000,6085765000000,6086001000000,6086281000000,4131000,38630000,123082000,337980000,365879000
1780790966,573762000,1059,1,U,N,6086329000000,6086280000000,6086000000000,6085764000000,6085400000000,3185000,117000000,9548000,460803000,618000,6085117000000,6085401000000,6085765000000,6086001000000,6086281000000,4131000,38630000,123082000,337980000,365879000
1780790966,573803000,1061,1,U,N,6086329000000,6086280000000,6086000000000,6085764000000,6085400000000,3185000,117000000,9548000,460803000,618000,6085117000000,6085401000000,6085765000000,6086001000000,6086281000000,4131000,38630000,123082000,337980000,365879000
1780790966,573813000,1063,1,U,N,6086329000000,6086280000000,6086000000000,6085764000000,6085400000000,3185000,117000000,9548000,460803000,618000,6085117000000,6085401000000,6085765000000,6086001000000,6086281000000,4131000,38630000,123082000,337980000,365879000
1780790966,573819000,1065,1,U,N,6086329000000,6086280000000,6086000000000,6085764000000,6085400000000,3185000,117000000,9548000,460803000,618000,6085117000000,6085401000000,6085765000000,6086001000000,6086281000000,4131000,38630000,123082000,337980000,365879000
1780790966,573846000,1068,1,U,N,6086329000000,6086280000000,6086000000000,6085764000000,6085400000000,3185000,117000000,9548000,460803000,618000,6085117000000,6085401000000,6085765000000,6086001000000,6086281000000,4131000,38630000,123082000,337980000,365869000
1780790966,573856000,1070,1,U,N,6086329000000,6086280000000,6086000000000,6085764000000,6085400000000,3185000,117000000,9548000,460803000,618000,6085117000000,6085401000000,6085765000000,6086001000000,6086281000000,4131000,38630000,123082000,337980000,365869000
1780790966,658659000,1072,1,U,N,6086329000000,6086280000000,6086000000000,6085764000000,6085400000000,3185000,117000000,9548000,460803000,618000,6085117000000,6085401000000,6085765000000,6086001000000,6086281000000,4131000,38630000,123082000,337980000,365869000
1780790966,757776000,1074,1,U,N,6086329000000,6086280000000,6086000000000,6085764000000,6085400000000,3185000,117000000,9548000,460803000,618000,6085117000000,6085401000000,6085765000000,6086001000000,6086281000000,4131000,38630000,123082000,337980000,365869000
1780790966,864326000,1076,1,U,N,6086329000000,6086280000000,6086000000000,6085764000000,6085400000000,3185000,117000000,9548000,460803000,618000,6085117000000,6085401000000,6085765000000,6086001000000,6086281000000,4131000,38630000,123082000,337980000,365869000
1780790966,965540000,1079,1,U,N,6086329000000,6086280000000,6086000000000,6085764000000,6085400000000,3185000,119672000,9548000,460803000,618000,6085117000000,6085401000000,6085765000000,6086001000000,6086281000000,4131000,38630000,123082000,337980000,325515000
1780790967,56437000,1081,1,U,N,6086329000000,6086280000000,6086000000000,6085764000000,6085400000000,3185000,119690000,9548000,460803000,618000,6085117000000,6085401000000,6085765000000,6086001000000,6086281000000,4131000,38630000,123082000,337980000,325533000
1780790967,178321000,1083,1,U,N,6086329000000,6086280000000,6086000000000,6085764000000,6085400000000,3185000,119768000,9548000,460803000,618000,6085117000000,6085401000000,6085765000000,6086001000000,6086281000000,4131000,38630000,123082000,337980000,289442000
1780790967,260686000,1085,1,U,N,6086329000000,6086280000000,6086000000000,6085764000000,6085400000000,3185000,119768000,9548000,460803000,618000,6085117000000,6085401000000,6085765000000,6086001000000,6086281000000,4131000,38630000,123082000,337980000,321542000
1780790967,356278000,1087,1,U,N,6086329000000,6086280000000,6086000000000,6085764000000,6085400000000,3185000,188598000,9548000,460803000,618000,6085117000000,6085401000000,6085765000000,6086001000000,6086281000000,4131000,38630000,123082000,337980000,17358000
1780790967,457929000,1091,1,U,N,6086329000000,6086280000000,6086000000000,6085764000000,6085400000000,3185000,240247000,9548000,460803000,618000,6085117000000,6085401000000,6085765000000,6086001000000,6086281000000,4131000,38630000,123082000,337980000,25129000
1780790967,564643000,1093,1,U,N,6086329000000,6086280000000,6086000000000,6085764000000,6085400000000,3185000,239576000,9548000,460803000,618000,6085117000000,6085401000000,6085765000000,6086001000000,6086281000000,4131000,38630000,123082000,337980000,25360000
1780790967,655527000,1095,1,U,N,6086329000000,6086280000000,6086000000000,6085764000000,6085400000000,3185000,239576000,9548000,460803000,618000,6085117000000,6085401000000,6085765000000,6086001000000,6086281000000,4131000,38630000,123082000,337980000,25369000
1780790967,759402000,1097,1,U,N,6086329000000,6086280000000,6086000000000,6085764000000,6085400000000,3185000,239576000,9548000,460803000,618000,6085117000000,6085401000000,6085765000000,6086001000000,6086281000000,4131000,38630000,123082000,337980000,25369000
1780790967,854425000,1099,1,U,N,6086329000000,6086280000000,6086000000000,6085764000000,6085400000000,3185000,239576000,9548000,460803000,618000,6085117000000,6085401000000,6085765000000,6086001000000,6086281000000,4131000,38630000,123082000,337980000,25369000
1780790968,440587000,1101,1,U,N,6086329000000,6086280000000,6086000000000,6085764000000,6085400000000,3185000,239576000,9548000,460803000,618000,6085117000000,6085401000000,6085765000000,6086001000000,6086281000000,4131000,38630000,123082000,337980000,25369000
1780790968,440602000,1103,1,U,N,6086329000000,6086280000000,6086000000000,6085764000000,6085400000000,3185000,239576000,9548000,460803000,618000,6085117000000,6085401000000,6085765000000,6086001000000,6086281000000,4131000,38630000,123082000,337980000,25369000
1780790968,440634000,1112,1,U,N,6086329000000,6086280000000,6086000000000,6085764000000,6085400000000,3185000,240698000,9548000,460803000,618000,6085117000000,6085401000000,6085765000000,6086001000000,6086281000000,4131000,38630000,123082000,337980000,25328000
1780790968,440646000,1115,1,U,N,6086329000000,6086280000000,6086000000000,6085764000000,6085400000000,3185000,240598000,9548000,460803000,618000,6085117000000,6085401000000,6085765000000,6086001000000,6086281000000,4131000,38630000,123082000,337980000,25292000
1780790968,440656000,1118,1,U,N,6086329000000,6086280000000,6086000000000,6085764000000,6085400000000,3185000,240587000,9548000,460803000,618000,6085117000000,6085401000000,6085765000000,6086001000000,6086281000000,4131000,38630000,123082000,337980000,25292000
1780790968,458969000,1120,1,U,N,6086329000000,6086280000000,6086000000000,6085764000000,6085400000000,3185000,240605000,9548000,460803000,618000,6085117000000,6085401000000,6085765000000,6086001000000,6086281000000,4131000,38630000,123082000,337980000,25283000
1780790968,562050000,1122,1,U,N,6086329000000,6086280000000,6086000000000,6085764000000,6085400000000,3185000,240605000,9548000,460803000,618000,6085117000000,6085401000000,6085765000000,6086001000000,6086281000000,4131000,38630000,123082000,337980000,25283000
1780790968,654398000,1124,1,U,N,6086329000000,6086280000000,6086000000000,6085764000000,6085400000000,3185000,241218000,9548000,460803000,618000,6085117000000,6085401000000,6085765000000,6086001000000,6086281000000,4131000,38630000,123082000,337980000,25283000
1780790968,753426000,1126,1,U,N,6086329000000,6086280000000,6086000000000,6085764000000,6085400000000,3185000,241218000,9548000,460803000,618000,6085117000000,6085401000000,6085765000000,6086001000000,6086281000000,4131000,38630000,123082000,337980000,25283000
1780790968,863896000,1128,1,U,N,6086329000000,6086280000000,6086000000000,6085764000000,6085400000000,3185000,241218000,9548000,460803000,618000,6085117000000,6085401000000,6085765000000,6086001000000,6086281000000,4131000,38630000,123082000,337980000,25283000
1780790968,953971000,1130,1,U,N,6086329000000,6086280000000,6086000000000,6085764000000,6085400000000,3185000,241218000,9548000,460803000,618000,6085117000000,6085401000000,6085765000000,6086001000000,6086281000000,4131000,38630000,123082000,337980000,25283000
1780790969,53876000,1132,1,U,N,6086329000000,6086280000000,6086000000000,6085764000000,6085400000000,3185000,241218000,9548000,460803000,618000,6085117000000,6085401000000,6085765000000,6086001000000,6086281000000,4131000,38630000,123082000,337980000,25283000
1780790969,153876000,1134,1,U,N,6086329000000,6086280000000,6086000000000,6085764000000,6085400000000,3185000,241218000,9548000,460803000,618000,6085117000000,6085401000000,6085765000000,6086001000000,6086281000000,4131000,38630000,123082000,337980000,25283000
1780790969,257146000,1136,1,U,N,6086329000000,6086280000000,6086000000000,6085764000000,6085400000000,3185000,241218000,9548000,460803000,618000,6085117000000,6085401000000,6085765000000,6086001000000,6086281000000,4131000,38630000,123082000,337980000,25283000
1780790969,357654000,1138,1,U,N,6086329000000,6086280000000,6086000000000,6085764000000,6085400000000,3185000,241218000,9548000,460803000,618000,6085117000000,6085401000000,6085765000000,6086001000000,6086281000000,4131000,38630000,123082000,337980000,25283000
1780790969,453966000,1140,1,U,N,6086329000000,6086280000000,6086000000000,6085764000000,6085400000000,3185000,241218000,9548000,460803000,618000,6085117000000,6085401000000,6085765000000,6086001000000,6086281000000,4131000,38630000,123082000,337980000,25283000
1780790969,554268000,1142,1,U,N,6086329000000,6086280000000,6086000000000,6085764000000,6085400000000,3185000,241218000,9548000,460803000,618000,6085117000000,6085401000000,6085765000000,6086001000000,6086281000000,4131000,38630000,123082000,337980000,25033000
1780790969,654614000,1144,1,U,N,6086329000000,6086280000000,6086000000000,6085764000000,6085400000000,3185000,241218000,9548000,460803000,618000,6085117000000,6085401000000,6085765000000,6086001000000,6086281000000,4131000,38630000,123082000,337980000,25033000
1780790970,235562000,1149,1,U,N,6086329000000,6086280000000,6086000000000,6085764000000,6085400000000,3185000,241200000,9548000,460803000,618000,6085117000000,6085401000000,6085765000000,6086001000000,6086281000000,4131000,38630000,123082000,337980000,25285000
1780790970,235570000,1151,1,U,N,6086329000000,6086280000000,6086000000000,6085764000000,6085400000000,3185000,240379000,9548000,460803000,618000,6085117000000,6085401000000,6085765000000,6086001000000,6086281000000,4131000,38630000,123082000,337980000,25404000
1780790970,235588000,1153,1,U,N,6086329000000,6086280000000,6086000000000,6085764000000,6085400000000,3185000,240385000,9548000,460803000,618000,6085117000000,6085401000000,6085765000000,6086001000000,6086281000000,4131000,38630000,123082000,337980000,25422000
1780790970,235600000,1155,1,U,N,6086329000000,6086280000000,6086000000000,6085764000000,6085400000000,3185000,242028000,9548000,460803000,618000,6085117000000,6085401000000,6085765000000,6086001000000,6086281000000,4131000,38630000,123082000,337980000,25476000
1780790970,235609000,1157,1,U,N,6086329000000,6086280000000,6086000000000,6085764000000,6085400000000,3185000,242028000,9548000,460803000,618000,6085117000000,6085401000000,6085765000000,6086001000000,6086281000000,4131000,38630000,123082000,337980000,25476000
1780790970,255339000,1159,1,U,N,6086329000000,6086280000000,6086000000000,6085764000000,6085400000000,3185000,242028000,9548000,460803000,618000,6085117000000,6085401000000,6085765000000,6086001000000,6086281000000,4131000,38630000,123082000,337980000,25458000
1780790970,354347000,1161,1,U,N,6086329000000,6086280000000,6086000000000,6085764000000,6085400000000,3185000,242028000,9548000,460803000,618000,6085117000000,6085401000000,6085765000000,6086001000000,6086281000000,4131000,38630000,123082000,337980000,25458000
1780790970,453846000,1163,1,U,N,6086329000000,6086280000000,6086000000000,6085764000000,6085400000000,3185000,242028000,9548000,460803000,618000,6085117000000,6085401000000,6085765000000,6086001000000,6086281000000,4131000,38630000,123082000,337980000,25458000
1780790970,554285000,1165,1,U,N,6086329000000,6086280000000,6086000000000,6085764000000,6085400000000,3185000,242046000,9548000,460803000,618000,6085117000000,6085401000000,6085765000000,6086001000000,6086281000000,4131000,38630000,123082000,337980000,25467000
1780790970,667917000,1167,1,U,N,6086329000000,6086280000000,6086000000000,6085764000000,6085400000000,3185000,242046000,9548000,460803000,618000,6085117000000,6085401000000,6085765000000,6086001000000,6086281000000,4131000,38630000,123082000,337980000,25467000
1780790970,761687000,1169,1,U,N,6086329000000,6086280000000,6086000000000,6085764000000,6085400000000,3185000,242046000,9548000,460803000,618000,6085117000000,6085401000000,6085765000000,6086001000000,6086281000000,4131000,38630000,123082000,337980000,25413000
1780790970,857426000,1171,1,U,N,6086329000000,6086280000000,6086000000000,6085764000000,6085400000000,3185000,242046000,9548000,460803000,618000,6085117000000,6085401000000,6085765000000,6086001000000,6086281000000,4131000,38630000,123082000,337980000,25422000
1780790970,978316000,1173,1,U,N,6086329000000,6086280000000,6086000000000,6085764000000,6085400000000,3185000,242519000,9548000,460803000,618000,6085117000000,6085401000000,6085765000000,6086001000000,6086281000000,4131000,38630000,123082000,337980000,25476000
1780790971,53410000,1175,1,U,N,6086329000000,6086280000000,6086000000000,6085764000000,6085400000000,3185000,242519000,9548000,460803000,618000,6085117000000,6085401000000,6085765000000,6086001000000,6086281000000,4131000,38630000,123082000,337980000,25476000
1780790971,154718000,1177,1,U,N,6086329000000,6086280000000,6086000000000,6085764000000,6085400000000,3185000,242519000,9548000,460803000,618000,6085117000000,6085401000000,6085765000000,6086001000000,6086281000000,4131000,38630000,123082000,337980000,25476000
1780790971,255061000,1179,1,U,N,6086329000000,6086280000000,6086000000000,6085764000000,6085400000000,3185000,242519000,9548000,460803000,618000,6085117000000,6085401000000,6085765000000,6086001000000,6086281000000,4131000,38630000,123082000,337980000,25485000
1780790971,362264000,1181,1,U,N,6086329000000,6086280000000,6086000000000,6085764000000,6085400000000,3185000,242519000,9548000,460803000,618000,6085117000000,6085401000000,6085765000000,6086001000000,6086281000000,4131000,38630000,123082000,337980000,25485000
1780790971,456209000,1183,1,U,N,6086329000000,6086280000000,6086000000000,6085764000000,6085400000000,3185000,242519000,9548000,460803000,618000,6085117000000,6085401000000,6085765000000,6086001000000,6086281000000,4131000,38630000,123082000,337980000,25485000
1780790971,572804000,1185,1,U,N,6086329000000,6086280000000,6086000000000,6085764000000,6085400000000,3185000,242519000,9548000,460803000,618000,6085117000000,6085401000000,6085765000000,6086001000000,6086281000000,4131000,38630000,123082000,337980000,25485000
1780790971,655748000,1190,1,U,N,6086329000000,6086280000000,6086000000000,6085764000000,6085400000000,3185000,242528000,9548000,460803000,618000,6085117000000,6085401000000,6085765000000,6086001000000,6086281000000,4131000,38630000,123082000,337980000,25447000
1780790971,767276000,1192,1,U,N,6086329000000,6086280000000,6086000000000,6085764000000,6085400000000,3185000,242528000,9548000,460803000,618000,6085117000000,6085401000000,6085765000000,6086001000000,6086281000000,4131000,38630000,123082000,337980000,25447000
1780790971,854891000,1194,1,U,N,6086329000000,6086280000000,6086000000000,6085764000000,6085400000000,3185000,218696000,9548000,460803000,618000,6085117000000,6085401000000,6085765000000,6086001000000,6086281000000,4131000,38630000,123082000,337980000,25447000
1780790971,954232000,1196,1,U,N,6086329000000,6086280000000,6086000000000,6085764000000,6085400000000,3185000,218696000,9548000,460803000,618000,6085117000000,6085401000000,6085765000000,6086001000000,6086281000000,4131000,38630000,123082000,337980000,25447000
1780790972,55345000,1199,1,U,N,6086329000000,6086280000000,6086000000000,6085764000000,6085400000000,3185000,218696000,9548000,460803000,618000,6085117000000,6085401000000,6085765000000,6086001000000,6086281000000,4131000,38630000,123082000,337980000,25282000
1780790972,163116000,1201,1,U,N,6086329000000,6086280000000,6086000000000,6085764000000,6085400000000,3185000,218696000,9548000,460803000,618000,6085117000000,6085401000000,6085765000000,6086001000000,6086281000000,4131000,38630000,123082000,337980000,25282000
1780790972,254597000,1204,1,U,N,6086329000000,6086280000000,6086000000000,6085764000000,6085400000000,3185000,218696000,9548000,460803000,618000,6085117000000,6085401000000,6085765000000,6086001000000,6086281000000,4131000,38630000,123082000,337980000,25266000
1780790972,433696000,1206,1,U,N,6086329000000,6086280000000,6086000000000,6085764000000,6085400000000,3185000,218696000,9548000,460803000,618000,6085117000000,6085401000000,6085765000000,6086001000000,6086281000000,4131000,38630000,123082000,337980000,24875000
1780790972,458216000,1208,1,U,N,6086329000000,6086280000000,6086000000000,6085764000000,6085400000000,3185000,272950000,9548000,460803000,618000,6085117000000,6085401000000,6085765000000,6086001000000,6086281000000,4131000,38630000,123082000,337980000,22658000
1780790972,559582000,1210,1,U,N,6086329000000,6086280000000,6086000000000,6085764000000,6085400000000,3185000,272950000,9548000,460803000,618000,6085117000000,6085401000000,6085765000000,6086001000000,6086281000000,4131000,38630000,123082000,337980000,22909000
1780790972,657603000,1213,1,U,N,6086329000000,6086280000000,6086000000000,6085764000000,6085400000000,3185000,268456000,9548000,460803000,618000,6085117000000,6085401000000,6085765000000,6086001000000,6086281000000,4131000,38630000,123082000,337980000,94033000
1780790972,757158000,1215,1,U,N,6086329000000,6086280000000,6086000000000,6085764000000,6085400000000,3185000,268447000,9548000,460803000,618000,6085117000000,6085401000000,6085765000000,6086001000000,6086281000000,4131000,38630000,123082000,337980000,94698000
1780790972,891877000,1217,1,U,N,6086329000000,6086280000000,6086000000000,6085764000000,6085400000000,3185000,260641000,9548000,460803000,618000,6085117000000,6085401000000,6085765000000,6086001000000,6086281000000,4131000,38630000,123082000,337980000,94707000
1780790972,960845000,1219,1,U,N,6086329000000,6086280000000,6086000000000,6085764000000,6085400000000,3185000,260461000,9548000,460803000,618000,6085117000000,6085401000000,6085765000000,6086001000000,6086281000000,4131000,38630000,123082000,337980000,102451000
1780790973,57984000,1221,1,U,N,6086329000000,6086280000000,6086000000000,6085764000000,6085400000000,3185000,260461000,9548000,460803000,618000,6085117000000,6085401000000,6085765000000,6086001000000,6086281000000,4131000,38630000,123082000,337980000,102442000
1780790973,153995000,1223,1,U,N,6086329000000,6086280000000,6086000000000,6085764000000,6085400000000,3185000,260461000,9548000,460803000,618000,6085117000000,6085401000000,6085765000000,6086001000000,6086281000000,4131000,38630000,123082000,337980000,102442000
1780790973,254261000,1225,1,U,N,6086329000000,6086280000000,6086000000000,6085764000000,6085400000000,3185000,260461000,9548000,460803000,618000,6085117000000,6085401000000,6085765000000,6086001000000,6086281000000,4131000,38630000,123082000,337980000,102442000
1780790973,354577000,1227,1,U,N,6086329000000,6086280000000,6086000000000,6085764000000,6085400000000,3185000,260461000,9548000,460803000,618000,6085117000000,6085401000000,6085765000000,6086001000000,6086281000000,4131000,38630000,123082000,337980000,109098000
1780790973,457750000,1229,1,U,N,6086329000000,6086280000000,6086000000000,6085764000000,6085400000000,3185000,260963000,9548000,460803000,618000,6085117000000,6085401000000,6085765000000,6086001000000,6086281000000,4131000,38630000,123082000,337980000,30178000
1780790973,569052000,1231,1,U,N,6086329000000,6086280000000,6086000000000,6085764000000,6085400000000,3185000,268730000,9548000,460803000,618000,6085117000000,6085401000000,6085765000000,6086001000000,6086281000000,4131000,38630000,123082000,337980000,23316000
1780790973,658601000,1233,1,U,N,6086329000000,6086280000000,6086000000000,6085764000000,6085400000000,3185000,269621000,9548000,460803000,618000,6085117000000,6085401000000,6085765000000,6086001000000,6086281000000,4131000,38630000,123082000,337980000,23153000
1780790973,753944000,1235,1,U,N,6086329000000,6086280000000,6086000000000,6085764000000,6085400000000,3185000,269603000,9548000,460803000,618000,6085117000000,6085401000000,6085765000000,6086001000000,6086281000000,4131000,38630000,123082000,337980000,23412000
1780790973,855684000,1237,1,U,N,6086329000000,6086280000000,6086000000000,6085764000000,6085400000000,3185000,269603000,9548000,460803000,618000,6085117000000,6085401000000,6085765000000,6086001000000,6086281000000,4131000,38630000,123082000,337980000,23403000
1780790973,956065000,1239,1,U,N,6086329000000,6086280000000,6086000000000,6085764000000,6085400000000,3185000,269603000,9548000,460803000,618000,6085117000000,6085401000000,6085765000000,6086001000000,6086281000000,4131000,38630000,123082000,337980000,23403000
1780790974,57525000,1241,1,U,N,6086329000000,6086280000000,6086000000000,6085764000000,6085400000000,3185000,269603000,9548000,460803000,618000,6085117000000,6085401000000,6085765000000,6086001000000,6086281000000,4131000,38630000,123082000,337980000,23403000
1780790974,156297000,1243,1,U,N,6086329000000,6086280000000,6086000000000,6085764000000,6085400000000,3185000,268782000,9548000,460803000,618000,6085117000000,6085401000000,6085765000000,6086001000000,6086281000000,4131000,38630000,123082000,337980000,23403000
1780790974,260070000,1245,1,U,N,6086329000000,6086280000000,6086000000000,6085764000000,6085400000000,3185000,268773000,9548000,460803000,618000,6085117000000,6085401000000,6085765000000,6086001000000,6086281000000,4131000,38630000,123082000,337980000,23505000
1780790974,353757000,1247,1,U,N,6086329000000,6086280000000,6086000000000,6085764000000,6085400000000,3185000,268773000,9548000,460803000,618000,6085117000000,6085401000000,6085765000000,6086001000000,6086281000000,4131000,38630000,123082000,337980000,23487000
1780790974,453955000,1249,1,U,N,6086329000000,6086280000000,6086000000000,6085764000000,6085400000000,3185000,268773000,9548000,460803000,618000,6085117000000,6085401000000,6085765000000,6086001000000,6086281000000,4131000,38630000,123082000,337980000,23487000
1780790974,554433000,1251,1,U,N,6086329000000,6086280000000,6086000000000,6085764000000,6085400000000,3185000,268773000,9548000,460803000,618000,6085117000000,6085401000000,6085765000000,6086001000000,6086281000000,4131000,38630000,123082000,337980000,23487000
1780790974,654284000,1253,1,U,N,6086329000000,6086280000000,6086000000000,6085764000000,6085400000000,3185000,268773000,9548000,460803000,618000,6085117000000,6085401000000,6085765000000,6086001000000,6086281000000,4131000,38630000,123082000,337980000,23487000
1780790974,753990000,1255,1,U,N,6086329000000,6086280000000,6086000000000,6085764000000,6085400000000,3185000,268773000,9548000,460803000,618000,6085117000000,6085401000000,6085765000000,6086001000000,6086281000000,4131000,38630000,123082000,337980000,23487000
1780790974,854301000,1257,1,U,N,6086329000000,6086280000000,6086000000000,6085764000000,6085400000000,3185000,268773000,9548000,460803000,618000,6085117000000,6085401000000,6085765000000,6086001000000,6086281000000,4131000,38630000,123082000,337980000,23487000
1780790974,956300000,1259,1,U,N,6086329000000,6086280000000,6086000000000,6085764000000,6085400000000,3185000,268773000,9548000,460803000,618000,6085117000000,6085401000000,6085765000000,6086001000000,6086281000000,4131000,38630000,123082000,337980000,23487000
1780790975,62850000,1261,1,U,N,6086329000000,6086280000000,6086000000000,6085764000000,6085400000000,3185000,268773000,9548000,460803000,618000,6085117000000,6085401000000,6085765000000,6086001000000,6086281000000,4131000,38630000,123082000,337980000,23487000
1780790975,154051000,1263,1,U,N,6086329000000,6086280000000,6086000000000,6085764000000,6085400000000,3185000,268773000,9548000,460803000,618000,6085117000000,6085401000000,6085765000000,6086001000000,6086281000000,4131000,38630000,123082000,337980000,23487000
1780790975,256881000,1265,1,U,N,6086329000000,6086280000000,6086000000000,6085764000000,6085400000000,3185000,268773000,9548000,460803000,618000,6085117000000,6085401000000,6085765000000,6086001000000,6086281000000,4131000,38630000,123082000,337980000,23487000
1780790975,355660000,1267,1,U,N,6086329000000,6086280000000,6086000000000,6085764000000,6085400000000,3185000,268773000,9548000,460803000,618000,6085117000000,6085401000000,6085765000000,6086001000000,6086281000000,4131000,38630000,123082000,337980000,23487000
1780790975,453468000,1270,1,U,N,6086329000000,6086280000000,6086000000000,6085764000000,6085400000000,3185000,268773000,9548000,460803000,618000,6085117000000,6085401000000,6085765000000,6086001000000,6086281000000,4131000,38630000,123082000,337980000,23455000
1780790975,553946000,1272,1,U,N,6086329000000,6086280000000,6086000000000,6085764000000,6085400000000,3185000,268773000,9548000,460803000,618000,6085117000000,6085401000000,6085765000000,6086001000000,6086281000000,4131000,38630000,123082000,337980000,23455000
1780790975,653963000,1274,1,U,N,6086329000000,6086280000000,6086000000000,6085764000000,6085400000000,3185000,268773000,9548000,460803000,618000,6085117000000,6085401000000,6085765000000,6086001000000,6086281000000,4131000,38630000,123082000,337980000,23455000
1780790975,753878000,1276,1,U,N,6086329000000,6086280000000,6086000000000,6085764000000,6085400000000,3185000,268773000,9548000,460803000,618000,6085117000000,6085401000000,6085765000000,6086001000000,6086281000000,4131000,38630000,123082000,337980000,23455000
1780790975,865991000,1279,1,U,N,6086329000000,6086280000000,6086000000000,6085764000000,6085400000000,3185000,268713000,9548000,460803000,618000,6085117000000,6085401000000,6085765000000,6086001000000,6086281000000,4131000,38630000,123082000,337980000,23347000
1780790975,954558000,1281,1,U,N,6086329000000,6086280000000,6086000000000,6085764000000,6085400000000,3185000,268713000,9548000,460803000,618000,6085117000000,6085401000000,6085765000000,6086001000000,6086281000000,4131000,38630000,123082000,337980000,23347000
1780790976,54979000,1283,1,U,N,6086329000000,6086280000000,6086000000000,6085764000000,6085400000000,3185000,268713000,9548000,460803000,618000,6085117000000,6085401000000,6085765000000,6086001000000,6086281000000,4131000,38630000,123082000,337980000,23347000
1780790976,157787000,1285,1,U,N,6086329000000,6086280000000,6086000000000,6085764000000,6085400000000,3185000,268713000,9548000,460803000,618000,6085117000000,6085401000000,6085765000000,6086001000000,6086281000000,4131000,38630000,123082000,337980000,23097000
1780790976,253894000,1287,1,U,N,6086329000000,6086280000000,6086000000000,6085764000000,6085400000000,3185000,268713000,9548000,460803000,618000,6085117000000,6085401000000,6085765000000,6086001000000,6086281000000,4131000,38630000,123082000,337980000,23347000
1780790976,877461000,1289,1,U,N,6086329000000,6086280000000,6086000000000,6085764000000,6085400000000,3185000,268713000,9548000,460803000,618000,6085117000000,6085401000000,6085765000000,6086001000000,6086281000000,4131000,38630000,123082000,337980000,23347000
1780790976,963179000,1291,1,U,N,6086329000000,6086280000000,6086000000000,6085764000000,6085400000000,3185000,268713000,9548000,460803000,618000,6085117000000,6085401000000,6085765000000,6086001000000,6086281000000,4131000,38630000,123082000,337980000,23347000
1780790976,963201000,1293,1,U,N,6086329000000,6086280000000,6086000000000,6085764000000,6085400000000,3185000,268713000,9548000,460803000,618000,6085117000000,6085401000000,6085765000000,6086001000000,6086281000000,4131000,38630000,123082000,337980000,23347000
1780790976,963208000,1295,1,U,N,6086329000000,6086280000000,6086000000000,6085764000000,6085400000000,3185000,214468000,9548000,460803000,618000,6085117000000,6085401000000,6085765000000,6086001000000,6086281000000,4131000,38630000,123082000,337980000,23347000
1780790976,963214000,1297,1,U,N,6086329000000,6086280000000,6086000000000,6085764000000,6085400000000,3185000,214468000,9548000,460803000,618000,6085117000000,6085401000000,6085765000000,6086001000000,6086281000000,4131000,38630000,123082000,337980000,23347000
1780790976,963220000,1299,1,U,N,6086329000000,6086280000000,6086000000000,6085764000000,6085400000000,3185000,214468000,9548000,460803000,618000,6085117000000,6085401000000,6085765000000,6086001000000,6086281000000,4131000,38630000,123082000,337980000,23347000
1780790976,963237000,1301,1,U,N,6086329000000,6086280000000,6086000000000,6085764000000,6085400000000,3185000,214468000,9548000,460803000,618000,6085117000000,6085401000000,6085765000000,6086001000000,6086281000000,4131000,38630000,123082000,337980000,23347000
1780790977,69297000,1303,1,U,N,6086329000000,6086280000000,6086000000000,6085764000000,6085400000000,3185000,214468000,9548000,460803000,618000,6085117000000,6085401000000,6085765000000,6086001000000,6086281000000,4131000,38630000,123082000,337980000,23347000
1780790977,154524000,1305,1,U,N,6086329000000,6086280000000,6086000000000,6085764000000,6085400000000,3185000,214468000,9548000,460803000,618000,6085117000000,6085401000000,6085765000000,6086001000000,6086281000000,4131000,38630000,123082000,337980000,23347000
1780790977,253391000,1307,1,U,N,6086329000000,6086280000000,6086000000000,6085764000000,6085400000000,3185000,214468000,9548000,460803000,618000,6085117000000,6085401000000,6085765000000,6086001000000,6086281000000,4131000,38630000,123082000,337980000,23347000
1780790977,353447000,1309,1,U,N,6086329000000,6086280000000,6086000000000,6085764000000,6085400000000,3185000,214468000,9548000,460803000,618000,6085117000000,6085401000000,6085765000000,6086001000000,6086281000000,4131000,38630000,123082000,337980000,23347000
1780790977,453592000,1311,1,U,N,6086329000000,6086280000000,6086000000000,6085764000000,6085400000000,3185000,214468000,9548000,460803000,618000,6085117000000,6085401000000,6085765000000,6086001000000,6086281000000,4131000,38630000,123082000,337980000,23347000
1780790977,556338000,1314,1,U,N,6086329000000,6086280000000,6086000000000,6085764000000,6085400000000,3185000,214468000,9548000,460803000,618000,6085117000000,6085401000000,6085765000000,6086001000000,6086281000000,4131000,38630000,123082000,337980000,21233000
1780790977,654067000,1317,1,U,N,6086329000000,6086280000000,6086000000000,6085764000000,6085400000000,3185000,214327000,9548000,460803000,618000,6085117000000,6085401000000,6085765000000,6086001000000,6086281000000,4131000,38630000,123082000,337980000,21233000
1780790977,755729000,1319,1,U,N,6086329000000,6086280000000,6086000000000,6085764000000,6085400000000,3185000,214327000,9548000,460803000,618000,6085117000000,6085401000000,6085765000000,6086001000000,6086281000000,4131000,38630000,123082000,337980000,21233000
1780790977,854039000,1321,1,U,N,6086329000000,6086280000000,6086000000000,6085764000000,6085400000000,3185000,214327000,9548000,460803000,618000,6085117000000,6085401000000,6085765000000,6086001000000,6086281000000,4131000,38630000,123082000,337980000,21233000
1780790977,959233000,1323,1,U,N,6086329000000,6086280000000,6086000000000,6085764000000,6085400000000,3185000,214327000,9548000,460803000,618000,6085117000000,6085401000000,6085765000000,6086001000000,6086281000000,4131000,38630000,123082000,337980000,21233000
1780790978,53843000,1325,1,U,N,6086329000000,6086280000000,6086000000000,6085764000000,6085400000000,3185000,214327000,9548000,460803000,618000,6085117000000,6085401000000,6085765000000,6086001000000,6086281000000,4131000,38630000,123082000,337980000,21233000
1780790978,154107000,1327,1,U,N,6086329000000,6086280000000,6086000000000,6085764000000,6085400000000,3185000,214327000,9548000,460803000,618000,6085117000000,6085401000000,6085765000000,6086001000000,6086281000000,4131000,38630000,123082000,337980000,21233000
1780790978,253409000,1329,1,U,N,6086329000000,6086280000000,6086000000000,6085764000000,6085400000000,3185000,214327000,9548000,460803000,618000,6085117000000,6085401000000,6085765000000,6086001000000,6086281000000,4131000,38630000,123082000,337980000,21233000
1780790978,356558000,1331,1,U,N,6086329000000,6086280000000,6086000000000,6085764000000,6085400000000,3185000,214327000,9548000,460803000,618000,6085117000000,6085401000000,6085765000000,6086001000000,6086281000000,4131000,38630000,123082000,337980000,21233000
1780790978,453990000,1333,1,U,N,6086329000000,6086280000000,6086000000000,6085764000000,6085400000000,3185000,214327000,9548000,460803000,618000,6085117000000,6085401000000,6085765000000,6086001000000,6086281000000,4131000,38630000,123082000,337980000,21233000
1780790978,554178000,1336,1,U,N,6086329000000,6086280000000,6086000000000,6085764000000,6085400000000,3185000,214327000,9548000,460803000,618000,6085117000000,6085401000000,6085765000000,6086001000000,6086281000000,4131000,38630000,123082000,337980000,21091000
1780790978,653841000,1338,1,U,N,6086329000000,6086280000000,6086000000000,6085764000000,6085400000000,3185000,214327000,9548000,460803000,618000,6085117000000,6085401000000,6085765000000,6086001000000,6086281000000,4131000,38630000,123082000,337980000,21091000
1780790978,755338000,1340,1,U,N,6086329000000,6086280000000,6086000000000,6085764000000,6085400000000,3185000,214327000,9548000,460803000,618000,6085117000000,6085401000000,6085765000000,6086001000000,6086281000000,4131000,38630000,123082000,337980000,21091000
1780790978,856858000,1342,1,U,N,6086329000000,6086280000000,6086000000000,6085764000000,6085400000000,3185000,214327000,9548000,460803000,618000,6085117000000,6085401000000,6085765000000,6086001000000,6086281000000,4131000,38630000,123082000,337980000,21091000
1780790978,954782000,1344,1,U,N,6086329000000,6086280000000,6086000000000,6085764000000,6085400000000,3185000,214327000,9548000,460803000,618000,6085117000000,6085401000000,6085765000000,6086001000000,6086281000000,4131000,38630000,123082000,337980000,21091000
1780790979,53692000,1346,1,U,N,6086329000000,6086280000000,6086000000000,6085764000000,6085400000000,3185000,214327000,9548000,460803000,618000,6085117000000,6085401000000,6085765000000,6086001000000,6086281000000,4131000,38630000,123082000,337980000,21100000
1780790979,153993000,1348,1,U,N,6086329000000,6086280000000,6086000000000,6085764000000,6085400000000,3185000,214327000,9548000,460803000,618000,6085117000000,6085401000000,6085765000000,6086001000000,6086281000000,4131000,38630000,123082000,337980000,47503000
1780790979,256846000,1350,1,U,N,6086329000000,6086280000000,6086000000000,6085764000000,6085400000000,3185000,214327000,9548000,460803000,618000,6085117000000,6085401000000,6085765000000,6086001000000,6086281000000,4131000,38630000,123082000,337980000,47503000
1780790979,353717000,1352,1,U,N,6086329000000,6086280000000,6086000000000,6085764000000,6085400000000,3185000,214327000,9548000,460803000,618000,6085117000000,6085401000000,6085765000000,6086001000000,6086281000000,4131000,38630000,123082000,337980000,47503000
1780790979,456153000,1354,1,U,N,6086329000000,6086280000000,6086000000000,6085764000000,6085400000000,3185000,214327000,9548000,460803000,618000,6085117000000,6085401000000,6085765000000,6086001000000,6086281000000,4131000,38630000,123082000,337980000,47503000
1780790979,554897000,1356,1,U,N,6086329000000,6086280000000,6086000000000,6085764000000,6085400000000,3185000,214327000,9548000,460803000,618000,6085117000000,6085401000000,6085765000000,6086001000000,6086281000000,4131000,38630000,123082000,337980000,47503000
1780790979,660000000,1358,1,U,N,6086329000000,6086280000000,6086000000000,6085764000000,6085400000000,3185000,214327000,9548000,460803000,618000,6085117000000,6085401000000,6085765000000,6086001000000,6086281000000,4131000,38630000,123082000,337980000,47521000
1780790979,757022000,1360,1,U,N,6086329000000,6086280000000,6086000000000,6085764000000,6085400000000,3185000,146159000,9548000,460803000,618000,6085117000000,6085401000000,6085765000000,6086001000000,6086281000000,4131000,38630000,123082000,337980000,226868000
1780790979,857816000,1363,1,U,N,6086329000000,6086280000000,6086000000000,6085764000000,6085400000000,3185000,92095000,9548000,460803000,618000,6085117000000,6085401000000,6085765000000,6086001000000,6086281000000,4131000,38630000,123082000,337980000,274563000
1780790980,51486000,1365,1,U,N,6086329000000,6086280000000,6086000000000,6085764000000,6085400000000,3185000,92095000,9548000,460803000,618000,6085117000000,6085401000000,6085765000000,6086001000000,6086281000000,4131000,38630000,123082000,337980000,274545000
1780790980,56606000,1367,1,U,N,6086329000000,6086280000000,6086000000000,6085764000000,6085400000000,3185000,92104000,9548000,460803000,618000,6085117000000,6085401000000,6085765000000,6086001000000,6086281000000,4131000,38630000,123082000,337980000,274545000
1780790980,155412000,1369,1,U,N,6086329000000,6086280000000,6086000000000,6085764000000,6085400000000,3185000,117470000,9548000,460803000,618000,6085117000000,6085401000000,6085765000000,6086001000000,6086281000000,4131000,38630000,123082000,337980000,247545000
1780790980,257468000,1372,1,U,N,6086329000000,6086280000000,6086000000000,6085764000000,6085400000000,3185000,117470000,9548000,460803000,618000,6085117000000,6085401000000,6085765000000,6086001000000,6086281000000,4131000,38630000,123082000,337980000,247459000
1780790980,354345000,1375,1,U,N,6086329000000,6086280000000,6086000000000,6085764000000,6085400000000,3185000,117461000,9548000,460803000,618000,6085117000000,6085401000000,6085765000000,6086001000000,6086281000000,4131000,38630000,123082000,337980000,247443000
1780790980,453304000,1377,1,U,N,6086329000000,6086280000000,6086000000000,6085764000000,6085400000000,3185000,117461000,9548000,460803000,618000,6085117000000,6085401000000,6085765000000,6086001000000,6086281000000,4131000,38630000,123082000,337980000,247443000
1780790980,553301000,1379,1,U,N,6086329000000,6086280000000,6086000000000,6085764000000,6085400000000,3185000,117461000,9548000,460803000,618000,6085117000000,6085401000000,6085765000000,6086001000000,6086281000000,4131000,38630000,123082000,337980000,247443000
1780790980,654096000,1381,1,U,N,6086329000000,6086280000000,6086000000000,6085764000000,6085400000000,3185000,117461000,9548000,460803000,618000,6085117000000,6085401000000,6085765000000,6086001000000,6086281000000,4131000,38630000,123082000,337980000,247443000
1780790980,754405000,1384,1,U,N,6086329000000,6086280000000,6086000000000,6085764000000,6085400000000,3185000,117461000,9548000,460803000,618000,6085117000000,6085401000000,6085765000000,6086001000000,6086281000000,4131000,38630000,123082000,337980000,247376000
1780790980,853702000,1386,1,U,N,6086329000000,6086280000000,6086000000000,6085764000000,6085400000000,3185000,117631000,9548000,460803000,618000,6085117000000,6085401000000,6085765000000,6086001000000,6086281000000,4131000,38630000,123082000,337980000,277366000
1780790980,953749000,1388,1,U,N,6086329000000,6086280000000,6086000000000,6085764000000,6085400000000,3185000,117622000,9548000,460803000,618000,6085117000000,6085401000000,6085765000000,6086001000000,6086281000000,4131000,38630000,123082000,337980000,277366000
1780790981,54398000,1390,1,U,N,6086329000000,6086280000000,6086000000000,6085764000000,6085400000000,3185000,117622000,9548000,460803000,618000,6085117000000,6085401000000,6085765000000,6086001000000,6086281000000,4131000,38630000,123082000,337980000,277366000
1780790981,157849000,1396,1,U,N,6086329000000,6086280000000,6086000000000,6085764000000,6085400000000,3185000,117631000,9548000,460803000,618000,6085117000000,6085401000000,6085765000000,6086001000000,6086281000000,4131000,38630000,123082000,337980000,264952000
1780790981,262061000,1398,1,U,N,6086329000000,6086280000000,6086000000000,6085764000000,6085400000000,3185000,176858000,9548000,460803000,618000,6085117000000,6085401000000,6085765000000,6086001000000,6086281000000,4131000,38630000,123082000,337980000,184824000
1780790981,358597000,1401,1,U,N,6086329000000,6086280000000,6086000000000,6085764000000,6085400000000,3185000,178758000,9548000,460803000,618000,6085117000000,6085401000000,6085765000000,6086001000000,6086281000000,4131000,38630000,123082000,337980000,46144000
1780790981,454922000,1403,1,U,N,6086329000000,6086280000000,6086000000000,6085764000000,6085400000000,3185000,198992000,9548000,460803000,618000,6085117000000,6085401000000,6085765000000,6086001000000,6086281000000,4131000,38630000,123082000,337980000,38677000
1780790981,556284000,1406,1,U,N,6086329000000,6086280000000,6086000000000,6085764000000,6085400000000,3185000,194897000,9548000,460803000,618000,6085117000000,6085401000000,6085765000000,6086001000000,6086281000000,4131000,38630000,123082000,337980000,38641000
1780790981,654067000,1409,1,U,N,6086329000000,6086280000000,6086000000000,6085764000000,6085400000000,3185000,218800000,9548000,460803000,618000,6085117000000,6085401000000,6085765000000,6086001000000,6086281000000,4131000,38630000,123082000,337980000,38554000
1780790981,765002000,1411,1,U,N,6086329000000,6086280000000,6086000000000,6085764000000,6085400000000,3185000,218800000,9548000,460803000,618000,6085117000000,6085401000000,6085765000000,6086001000000,6086281000000,4131000,38630000,123082000,337980000,38572000
1780790981,858572000,1414,1,U,N,6086329000000,6086280000000,6086000000000,6085764000000,6085400000000,3185000,218800000,9548000,460803000,618000,6085117000000,6085401000000,6085765000000,6086001000000,6086281000000,4131000,38630000,123082000,337980000,38555000
1780790981,962177000,1416,1,U,N,6086329000000,6086280000000,6086000000000,6085764000000,6085400000000,3185000,222812000,9548000,460803000,618000,6085117000000,6085401000000,6085765000000,6086001000000,6086281000000,4131000,38630000,123082000,337980000,38555000
1780790982,61066000,1418,1,U,N,6086329000000,6086280000000,6086000000000,6085764000000,6085400000000,3185000,222812000,9548000,460803000,618000,6085117000000,6085401000000,6085765000000,6086001000000,6086281000000,4131000,38630000,123082000,337980000,38314000
1780790982,154366000,1420,1,U,N,6086329000000,6086280000000,6086000000000,6085764000000,6085400000000,3185000,222812000,9548000,460803000,618000,6085117000000,6085401000000,6085765000000,6086001000000,6086281000000,4131000,38630000,123082000,337980000,38314000
1780790982,257279000,1422,1,U,N,6086329000000,6086280000000,6086000000000,6085764000000,6085400000000,3185000,222812000,9548000,460803000,618000,6085117000000,6085401000000,6085765000000,6086001000000,6086281000000,4131000,38630000,123082000,337980000,38564000
1780790982,358937000,1424,1,U,N,6086329000000,6086280000000,6086000000000,6085764000000,6085400000000,3185000,222812000,9548000,460803000,618000,6085117000000,6085401000000,6085765000000,6086001000000,6086281000000,4131000,38630000,123082000,337980000,38564000
1780790982,453435000,1426,1,U,N,6086329000000,6086280000000,6086000000000,6085764000000,6085400000000,3185000,222812000,9548000,460803000,618000,6085117000000,6085401000000,6085765000000,6086001000000,6086281000000,4131000,38630000,123082000,337980000,38564000
1780790982,557111000,1428,1,U,N,6086329000000,6086280000000,6086000000000,6085764000000,6085400000000,3185000,222812000,9548000,460803000,618000,6085117000000,6085401000000,6085765000000,6086001000000,6086281000000,4131000,38630000,123082000,337980000,38564000
1780790982,653616000,1430,1,U,N,6086329000000,6086280000000,6086000000000,6085764000000,6085400000000,3185000,222812000,9548000,460803000,618000,6085117000000,6085401000000,6085765000000,6086001000000,6086281000000,4131000,38630000,123082000,337980000,38564000
1780790982,754047000,1433,1,U,N,6086329000000,6086280000000,6086000000000,6085764000000,6085400000000,3185000,221904000,9548000,460803000,618000,6085117000000,6085401000000,6085765000000,6086001000000,6086281000000,4131000,38630000,123082000,337980000,38528000
1780790982,853746000,1435,1,U,N,6086329000000,6086280000000,6086000000000,6085764000000,6085400000000,3185000,221922000,9548000,460803000,618000,6085117000000,6085401000000,6085765000000,6086001000000,6086281000000,4131000,38630000,123082000,337980000,38528000
1780790982,953036000,1437,1,U,N,6086329000000,6086280000000,6086000000000,6085764000000,6085400000000,3185000,221922000,9548000,460803000,618000,6085117000000,6085401000000,6085765000000,6086001000000,6086281000000,4131000,38630000,123082000,337980000,38528000
1780790983,53580000,1439,1,U,N,6086329000000,6086280000000,6086000000000,6085764000000,6085400000000,3185000,221922000,9548000,460803000,618000,6085117000000,6085401000000,6085765000000,6086001000000,6086281000000,4131000,38630000,123082000,337980000,38528000
1780790983,153737000,1441,1,U,N,6086329000000,6086280000000,6086000000000,6085764000000,6085400000000,3185000,221922000,9548000,460803000,618000,6085117000000,6085401000000,6085765000000,6086001000000,6086281000000,4131000,38630000,123082000,337980000,38528000
1780790983,253859000,1445,1,U,N,6086329000000,6086280000000,6086000000000,6085764000000,6085400000000,3185000,221835000,9548000,460803000,618000,6085117000000,6085401000000,6085765000000,6086001000000,6086281000000,4131000,38630000,123082000,337980000,37744000
1780790983,357254000,1447,1,U,N,6086329000000,6086280000000,6086000000000,6085764000000,6085400000000,3185000,197924000,9548000,460803000,618000,6085117000000,6085401000000,6085765000000,6086001000000,6086281000000,4131000,38630000,123082000,337980000,37744000
1780790983,453664000,1449,1,U,N,6086329000000,6086280000000,6086000000000,6085764000000,6085400000000,3185000,197924000,9548000,460803000,618000,6085117000000,6085401000000,6085765000000,6086001000000,6086281000000,4131000,38630000,123082000,337980000,37744000
1780790983,558837000,1451,1,U,N,6086329000000,6086280000000,6086000000000,6085764000000,6085400000000,3185000,197924000,9548000,460803000,618000,6085117000000,6085401000000,6085765000000,6086001000000,6086281000000,4131000,38630000,123082000,337980000,37744000
1780790983,654037000,1453,1,U,N,6086329000000,6086280000000,6086000000000,6085764000000,6085400000000,3185000,197924000,9548000,460803000,618000,6085117000000,6085401000000,6085765000000,6086001000000,6086281000000,4131000,38630000,123082000,337980000,37744000
1780790983,756781000,1455,1,U,N,6086329000000,6086280000000,6086000000000,6085764000000,6085400000000,3185000,197924000,9548000,460803000,618000,6085117000000,6085401000000,6085765000000,6086001000000,6086281000000,4131000,38630000,123082000,337980000,37744000
1780790983,854025000,1457,1,U,N,6086329000000,6086280000000,6086000000000,6085764000000,6085400000000,3185000,197924000,9548000,460803000,618000,6085117000000,6085401000000,6085765000000,6086001000000,6086281000000,4131000,38630000,123082000,337980000,37744000
1780790983,953596000,1459,1,U,N,6086329000000,6086280000000,6086000000000,6085764000000,6085400000000,3185000,197924000,9548000,460803000,618000,6085117000000,6085401000000,6085765000000,6086001000000,6086281000000,4131000,38630000,123082000,337980000,37774000
1780790984,55697000,1461,1,U,N,6086329000000,6086280000000,6086000000000,6085764000000,6085400000000,3185000,197924000,9548000,460803000,618000,6085117000000,6085401000000,6085765000000,6086001000000,6086281000000,4131000,38630000,123082000,337980000,37774000
1780790984,181607000,1463,1,U,N,6086329000000,6086280000000,6086000000000,6085764000000,6085400000000,3185000,197924000,9548000,460803000,618000,6085117000000,6085401000000,6085765000000,6086001000000,6086281000000,4131000,38630000,123082000,337980000,37774000
1780790984,256379000,1466,1,U,N,6086329000000,6086280000000,6086000000000,6085764000000,6085400000000,3185000,197924000,9548000,460803000,618000,6085117000000,6085401000000,6085765000000,6086001000000,6086281000000,4131000,38630000,123082000,337980000,37491000
1780790984,353474000,1469,1,U,N,6086329000000,6086280000000,6086000000000,6085764000000,6085400000000,3185000,197924000,9548000,460803000,618000,6085117000000,6085401000000,6085765000000,6086001000000,6086281000000,4131000,38630000,123082000,337980000,37409000
1780790984,453795000,1471,1,U,N,6086329000000,6086280000000,6086000000000,6085764000000,6085400000000,3185000,197924000,9548000,460803000,618000,6085117000000,6085401000000,6085765000000,6086001000000,6086281000000,4131000,38630000,123082000,337980000,37409000
1780790984,556369000,1473,1,U,N,6086329000000,6086280000000,6086000000000,6085764000000,6085400000000,3185000,197924000,9548000,460803000,618000,6085117000000,6085401000000,6085765000000,6086001000000,6086281000000,4131000,38630000,123082000,337980000,37409000
1780790984,654460000,1475,1,U,N,6086329000000,6086280000000,6086000000000,6085764000000,6085400000000,3185000,197924000,9548000,460803000,618000,6085117000000,6085401000000,6085765000000,6086001000000,6086281000000,4131000,38630000,123082000,337980000,37409000
1780790984,753637000,1478,1,U,N,6086329000000,6086280000000,6086000000000,6085764000000,6085400000000,3185000,197924000,9548000,460803000,618000,6085117000000,6085401000000,6085765000000,6086001000000,6086281000000,4131000,38630000,123082000,337980000,35635000
1780790984,854271000,1480,1,U,N,6086329000000,6086280000000,6086000000000,6085764000000,6085400000000,3185000,197924000,9548000,460803000,618000,6085117000000,6085401000000,6085765000000,6086001000000,6086281000000,4131000,38630000,123082000,337980000,35635000
1780790984,955013000,1482,1,U,N,6086329000000,6086280000000,6086000000000,6085764000000,6085400000000,3185000,197924000,9548000,460803000,618000,6085117000000,6085401000000,6085765000000,6086001000000,6086281000000,4131000,38630000,123082000,337980000,35635000
1780790985,56241000,1485,1,U,N,6086329000000,6086280000000,6086000000000,6085764000000,6085400000000,3185000,197855000,9548000,460803000,618000,6085117000000,6085401000000,6085765000000,6086001000000,6086281000000,4131000,38630000,123082000,337980000,35635000
1780790985,154601000,1487,1,U,N,6086329000000,6086280000000,6086000000000,6085764000000,6085400000000,3185000,197855000,9548000,460803000,618000,6085117000000,6085401000000,6085765000000,6086001000000,6086281000000,4131000,38630000,123082000,337980000,35635000
1780790985,253910000,1489,1,U,N,6086329000000,6086280000000,6086000000000,6085764000000,6085400000000,3185000,197855000,9548000,460803000,618000,6085117000000,6085401000000,6085765000000,6086001000000,6086281000000,4131000,38630000,123082000,337980000,35635000
1780790985,358010000,1491,1,U,N,6086329000000,6086280000000,6086000000000,6085764000000,6085400000000,3185000,197855000,9548000,460803000,618000,6085117000000,6085401000000,6085765000000,6086001000000,6086281000000,4131000,38630000,123082000,337980000,35635000
1780790985,458433000,1493,1,U,N,6086329000000,6086280000000,6086000000000,6085764000000,6085400000000,3185000,197855000,9548000,460803000,618000,6085117000000,6085401000000,6085765000000,6086001000000,6086281000000,4131000,38630000,123082000,337980000,35635000
1780790985,555274000,1495,1,U,N,6086329000000,6086280000000,6086000000000,6085764000000,6085400000000,3185000,197855000,9548000,460803000,618000,6085117000000,6085401000000,6085765000000,6086001000000,6086281000000,4131000,38630000,123082000,337980000,35635000
1780790985,665609000,1497,1,U,N,6086329000000,6086280000000,6086000000000,6085764000000,6085400000000,3185000,197855000,9548000,460803000,618000,6085117000000,6085401000000,6085765000000,6086001000000,6086281000000,4131000,38630000,123082000,337980000,35635000
1780790985,753295000,1499,1,U,N,6086329000000,6086280000000,6086000000000,6085764000000,6085400000000,3185000,197855000,9548000,460803000,618000,6085117000000,6085401000000,6085765000000,6086001000000,6086281000000,4131000,38630000,123082000,337980000,35635000
1780790985,873628000,1501,1,U,N,6086329000000,6086280000000,6086000000000,6085764000000,6085400000000,3185000,197855000,9548000,460803000,618000,6085117000000,6085401000000,6085765000000,6086001000000,6086281000000,4131000,38630000,123082000,337980000,35635000
1780790985,954000000,1503,1,U,N,6086329000000,6086280000000,6086000000000,6085764000000,6085400000000,3185000,197855000,9548000,460803000,618000,6085117000000,6085401000000,6085765000000,6086001000000,6086281000000,4131000,38630000,123082000,337980000,35635000
1780790986,53939000,1505,1,U,N,6086329000000,6086280000000,6086000000000,6085764000000,6085400000000,3185000,197855000,9548000,460803000,618000,6085117000000,6085401000000,6085765000000,6086001000000,6086281000000,4131000,38630000,123082000,337980000,35635000
1780790986,155569000,1507,1,U,N,6086329000000,6086280000000,6086000000000,6085764000000,6085400000000,3185000,197783000,9548000,460803000,618000,6085117000000,6085401000000,6085765000000,6086001000000,6086281000000,4131000,38630000,123082000,337980000,80072000
1780790986,254373000,1509,1,U,N,6086329000000,6086280000000,6086000000000,6085764000000,6085400000000,3185000,197783000,9548000,460803000,618000,6085117000000,6085401000000,6085765000000,6086001000000,6086281000000,4131000,38630000,123082000,337980000,80099000
1780790986,354137000,1511,1,U,N,6086329000000,6086280000000,6086000000000,6085764000000,6085400000000,3185000,197783000,9548000,460803000,618000,6085117000000,6085401000000,6085765000000,6086001000000,6086281000000,4131000,38630000,123082000,337980000,80099000
1780790986,457050000,1513,1,U,N,6086329000000,6086280000000,6086000000000,6085764000000,6085400000000,3185000,197783000,9548000,460803000,618000,6085117000000,6085401000000,6085765000000,6086001000000,6086281000000,4131000,38630000,123082000,337980000,80099000
1780790986,553533000,1515,1,U,N,6086329000000,6086280000000,6086000000000,6085764000000,6085400000000,3185000,197783000,9548000,460803000,618000,6085117000000,6085401000000,6085765000000,6086001000000,6086281000000,4131000,38630000,123082000,337980000,80099000
1780790986,654021000,1517,1,U,N,6086329000000,6086280000000,6086000000000,6085764000000,6085400000000,3185000,197783000,9548000,460803000,618000,6085117000000,6085401000000,6085765000000,6086001000000,6086281000000,4131000,38630000,123082000,337980000,80081000
1780790986,753023000,1519,1,U,N,6086329000000,6086280000000,6086000000000,6085764000000,6085400000000,3185000,198783000,9548000,460803000,618000,6085117000000,6085401000000,6085765000000,6086001000000,6086281000000,4131000,38630000,123082000,337980000,80099000
1780790986,853434000,1521,1,U,N,6086329000000,6086280000000,6086000000000,6085764000000,6085400000000,3185000,164634000,9548000,460803000,618000,6085117000000,6085401000000,6085765000000,6086001000000,6086281000000,4131000,38630000,123082000,337980000,114248000
1780790986,954029000,1523,1,U,N,6086329000000,6086280000000,6086000000000,6085764000000,6085400000000,3185000,164634000,9548000,460803000,618000,6085117000000,6085401000000,6085765000000,6086001000000,6086281000000,4131000,38630000,123082000,337980000,114257000
1780790987,53059000,1526,1,U,N,6086329000000,6086280000000,6086000000000,6085764000000,6085400000000,3185000,164634000,9548000,460803000,618000,6085117000000,6085401000000,6085765000000,6086001000000,6086281000000,4131000,38630000,123082000,337980000,114175000
1780790987,153135000,1528,1,U,N,6086329000000,6086280000000,6086000000000,6085764000000,6085400000000,3185000,164634000,9548000,460803000,618000,6085117000000,6085401000000,6085765000000,6086001000000,6086281000000,4131000,38630000,123082000,337980000,141813000
1780790987,253216000,1530,1,U,N,6086329000000,6086280000000,6086000000000,6085764000000,6085400000000,3185000,164586000,9548000,460803000,618000,6085117000000,6085401000000,6085765000000,6086001000000,6086281000000,4131000,38630000,123082000,337980000,141813000
1780790987,353218000,1532,1,U,N,6086329000000,6086280000000,6086000000000,6085764000000,6085400000000,3185000,149364000,9548000,460803000,618000,6085117000000,6085401000000,6085765000000,6086001000000,6086281000000,4131000,38630000,123082000,337980000,141795000
1780790987,453847000,1534,1,U,N,6086329000000,6086280000000,6086000000000,6085764000000,6085400000000,3185000,149364000,9548000,460803000,618000,6085117000000,6085401000000,6085765000000,6086001000000,6086281000000,4131000,38630000,123082000,337980000,118194000
1780790987,553383000,1537,1,U,N,6086329000000,6086280000000,6086000000000,6085764000000,6085400000000,3185000,149364000,9548000,460803000,618000,6085117000000,6085401000000,6085765000000,6086001000000,6086281000000,4131000,38630000,123082000,337980000,125888000
1780790987,653270000,1539,1,U,N,6086329000000,6086280000000,6086000000000,6085764000000,6085400000000,3185000,149364000,9548000,460803000,618000,6085117000000,6085401000000,6085765000000,6086001000000,6086281000000,4131000,38630000,123082000,337980000,125888000
1780790987,753677000,1541,1,U,N,6086329000000,6086280000000,6086000000000,6085764000000,6085400000000,3185000,149364000,9548000,460803000,618000,6085117000000,6085401000000,6085765000000,6086001000000,6086281000000,4131000,38630000,123082000,337980000,125888000
1780790987,854354000,1543,1,U,N,6086329000000,6086280000000,6086000000000,6085764000000,6085400000000,3185000,149364000,9548000,460803000,618000,6085117000000,6085401000000,6085765000000,6086001000000,6086281000000,4131000,38630000,123082000,337980000,125888000
1780790987,953250000,1545,1,U,N,6086329000000,6086280000000,6086000000000,6085764000000,6085400000000,3185000,149364000,9548000,460803000,618000,6085117000000,6085401000000,6085765000000,6086001000000,6086281000000,4131000,38630000,123082000,337980000,125888000
1780790988,55508000,1547,1,U,N,6086329000000,6086280000000,6086000000000,6085764000000,6085400000000,3185000,149364000,9548000,460803000,618000,6085117000000,6085401000000,6085765000000,6086001000000,6086281000000,4131000,38630000,123082000,337980000,125888000
1780790988,153526000,1549,1,U,N,6086329000000,6086280000000,6086000000000,6085764000000,6085400000000,3185000,149364000,9548000,460803000,618000,6085117000000,6085401000000,6085765000000,6086001000000,6086281000000,4131000,38630000,123082000,337980000,125888000
1780790988,253556000,1551,1,U,N,6086329000000,6086280000000,6086000000000,6085764000000,6085400000000,3185000,137836000,9548000,460803000,618000,6085117000000,6085401000000,6085765000000,6086001000000,6086281000000,4131000,38630000,123082000,337980000,125888000
1780790988,353479000,1553,1,U,N,6086329000000,6086280000000,6086000000000,6085764000000,6085400000000,3185000,137836000,9548000,460803000,618000,6085117000000,6085401000000,6085765000000,6086001000000,6086281000000,4131000,38630000,123082000,337980000,125888000
1780790988,456550000,1555,1,U,N,6086329000000,6086280000000,6086000000000,6085764000000,6085400000000,3185000,137836000,9548000,460803000,618000,6085117000000,6085401000000,6085765000000,6086001000000,6086281000000,4131000,38630000,123082000,337980000,125888000
1780790988,559166000,1557,1,U,N,6086329000000,6086280000000,6086000000000,6085764000000,6085400000000,3185000,137836000,9548000,460803000,618000,6085117000000,6085401000000,6085765000000,6086001000000,6086281000000,4131000,38630000,123082000,337980000,125888000
1780790988,653612000,1559,1,U,N,6086329000000,6086280000000,6086000000000,6085764000000,6085400000000,3185000,137836000,9548000,460803000,618000,6085117000000,6085401000000,6085765000000,6086001000000,6086281000000,4131000,38630000,123082000,337980000,125888000
1780790988,754503000,1561,1,U,N,6086329000000,6086280000000,6086000000000,6085764000000,6085400000000,3185000,149408000,9548000,460803000,618000,6085117000000,6085401000000,6085765000000,6086001000000,6086281000000,4131000,38630000,123082000,337980000,125888000
1780790988,854632000,1563,1,U,N,6086329000000,6086280000000,6086000000000,6085764000000,6085400000000,3185000,149408000,9548000,460803000,618000,6085117000000,6085401000000,6085765000000,6086001000000,6086281000000,4131000,38630000,123082000,337980000,125888000
1780790988,957612000,1565,1,U,N,6086329000000,6086280000000,6086000000000,6085764000000,6085400000000,3185000,149418000,9548000,460803000,618000,6085117000000,6085401000000,6085765000000,6086001000000,6086281000000,4131000,38630000,123082000,337980000,118180000
1780790989,53720000,1567,1,U,N,6086329000000,6086280000000,6086000000000,6085764000000,6085400000000,3185000,149418000,9548000,460803000,618000,6085117000000,6085401000000,6085765000000,6086001000000,6086281000000,4131000,38630000,123082000,337980000,118180000
1780790989,153421000,1569,1,U,N,6086329000000,6086280000000,6086000000000,6085764000000,6085400000000,3185000,145415000,9548000,460803000,618000,6085117000000,6085401000000,6085765000000,6086001000000,6086281000000,4131000,38630000,123082000,337980000,118180000
1780790989,253226000,1571,1,U,N,6086329000000,6086280000000,6086000000000,6085764000000,6085400000000,3185000,145415000,9548000,460803000,618000,6085117000000,6085401000000,6085765000000,6086001000000,6086281000000,4131000,38630000,123082000,337980000,118180000
1780790989,353862000,1573,1,U,N,6086329000000,6086280000000,6086000000000,6085764000000,6085400000000,3185000,145415000,9548000,460803000,618000,6085117000000,6085401000000,6085765000000,6086001000000,6086281000000,4131000,38630000,123082000,337980000,118180000
1780790989,454709000,1575,1,U,N,6086329000000,6086280000000,6086000000000,6085764000000,6085400000000,3185000,145415000,9548000,460803000,618000,6085117000000,6085401000000,6085765000000,6086001000000,6086281000000,4131000,38630000,123082000,337980000,118180000
1780790989,556023000,1577,1,U,N,6086329000000,6086280000000,6086000000000,6085764000000,6085400000000,3185000,145415000,9548000,460803000,618000,6085117000000,6085401000000,6085765000000,6086001000000,6086281000000,4131000,38630000,123082000,337980000,118207000
1780790989,653007000,1579,1,U,N,6086329000000,6086280000000,6086000000000,6085764000000,6085400000000,3185000,145415000,9548000,460803000,618000,6085117000000,6085401000000,6085765000000,6086001000000,6086281000000,4131000,38630000,123082000,337980000,118180000
1780790989,756197000,1581,1,U,N,6086329000000,6086280000000,6086000000000,6085764000000,6085400000000,3185000,145415000,9548000,460803000,618000,6085117000000,6085401000000,6085765000000,6086001000000,6086281000000,4131000,38630000,123082000,337980000,118180000
1780790989,856685000,1583,1,U,N,6086329000000,6086280000000,6086000000000,6085764000000,6085400000000,3185000,145415000,9548000,460803000,618000,6085117000000,6085401000000,6085765000000,6086001000000,6086281000000,4131000,38630000,123082000,337980000,118180000
1780790989,953175000,1585,1,U,N,6086329000000,6086280000000,6086000000000,6085764000000,6085400000000,3185000,145415000,9548000,460803000,618000,6085117000000,6085401000000,6085765000000,6086001000000,6086281000000,4131000,38630000,123082000,337980000,118180000
1780790990,71514000,1587,1,U,N,6086329000000,6086280000000,6086000000000,6085764000000,6085400000000,3185000,200481000,9548000,460803000,618000,6085117000000,6085401000000,6085765000000,6086001000000,6086281000000,4131000,38630000,123082000,337980000,141781000
1780790990,156689000,1590,1,U,N,6086329000000,6086280000000,6086000000000,6085764000000,6085400000000,3185000,200481000,9548000,460803000,618000,6085117000000,6085401000000,6085765000000,6086001000000,6086281000000,4131000,38630000,123082000,337980000,141733000
1780790990,254148000,1592,1,U,N,6086329000000,6086280000000,6086000000000,6085764000000,6085400000000,3185000,200481000,9548000,460803000,618000,6085117000000,6085401000000,6085765000000,6086001000000,6086281000000,4131000,38630000,123082000,337980000,141733000
1780790990,356763000,1595,1,U,N,6086329000000,6086280000000,6086000000000,6085764000000,6085400000000,3185000,199655000,9548000,460803000,618000,6085117000000,6085401000000,6085765000000,6086001000000,6086281000000,4131000,38630000,123082000,337980000,141723000
1780790990,455265000,1597,1,U,N,6086329000000,6086280000000,6086000000000,6085764000000,6085400000000,3185000,199655000,9548000,460803000,618000,6085117000000,6085401000000,6085765000000,6086001000000,6086281000000,4131000,38630000,123082000,337980000,141751000
1780790990,557109000,1600,1,U,N,6086329000000,6086280000000,6086000000000,6085764000000,6085400000000,3185000,198855000,9548000,460803000,618000,6085117000000,6085401000000,6085765000000,6086001000000,6086281000000,4131000,38630000,123082000,337980000,132431000
1780790990,653415000,1603,1,U,N,6086329000000,6086280000000,6086000000000,6085764000000,6085400000000,3185000,211402000,9548000,460803000,618000,6085117000000,6085401000000,6085765000000,6086001000000,6086281000000,4131000,38630000,123082000,337980000,82371000
1780790990,758011000,1606,1,U,N,6086329000000,6086280000000,6086000000000,6085764000000,6085400000000,3185000,213316000,9548000,460803000,618000,6085117000000,6085401000000,6085765000000,6086001000000,6086281000000,4131000,38630000,123082000,337980000,82380000
1780790990,862425000,1609,1,U,N,6086329000000,6086280000000,6086000000000,6085764000000,6085400000000,3185000,213198000,9548000,460803000,618000,6085117000000,6085401000000,6085765000000,6086001000000,6086281000000,4131000,38630000,123082000,337980000,82362000
1780790990,954157000,1611,1,U,N,6086329000000,6086280000000,6086000000000,6085764000000,6085400000000,3185000,248150000,9548000,460803000,618000,6085117000000,6085401000000,6085765000000,6086001000000,6086281000000,4131000,38630000,123082000,337980000,82289000
1780790991,53770000,1614,1,U,N,6086329000000,6086280000000,6086000000000,6085764000000,6085400000000,3185000,247359000,9548000,460803000,618000,6085117000000,6085401000000,6085765000000,6086001000000,6086281000000,4131000,38630000,123082000,337980000,82289000
1780790991,153599000,1616,1,U,N,6086329000000,6086280000000,6086000000000,6085764000000,6085400000000,3185000,247458000,9548000,460803000,618000,6085117000000,6085401000000,6085765000000,6086001000000,6086281000000,4131000,38630000,123082000,337980000,82271000
1780790991,253303000,1619,1,U,N,6086329000000,6086280000000,6086000000000,6085764000000,6085400000000,3185000,246658000,9548000,460803000,618000,6085117000000,6085401000000,6085765000000,6086001000000,6086281000000,4131000,38630000,123082000,337980000,74581000
1780790991,353145000,1621,1,U,N,6086329000000,6086280000000,6086000000000,6085764000000,6085400000000,3185000,246658000,9548000,460803000,618000,6085117000000,6085401000000,6085765000000,6086001000000,6086281000000,4131000,38630000,123082000,337980000,74581000
1780790991,453492000,1624,1,U,N,6086329000000,6086280000000,6086000000000,6085764000000,6085400000000,3185000,245858000,9548000,460803000,618000,6085117000000,6085401000000,6085765000000,6086001000000,6086281000000,4131000,38630000,123082000,337980000,74581000
1780790991,554225000,1626,1,U,N,6086329000000,6086280000000,6086000000000,6085764000000,6085400000000,3185000,245858000,9548000,460803000,618000,6085117000000,6085401000000,6085765000000,6086001000000,6086281000000,4131000,38630000,123082000,337980000,74581000
1780790991,655749000,1628,1,U,N,6086329000000,6086280000000,6086000000000,6085764000000,6085400000000,3185000,245858000,9548000,460803000,618000,6085117000000,6085401000000,6085765000000,6086001000000,6086281000000,4131000,38630000,123082000,337980000,74581000
1780790991,753923000,1631,1,U,N,6086329000000,6086280000000,6086000000000,6085764000000,6085400000000,3185000,245058000,9548000,460803000,618000,6085117000000,6085401000000,6085765000000,6086001000000,6086281000000,4131000,38630000,123082000,337980000,74581000
1780790991,853769000,1633,1,U,N,6086329000000,6086280000000,6086000000000,6085764000000,6085400000000,3185000,243415000,9548000,460803000,618000,6085117000000,6085401000000,6085765000000,6086001000000,6086281000000,4131000,38630000,123082000,337980000,74581000
1780790991,953012000,1636,1,U,N,6086329000000,6086280000000,6086000000000,6085764000000,6085400000000,3185000,242615000,9548000,460803000,618000,6085117000000,6085401000000,6085765000000,6086001000000,6086281000000,4131000,38630000,123082000,337980000,74581000
1780790992,53178000,1638,1,U,N,6086329000000,6086280000000,6086000000000,6085764000000,6085400000000,3185000,242615000,9548000,460803000,618000,6085117000000,6085401000000,6085765000000,6086001000000,6086281000000,4131000,38630000,123082000,337980000,74581000
1780790992,152991000,1640,1,U,N,6086329000000,6086280000000,6086000000000,6085764000000,6085400000000,3185000,242615000,9548000,460803000,618000,6085117000000,6085401000000,6085765000000,6086001000000,6086281000000,4131000,38630000,123082000,337980000,74581000
1780790992,268416000,1644,1,U,N,6086329000000,6086280000000,6086000000000,6085764000000,6085400000000,3185000,241815000,9548000,460803000,618000,6085117000000,6085401000000,6085765000000,6086001000000,6086281000000,4131000,38630000,123082000,337980000,74565000
1780790992,353156000,1646,1,U,N,6086329000000,6086280000000,6086000000000,6085764000000,6085400000000,3185000,241815000,9548000,460803000,618000,6085117000000,6085401000000,6085765000000,6086001000000,6086281000000,4131000,38630000,123082000,337980000,74565000
1780790992,453075000,1649,1,U,N,6086329000000,6086280000000,6086000000000,6085764000000,6085400000000,3185000,241015000,9548000,460803000,618000,6085117000000,6085401000000,6085765000000,6086001000000,6086281000000,4131000,38630000,123082000,337980000,74565000
1780790992,553417000,1651,1,U,N,6086329000000,6086280000000,6086000000000,6085764000000,6085400000000,3185000,241015000,9548000,460803000,618000,6085117000000,6085401000000,6085765000000,6086001000000,6086281000000,4131000,38630000,123082000,337980000,74565000
1780790992,654324000,1654,1,U,N,6086329000000,6086280000000,6086000000000,6085764000000,6085400000000,3185000,240215000,9548000,460803000,618000,6085117000000,6085401000000,6085765000000,6086001000000,6086281000000,4131000,38630000,123082000,337980000,74565000
1780790992,755909000,1656,1,U,N,6086329000000,6086280000000,6086000000000,6085764000000,6085400000000,3185000,240215000,9548000,460803000,618000,6085117000000,6085401000000,6085765000000,6086001000000,6086281000000,4131000,38630000,123082000,337980000,74565000
1780790992,857689000,1658,1,U,N,6086329000000,6086280000000,6086000000000,6085764000000,6085400000000,3185000,240215000,9548000,460803000,618000,6085117000000,6085401000000,6085765000000,6086001000000,6086281000000,4131000,38630000,123082000,337980000,74565000
1780790992,953463000,1661,1,U,N,6086329000000,6086280000000,6086000000000,6085764000000,6085400000000,3185000,239415000,9548000,460803000,618000,6085117000000,6085401000000,6085765000000,6086001000000,6086281000000,4131000,38630000,123082000,337980000,74577000
1780790993,55465000,1685,1,U,N,6086329000000,6086280000000,6086000000000,6085764000000,6085400000000,3185000,239415000,9548000,460803000,618000,6085117000000,6085401000000,6085765000000,6086001000000,6086281000000,4131000,38630000,123082000,337980000,83855000
1780790993,154642000,1688,1,U,N,6086329000000,6086280000000,6086000000000,6085764000000,6085400000000,3185000,238615000,9548000,460803000,618000,6085117000000,6085401000000,6085765000000,6086001000000,6086281000000,4131000,38630000,123082000,337980000,83846000
1780790993,256020000,1690,1,U,N,6086329000000,6086280000000,6086000000000,6085764000000,6085400000000,3185000,238615000,9548000,460803000,618000,6085117000000,6085401000000,6085765000000,6086001000000,6086281000000,4131000,38630000,123082000,337980000,83846000
1780790993,352686000,1695,1,U,N,6086329000000,6086280000000,6086000000000,6085764000000,6085400000000,3185000,237824000,9548000,460803000,618000,6085117000000,6085401000000,6085765000000,6086001000000,6086281000000,4131000,38630000,123082000,337980000,83846000
1780790993,456294000,1699,1,U,N,6086329000000,6086280000000,6086000000000,6085764000000,6085400000000,3185000,237824000,9548000,460803000,618000,6085117000000,6085401000000,6085765000000,6086001000000,6086281000000,4131000,38630000,123082000,337980000,83623000
1780790993,556273000,1701,1,U,N,6086329000000,6086280000000,6086000000000,6085764000000,6085400000000,3185000,237824000,9548000,460803000,618000,6085117000000,6085401000000,6085765000000,6086001000000,6086281000000,4131000,38630000,123082000,337980000,83623000
1780790993,652648000,1704,1,U,N,6086329000000,6086280000000,6086000000000,6085764000000,6085400000000,3185000,237024000,9548000,460803000,618000,6085117000000,6085401000000,6085765000000,6086001000000,6086281000000,4131000,38630000,123082000,337980000,83623000
1780790993,754682000,1706,1,U,N,6086329000000,6086280000000,6086000000000,6085764000000,6085400000000,3185000,237024000,9548000,460803000,618000,6085117000000,6085401000000,6085765000000,6086001000000,6086281000000,4131000,38630000,123082000,337980000,83623000
1780790993,852850000,1709,1,U,N,6086329000000,6086280000000,6086000000000,6085764000000,6085400000000,3185000,236224000,9548000,460803000,618000,6085117000000,6085401000000,6085765000000,6086001000000,6086281000000,4131000,38630000,123082000,337980000,83623000
1780790993,958058000,1711,1,U,N,6086329000000,6086280000000,6086000000000,6085764000000,6085400000000,3185000,236224000,9548000,460803000,618000,6085117000000,6085401000000,6085765000000,6086001000000,6086281000000,4131000,38630000,123082000,337980000,83623000
1780790994,90180000,1714,1,U,N,6086329000000,6086280000000,6086000000000,6085764000000,6085400000000,3185000,235637000,9548000,460803000,618000,6085117000000,6085401000000,6085765000000,6086001000000,6086281000000,4131000,38630000,123082000,337980000,83623000
1780790994,160097000,1718,1,U,N,6086329000000,6086280000000,6086000000000,6085764000000,6085400000000,3185000,234837000,9548000,460803000,618000,6085117000000,6085401000000,6085765000000,6086001000000,6086281000000,4131000,38630000,123082000,337980000,83491000
1780790994,253263000,1720,1,U,N,6086329000000,6086280000000,6086000000000,6085764000000,6085400000000,3185000,234837000,9548000,460803000,618000,6085117000000,6085401000000,6085765000000,6086001000000,6086281000000,4131000,38630000,123082000,337980000,83491000
1780790994,353672000,1724,1,U,N,6086329000000,6086280000000,6086000000000,6085764000000,6085400000000,3185000,234037000,9548000,460803000,618000,6085117000000,6085401000000,6085765000000,6086001000000,6086281000000,4131000,38630000,123082000,337980000,78562000
1780790994,453806000,1726,1,U,N,6086329000000,6086280000000,6086000000000,6085764000000,6085400000000,3185000,234037000,9548000,460803000,618000,6085117000000,6085401000000,6085765000000,6086001000000,6086281000000,4131000,38630000,123082000,337980000,78562000
1780790994,553631000,1729,1,U,N,6086329000000,6086280000000,6086000000000,6085764000000,6085400000000,3185000,233237000,9548000,460803000,618000,6085117000000,6085401000000,6085765000000,6086001000000,6086281000000,4131000,38630000,123082000,337980000,78562000
1780790994,655905000,1731,1,U,N,6086329000000,6086280000000,6086000000000,6085764000000,6085400000000,3185000,233237000,9548000,460803000,618000,6085117000000,6085401000000,6085765000000,6086001000000,6086281000000,4131000,38630000,123082000,337980000,78562000
1780790994,753864000,1733,1,U,N,6086329000000,6086280000000,6086000000000,6085764000000,6085400000000,3185000,233237000,9548000,460803000,618000,6085117000000,6085401000000,6085765000000,6086001000000,6086281000000,4131000,38630000,123082000,337980000,78562000
1780790994,867130000,1736,1,U,N,6086329000000,6086280000000,6086000000000,6085764000000,6085400000000,3185000,232437000,9548000,460803000,618000,6085117000000,6085401000000,6085765000000,6086001000000,6086281000000,4131000,38630000,123082000,337980000,78553000
1780790994,956969000,1738,1,U,N,6086329000000,6086280000000,6086000000000,6085764000000,6085400000000,3185000,232437000,9548000,460803000,618000,6085117000000,6085401000000,6085765000000,6086001000000,6086281000000,4131000,38630000,123082000,337980000,78553000
1780790995,67164000,1748,1,U,N,6086329000000,6086280000000,6086000000000,6085764000000,6085400000000,3185000,231520000,9548000,460803000,618000,6085117000000,6085401000000,6085765000000,6086001000000,6086281000000,4131000,38630000,123082000,337980000,50308000
1780790995,153999000,1750,1,U,N,6086329000000,6086280000000,6086000000000,6085764000000,6085400000000,3185000,231540000,9548000,460803000,618000,6085117000000,6085401000000,6085765000000,6086001000000,6086281000000,4131000,38630000,123082000,337980000,50296000
1780790995,253274000,1752,1,U,N,6086329000000,6086280000000,6086000000000,6085764000000,6085400000000,3185000,231540000,9548000,460803000,618000,6085117000000,6085401000000,6085765000000,6086001000000,6086281000000,4131000,38630000,123082000,337980000,50296000
1780790995,359857000,1755,1,U,N,6086329000000,6086280000000,6086000000000,6085764000000,6085400000000,3185000,230740000,9548000,460803000,618000,6085117000000,6085401000000,6085765000000,6086001000000,6086281000000,4131000,38630000,123082000,337980000,50296000
1780790995,453244000,1757,1,U,N,6086329000000,6086280000000,6086000000000,6085764000000,6085400000000,3185000,230740000,9548000,460803000,618000,6085117000000,6085401000000,6085765000000,6086001000000,6086281000000,4131000,38630000,123082000,337980000,50296000
1780790995,554570000,1760,1,U,N,6086329000000,6086280000000,6086000000000,6085764000000,6085400000000,3185000,229940000,9548000,460803000,618000,6085117000000,6085401000000,6085765000000,6086001000000,6086281000000,4131000,38630000,123082000,337980000,50296000
1780790995,653288000,1762,1,U,N,6086329000000,6086280000000,6086000000000,6085764000000,6085400000000,3185000,229940000,9548000,460803000,618000,6085117000000,6085401000000,6085765000000,6086001000000,6086281000000,4131000,38630000,123082000,337980000,50296000
1780790995,753107000,1765,1,U,N,6086329000000,6086280000000,6086000000000,6085764000000,6085400000000,3185000,229140000,9548000,460803000,618000,6085117000000,6085401000000,6085765000000,6086001000000,6086281000000,4131000,38630000,123082000,337980000,50296000
1780790995,852798000,1768,1,U,N,6086329000000,6086280000000,6086000000000,6085764000000,6085400000000,3185000,228837000,9548000,460803000,618000,6085117000000,6085401000000,6085765000000,6086001000000,6086281000000,4131000,38630000,123082000,337980000,50296000
1780790995,953071000,1770,1,U,N,6086329000000,6086280000000,6086000000000,6085764000000,6085400000000,3185000,228837000,9548000,460803000,618000,6085117000000,6085401000000,6085765000000,6086001000000,6086281000000,4131000,38630000,123082000,337980000,50296000
1780790996,53174000,1773,1,U,N,6086329000000,6086280000000,6086000000000,6085764000000,6085400000000,3185000,228037000,9548000,460803000,618000,6085117000000,6085401000000,6085765000000,6086001000000,6086281000000,4131000,38630000,123082000,337980000,50296000
1780790996,152951000,1775,1,U,N,6086329000000,6086280000000,6086000000000,6085764000000,6085400000000,3185000,228037000,9548000,460803000,618000,6085117000000,6085401000000,6085765000000,6086001000000,6086281000000,4131000,38630000,123082000,337980000,53286000
1780790996,256574000,1778,1,U,N,6086329000000,6086280000000,6086000000000,6085764000000,6085400000000,3185000,227237000,9548000,460803000,618000,6085117000000,6085401000000,6085765000000,6086001000000,6086281000000,4131000,38630000,123082000,337980000,53286000
1780790996,353564000,1780,1,U,N,6086329000000,6086280000000,6086000000000,6085764000000,6085400000000,3185000,227253000,9548000,460803000,618000,6085117000000,6085401000000,6085765000000,6086001000000,6086281000000,4131000,38630000,123082000,337980000,53296000
1780790996,453043000,1790,1,U,N,6086329000000,6086280000000,6086000000000,6085764000000,6085400000000,3185000,227793000,9548000,460803000,618000,6085117000000,6085401000000,6085765000000,6086001000000,6086281000000,4131000,38630000,123082000,337980000,50132000
1780790996,555204000,1792,1,U,N,6086329000000,6086280000000,6086000000000,6085764000000,6085400000000,3185000,227793000,9548000,460803000,618000,6085117000000,6085401000000,6085765000000,6086001000000,6086281000000,4131000,38630000,123082000,337980000,50132000
1780790996,654788000,1795,1,U,N,6086329000000,6086280000000,6086000000000,6085764000000,6085400000000,3185000,227793000,9548000,460803000,618000,6085117000000,6085401000000,6085765000000,6086001000000,6086281000000,4131000,38630000,123082000,337980000,49866000
1780790996,753191000,1798,1,U,N,6086329000000,6086280000000,6086000000000,6085764000000,6085400000000,3185000,230475000,9548000,460803000,618000,6085117000000,6085401000000,6085765000000,6086001000000,6086281000000,4131000,38630000,123082000,337980000,3666000
1780790996,853947000,1800,1,U,N,6086329000000,6086280000000,6086000000000,6085764000000,6085400000000,3185000,230466000,9548000,460803000,618000,6085117000000,6085401000000,6085765000000,6086001000000,6086281000000,4131000,38630000,123082000,337980000,3689000
1780790997,137441000,1870,1,U,N,6086761000000,6086329000000,6086280000000,6086000000000,6085764000000,727894000,3185000,230466000,9548000,460803000,6085117000000,6085401000000,6085765000000,6086001000000,6086281000000,4131000,38630000,123082000,337980000,3689000
1780790997,296713000,1873,1,U,N,6086761000000,6086329000000,6086280000000,6086000000000,6085764000000,746476000,3185000,230466000,9548000,460803000,6085117000000,6085401000000,6085765000000,6086001000000,6086281000000,4131000,38630000,123082000,337980000,3689000
1780790997,318977000,1912,1,U,N,6086888000000,6086761000000,6086329000000,6086280000000,6086000000000,610297000,746476000,3185000,230466000,9548000,6085117000000,6085401000000,6085765000000,6086001000000,6086281000000,4131000,38630000,123082000,337980000,3689000
1780790997,319006000,1914,1,U,N,6086888000000,6086761000000,6086329000000,6086280000000,6086000000000,611860000,746476000,3185000,230466000,9548000,6085117000000,6085401000000,6085765000000,6086001000000,6086281000000,4131000,38630000,123082000,337980000,3689000
1780790997,356006000,1916,1,U,N,6086888000000,6086761000000,6086329000000,6086280000000,6086000000000,613035000,746476000,3185000,230466000,9548000,6085117000000,6085401000000,6085765000000,6086001000000,6086281000000,4131000,38630000,123082000,337980000,3689000
1780790997,454047000,1919,1,U,N,6086888000000,6086761000000,6086329000000,6086280000000,6086000000000,613017000,746476000,3185000,230466000,9548000,6085117000000,6085401000000,6085765000000,6086001000000,6086281000000,4131000,38630000,123082000,337980000,3689000
1780790997,553338000,1921,1,U,N,6086888000000,6086761000000,6086329000000,6086280000000,6086000000000,613017000,746476000,3185000,230466000,9548000,6085117000000,6085401000000,6085765000000,6086001000000,6086281000000,4131000,38630000,123082000,337980000,3689000
1780790997,652806000,1923,1,U,N,6086888000000,6086761000000,6086329000000,6086280000000,6086000000000,613027000,746476000,3185000,230466000,9548000,6085117000000,6085401000000,6085765000000,6086001000000,6086281000000,4131000,38630000,123082000,337980000,3689000
1780790997,754979000,1963,1,U,N,6086940000000,6086888000000,6086761000000,6086329000000,6086280000000,622426000,613027000,746476000,3185000,230466000,6085117000000,6085401000000,6085765000000,6086001000000,6086281000000,4131000,38630000,123082000,337980000,3689000
1780790997,853321000,1965,1,U,N,6086940000000,6086888000000,6086761000000,6086329000000,6086280000000,627414000,613027000,746476000,3185000,230466000,6085117000000,6085401000000,6085765000000,6086001000000,6086281000000,4131000,38630000,123082000,337980000,3689000
1780790997,953331000,1967,1,U,N,6086940000000,6086888000000,6086761000000,6086329000000,6086280000000,627432000,613027000,746476000,3185000,230466000,6085117000000,6085401000000,6085765000000,6086001000000,6086281000000,4131000,38630000,123082000,337980000,3689000
1780790998,55307000,1969,1,U,N,6086940000000,6086888000000,6086761000000,6086329000000,6086280000000,628361000,613027000,746476000,3185000,230466000,6085117000000,6085401000000,6085765000000,6086001000000,6086281000000,4131000,38630000,123082000,337980000,3689000
1780790998,152726000,1971,1,U,N,6086940000000,6086888000000,6086761000000,6086329000000,6086280000000,628361000,613027000,746476000,3185000,230466000,6085117000000,6085401000000,6085765000000,6086001000000,6086281000000,4131000,38630000,123082000,337980000,3689000
1780790998,254578000,1974,1,U,N,6086940000000,6086888000000,6086761000000,6086329000000,6086280000000,628343000,613027000,746476000,3185000,230466000,6085117000000,6085401000000,6085765000000,6086001000000,6086281000000,4131000,38630000,123082000,337980000,3689000
1780790998,362469000,1976,1,U,N,6086940000000,6086888000000,6086761000000,6086329000000,6086280000000,628343000,613027000,746476000,3185000,230466000,6085117000000,6085401000000,6085765000000,6086001000000,6086281000000,4131000,38630000,123082000,337980000,3689000
1780790998,458962000,1978,1,U,N,6086940000000,6086888000000,6086761000000,6086329000000,6086280000000,628343000,613027000,746476000,3185000,230466000,6085117000000,6085401000000,6085765000000,6086001000000,6086281000000,4131000,38630000,123082000,337980000,3689000
1780790998,558117000,1980,1,U,N,6086940000000,6086888000000,6086761000000,6086329000000,6086280000000,628353000,613027000,746476000,3185000,230466000,6085117000000,6085401000000,6085765000000,6086001000000,6086281000000,4131000,38630000,123082000,337980000,3689000
1780790998,652940000,1982,1,U,N,6086940000000,6086888000000,6086761000000,6086329000000,6086280000000,628363000,613027000,746476000,3185000,230466000,6085117000000,6085401000000,6085765000000,6086001000000,6086281000000,4131000,38630000,123082000,337980000,3689000
1780790998,754051000,1984,1,U,N,6086940000000,6086888000000,6086761000000,6086329000000,6086280000000,628372000,613027000,746476000,3185000,230466000,6085117000000,6085401000000,6085765000000,6086001000000,6086281000000,4131000,38630000,123082000,337980000,3689000
1780790998,853600000,1986,1,U,N,6086940000000,6086888000000,6086761000000,6086329000000,6086280000000,628372000,613027000,746476000,3185000,230466000,6085117000000,6085401000000,6085765000000,6086001000000,6086281000000,4131000,38630000,123082000,337980000,3689000
1780790998,959117000,1988,1,U,N,6086940000000,6086888000000,6086761000000,6086329000000,6086280000000,628372000,613027000,746476000,3185000,230466000,6085117000000,6085401000000,6085765000000,6086001000000,6086281000000,4131000,38630000,123082000,337980000,3689000
1780790999,53369000,1990,1,U,N,6086940000000,6086888000000,6086761000000,6086329000000,6086280000000,628372000,613027000,746476000,3185000,230466000,6085117000000,6085401000000,6085765000000,6086001000000,6086281000000,4131000,38630000,123082000,337980000,3689000
1780790999,154432000,1993,1,U,N,6086940000000,6086888000000,6086761000000,6086329000000,6086280000000,628372000,613027000,746476000,3185000,230466000,6085117000000,6085401000000,6085765000000,6086001000000,6086281000000,4131000,38630000,123082000,337980000,3689000
1780790999,254821000,1995,1,U,N,6086940000000,6086888000000,6086761000000,6086329000000,6086280000000,628372000,613027000,746476000,3185000,230466000,6085117000000,6085401000000,6085765000000,6086001000000,6086281000000,4131000,38630000,123082000,337980000,3689000
1780790999,352684000,1997,1,U,N,6086940000000,6086888000000,6086761000000,6086329000000,6086280000000,628372000,613027000,746476000,3185000,230466000,6085117000000,6085401000000,6085765000000,6086001000000,6086281000000,4131000,38630000,123082000,337980000,3689000
1780790999,453113000,1999,1,U,N,6086940000000,6086888000000,6086761000000,6086329000000,6086280000000,628372000,613027000,746476000,3185000,230466000,6085117000000,6085401000000,6085765000000,6086001000000,6086281000000,4131000,38630000,123082000,337980000,3689000
1780790999,552997000,2001,1,U,N,6086940000000,6086888000000,6086761000000,6086329000000,6086280000000,628372000,613027000,746476000,3185000,230466000,6085117000000,6085401000000,6085765000000,6086001000000,6086281000000,4131000,38630000,123082000,337980000,3689000
1780790999,655003000,2003,1,U,N,6086940000000,6086888000000,6086761000000,6086329000000,6086280000000,629688000,613027000,746476000,3185000,230466000,6085117000000,6085401000000,6085765000000,6086001000000,6086281000000,4131000,38630000,123082000,337980000,3689000
1780790999,753019000,2005,1,U,N,6086940000000,6086888000000,6086761000000,6086329000000,6086280000000,95259000,613027000,746476000,3185000,230466000,6085117000000,6085401000000,6085765000000,6086001000000,6086281000000,4131000,38630000,123082000,337980000,3689000
1780790999,852893000,2007,1,U,N,6086940000000,6086888000000,6086761000000,6086329000000,6086280000000,46359000,613027000,746476000,3185000,230466000,6085117000000,6085401000000,6085765000000,6086001000000,6086281000000,4131000,38630000,123082000,337980000,3689000
1780790999,957677000,2021,1,U,N,6086940000000,6086888000000,6086761000000,6086329000000,6086280000000,19111000,613027000,746476000,3185000,230466000,6085117000000,6085401000000,6085765000000,6086001000000,6086281000000,4131000,38630000,123082000,337980000,3689000
1780791000,53321000,2023,1,U,N,6086940000000,6086888000000,6086761000000,6086329000000,6086280000000,19199000,613027000,746476000,3185000,230466000,6085117000000,6085401000000,6085765000000,6086001000000,6086281000000,4131000,38630000,123082000,337980000,3689000
1780791000,153888000,2025,1,U,N,6086940000000,6086888000000,6086761000000,6086329000000,6086280000000,19449000,613027000,746476000,3185000,230466000,6085117000000,6085401000000,6085765000000,6086001000000,6086281000000,4131000,38630000,123082000,337980000,3689000
1780791000,254738000,2027,1,U,N,6086940000000,6086888000000,6086761000000,6086329000000,6086280000000,19403000,613027000,746476000,3185000,230466000,6085117000000,6085401000000,6085765000000,6086001000000,6086281000000,4131000,38630000,123082000,337980000,3689000
1780791000,353087000,2029,1,U,N,6086940000000,6086888000000,6086761000000,6086329000000,6086280000000,54015000,613027000,746476000,3185000,230466000,6085117000000,6085401000000,6085765000000,6086001000000,6086281000000,4131000,38630000,123082000,337980000,3689000
1780791000,452870000,2043,1,U,N,6086940000000,6086888000000,6086761000000,6086329000000,6086280000000,28476000,613027000,746476000,3185000,230466000,6085117000000,6085401000000,6085765000000,6086001000000,6086281000000,4131000,38630000,123082000,337980000,3689000
1780791000,553208000,2045,1,U,N,6086940000000,6086888000000,6086761000000,6086329000000,6086280000000,28476000,613027000,746476000,3185000,230466000,6085117000000,6085401000000,6085765000000,6086001000000,6086281000000,4131000,38630000,123082000,337980000,3689000
1780791000,653026000,2049,1,U,N,6086940000000,6086888000000,6086761000000,6086329000000,6086280000000,26080000,613027000,746476000,3185000,230466000,6085117000000,6085401000000,6085765000000,6086001000000,6086281000000,4131000,38630000,123082000,337980000,3689000
1780791000,754228000,2051,1,U,N,6086940000000,6086888000000,6086761000000,6086329000000,6086280000000,16424000,613027000,746476000,3185000,230466000,6085117000000,6085401000000,6085765000000,6086001000000,6086281000000,4131000,38630000,123082000,337980000,3689000
1780791000,853053000,2053,1,U,N,6086940000000,6086888000000,6086761000000,6086329000000,6086280000000,16665000,613027000,746476000,3185000,230466000,6085117000000,6085401000000,6085765000000,6086001000000,6086281000000,4131000,38630000,123082000,337980000,3689000
1780791000,958265000,2055,1,U,N,6086940000000,6086888000000,6086761000000,6086329000000,6086280000000,16415000,613027000,746476000,3185000,230466000,6085117000000,6085401000000,6085765000000,6086001000000,6086281000000,4131000,38630000,123082000,337980000,3689000
1780791001,53706000,2057,1,U,N,6086940000000,6086888000000,6086761000000,6086329000000,6086280000000,16415000,613027000,746476000,3185000,230466000,6085117000000,6085401000000,6085765000000,6086001000000,6086281000000,4131000,38630000,123082000,337980000,3689000
1780791001,157143000,2181,1,U,N,6086940000000,6086888000000,6086761000000,6086749000000,6086329000000,16415000,613027000,746476000,34624000,3185000,6085117000000,6085401000000,6085765000000,6086001000000,6086281000000,4131000,38630000,123082000,337980000,3689000
1780791001,253949000,2183,1,U,N,6086940000000,6086888000000,6086761000000,6086749000000,6086329000000,16415000,613027000,746476000,15857000,3185000,6085117000000,6085401000000,6085765000000,6086001000000,6086281000000,4131000,38630000,123082000,337980000,3689000
1780791001,352621000,2185,1,U,N,6086940000000,6086888000000,6086761000000,6086749000000,6086329000000,16415000,613027000,746476000,15866000,3185000,6085117000000,6085401000000,6085765000000,6086001000000,6086281000000,4131000,38630000,123082000,337980000,3689000
1780791001,454023000,2187,1,U,N,6086940000000,6086888000000,6086761000000,6086749000000,6086329000000,16415000,613027000,746476000,15978000,3185000,6085117000000,6085401000000,6085765000000,6086001000000,6086281000000,4131000,38630000,123082000,337980000,3689000
1780791001,555280000,2189,1,U,N,6086940000000,6086888000000,6086761000000,6086749000000,6086329000000,16415000,613027000,746476000,15978000,3185000,6085117000000,6085401000000,6085765000000,6086001000000,6086281000000,4131000,38630000,123082000,337980000,3689000
1780791001,658293000,2260,1,U,N,6086940000000,6086888000000,6086761000000,6086749000000,6086564000000,16415000,613027000,746476000,15978000,141377000,6085117000000,6085401000000,6085765000000,6086001000000,6086281000000,4131000,38630000,123082000,337980000,3689000
1780791001,759406000,2263,1,U,N,6086940000000,6086888000000,6086761000000,6086749000000,6086564000000,16415000,613027000,746476000,15978000,109715000,6085117000000,6085401000000,6085765000000,6086001000000,6086281000000,4131000,38630000,123082000,337980000,3689000
1780791001,852880000,2265,1,U,N,6086940000000,6086888000000,6086761000000,6086749000000,6086564000000,16415000,613027000,746476000,15978000,109715000,6085117000000,6085401000000,6085765000000,6086001000000,6086281000000,4131000,38630000,123082000,337980000,3689000
1780791001,959216000,2267,1,U,N,6086940000000,6086888000000,6086761000000,6086749000000,6086564000000,16415000,613027000,746476000,15978000,127097000,6085117000000,6085401000000,6085765000000,6086001000000,6086281000000,4131000,38630000,123082000,337980000,3689000
1780791002,54463000,2269,1,U,N,6086940000000,6086888000000,6086761000000,6086749000000,6086564000000,16415000,613027000,746476000,15978000,154097000,6085117000000,6085401000000,6085765000000,6086001000000,6086281000000,4131000,38630000,123082000,337980000,3689000
1780791002,157725000,2272,1,U,N,6086940000000,6086888000000,6086761000000,6086749000000,6086564000000,16415000,613027000,746476000,15978000,151129000,6085117000000,6085401000000,6085765000000,6086001000000,6086281000000,4131000,38630000,123082000,337980000,3689000
1780791002,255007000,2274,1,U,N,6086940000000,6086888000000,6086761000000,6086749000000,6086564000000,16415000,613027000,746476000,15978000,268720000,6085117000000,6085401000000,6085765000000,6086001000000,6086281000000,4131000,38630000,123082000,337980000,3689000
1780791002,356073000,2277,1,U,N,6086940000000,6086888000000,6086761000000,6086749000000,6086564000000,16415000,613027000,746476000,15978000,271470000,6085117000000,6085401000000,6085765000000,6086001000000,6086281000000,4131000,38630000,123082000,337980000,3689000
1780791002,454310000,2280,1,U,N,6086940000000,6086888000000,6086761000000,6086749000000,6086564000000,16415000,613027000,746476000,15978000,268619000,6085117000000,6085401000000,6085765000000,6086001000000,6086281000000,4131000,38630000,123082000,337980000,3689000
1780791002,555151000,2282,1,U,N,6086940000000,6086888000000,6086761000000,6086749000000,6086564000000,16415000,613027000,746476000,15978000,106568000,6085117000000,6085401000000,6085765000000,6086001000000,6086281000000,4131000,38630000,123082000,337980000,3689000
1780791002,653717000,2284,1,U,N,6086940000000,6086888000000,6086761000000,6086749000000,6086564000000,16415000,613027000,746476000,15978000,177283000,6085117000000,6085401000000,6085765000000,6086001000000,6086281000000,4131000,38630000,123082000,337980000,3689000
1780791002,753030000,2286,1,U,N,6086940000000,6086888000000,6086761000000,6086749000000,6086564000000,16415000,613027000,746476000,15978000,158739000,6085117000000,6085401000000,6085765000000,6086001000000,6086281000000,4131000,38630000,123082000,337980000,3689000
1780791002,852738000,2289,1,U,N,6086940000000,6086888000000,6086761000000,6086749000000,6086564000000,16415000,613027000,746476000,15978000,158046000,6085117000000,6085401000000,6085765000000,6086001000000,6086281000000,4131000,38630000,123082000,337980000,3689000
1780791002,952596000,2291,1,U,N,6086940000000,6086888000000,6086761000000,6086749000000,6086564000000,16415000,613027000,746476000,15978000,158111000,6085117000000,6085401000000,6085765000000,6086001000000,6086281000000,4131000,38630000,123082000,337980000,3689000
1780791003,52711000,2296,1,U,N,6086940000000,6086888000000,6086761000000,6086749000000,6086564000000,16415000,613027000,746476000,15978000,157061000,6085117000000,6085401000000,6085765000000,6086001000000,6086281000000,4131000,38630000,123082000,337980000,3689000
1780791003,156979000,2298,1,U,N,6086940000000,6086888000000,6086761000000,6086749000000,6086564000000,16415000,613027000,746476000,15978000,157061000,6085117000000,6085401000000,6085765000000,6086001000000,6086281000000,4131000,38630000,123082000,337980000,3689000
1780791003,252683000,2301,1,U,N,6086940000000,6086888000000,6086761000000,6086749000000,6086564000000,16415000,613027000,746476000,15978000,143755000,6085117000000,6085401000000,6085765000000,6086001000000,6086281000000,4131000,38630000,123082000,337980000,3689000
1780791003,354065000,2303,1,U,N,6086940000000,6086888000000,6086761000000,6086749000000,6086564000000,16415000,613027000,746476000,15978000,122437000,6085117000000,6085401000000,6085765000000,6086001000000,6086281000000,4131000,38630000,123082000,337980000,3689000
1780791003,454165000,2307,1,U,N,6086940000000,6086888000000,6086761000000,6086749000000,6086564000000,16415000,613027000,746476000,15978000,149307000,6085117000000,6085401000000,6085765000000,6086001000000,6086281000000,4131000,38630000,123082000,337980000,3689000
1780791003,556791000,2310,1,U,N,6086940000000,6086888000000,6086761000000,6086749000000,6086564000000,16415000,613027000,746476000,15978000,148607000,6085117000000,6085401000000,6085765000000,6086001000000,6086281000000,4131000,38630000,123082000,337980000,3689000
1780791003,665950000,2312,1,U,N,6086940000000,6086888000000,6086761000000,6086749000000,6086564000000,16415000,613027000,746476000,15978000,164254000,6085117000000,6085401000000,6085765000000,6086001000000,6086281000000,4131000,38630000,123082000,337980000,3689000
1780791003,753894000,2315,1,U,N,6086940000000,6086888000000,6086761000000,6086749000000,6086564000000,16415000,613027000,746476000,15978000,163554000,6085117000000,6085401000000,6085765000000,6086001000000,6086281000000,4131000,38630000,123082000,337980000,3689000
1780791003,863951000,2317,1,U,N,6086940000000,6086888000000,6086761000000,6086749000000,6086564000000,16415000,613027000,746476000,15978000,163592000,6085117000000,6085401000000,6085765000000,6086001000000,6086281000000,4131000,38630000,123082000,337980000,3689000
1780791003,954190000,2320,1,U,N,6086940000000,6086888000000,6086761000000,6086749000000,6086564000000,16415000,613027000,746476000,15978000,162892000,6085117000000,6085401000000,6085765000000,6086001000000,6086281000000,4131000,38630000,123082000,337980000,3689000
1780791004,54190000,2322,1,U,N,6086940000000,6086888000000,6086761000000,6086749000000,6086564000000,16415000,613027000,746476000,15978000,162892000,6085117000000,6085401000000,6085765000000,6086001000000,6086281000000,4131000,38630000,123082000,337980000,3689000
1780791004,160506000,2324,1,U,N,6086940000000,6086888000000,6086761000000,6086749000000,6086564000000,16415000,613027000,746476000,15978000,162892000,6085117000000,6085401000000,6085765000000,6086001000000,6086281000000,4131000,38630000,123082000,337980000,3689000
1780791004,259396000,2327,1,U,N,6086940000000,6086888000000,6086761000000,6086749000000,6086564000000,16415000,613027000,746476000,15978000,162192000,6085117000000,6085401000000,6085765000000,6086001000000,6086281000000,4131000,38630000,123082000,337980000,3689000
1780791004,353542000,2329,1,U,N,6086940000000,6086888000000,6086761000000,6086749000000,6086564000000,16415000,613027000,746476000,15978000,162192000,6085117000000,6085401000000,6085765000000,6086001000000,6086281000000,4131000,38630000,123082000,337980000,3689000
1780791004,455908000,2332,1,U,N,6086940000000,6086888000000,6086761000000,6086749000000,6086564000000,16415000,613027000,746476000,15978000,161492000,6085117000000,6085401000000,6085765000000,6086001000000,6086281000000,4131000,38630000,123082000,337980000,3689000
1780791004,552607000,2334,1,U,N,6086940000000,6086888000000,6086761000000,6086749000000,6086564000000,16415000,613027000,746476000,15978000,145875000,6085117000000,6085401000000,6085765000000,6086001000000,6086281000000,4131000,38630000,123082000,337980000,3689000
1780791004,653042000,2336,1,U,N,6086940000000,6086888000000,6086761000000,6086749000000,6086564000000,16415000,613027000,746476000,15978000,145875000,6085117000000,6085401000000,6085765000000,6086001000000,6086281000000,4131000,38630000,123082000,337980000,3689000
1780791004,752399000,2339,1,U,N,6086940000000,6086888000000,6086761000000,6086749000000,6086564000000,16415000,613027000,746476000,15978000,145135000,6085117000000,6085401000000,6085765000000,6086001000000,6086281000000,4131000,38630000,123082000,337980000,3689000
1780791004,854851000,2341,1,U,N,6086940000000,6086888000000,6086761000000,6086749000000,6086564000000,16415000,613027000,746476000,15978000,145136000,6085117000000,6085401000000,6085765000000,6086001000000,6086281000000,4131000,38630000,123082000,337980000,3689000
1780791004,961608000,2344,1,U,N,6086940000000,6086888000000,6086761000000,6086749000000,6086564000000,16415000,613027000,746476000,15978000,133458000,6085117000000,6085401000000,6085765000000,6086001000000,6086281000000,4131000,38630000,123082000,337980000,3689000
1780791005,65184000,2346,1,U,N,6086940000000,6086888000000,6086761000000,6086749000000,6086564000000,16415000,613027000,746476000,15978000,133467000,6085117000000,6085401000000,6085765000000,6086001000000,6086281000000,4131000,38630000,123082000,337980000,3689000
1780791005,152751000,2351,1,U,N,6086940000000,6086888000000,6086761000000,6086749000000,6086564000000,16415000,613027000,746476000,15978000,132749000,6085117000000,6085401000000,6085765000000,6086001000000,6086281000000,4131000,38630000,123082000,337980000,3689000
1780791005,252598000,2505,1,U,N,6086940000000,6086888000000,6086761000000,6086749000000,6086564000000,16415000,613027000,746476000,15978000,132749000,6085117000000,6085401000000,6085765000000,6086001000000,6086281000000,4131000,38630000,123082000,337980000,3689000
1780791005,483238000,2507,1,U,N,6086940000000,6086888000000,6086761000000,6086749000000,6086564000000,16415000,613027000,746476000,15978000,132749000,6085117000000,6085401000000,6085765000000,6086001000000,6086281000000,4131000,38630000,123082000,337980000,3689000
1780791005,575657000,2672,1,U,N,6086940000000,6086888000000,6086761000000,6086749000000,6086564000000,16415000,613027000,746476000,15978000,132749000,6085117000000,6085401000000,6085682000000,6085765000000,6086001000000,4131000,38630000,654215000,123082000,337980000
1780791005,620104000,2723,1,U,N,6086940000000,6086888000000,6086761000000,6086749000000,6086564000000,16415000,613027000,746476000,15978000,132749000,6085117000000,6085401000000,6085434000000,6085682000000,6085765000000,4131000,38630000,728577000,654215000,123082000
1780791005,652654000,2790,1,U,N,6086940000000,6086888000000,6086761000000,6086749000000,6086564000000,16415000,613027000,746476000,15978000,132749000,6084830000000,6085117000000,6085401000000,6085434000000,6085682000000,67483000,4131000,38630000,728577000,654215000
1780791005,911761000,2792,1,U,N,6086940000000,6086888000000,6086761000000,6086749000000,6086564000000,16415000,613027000,746476000,15978000,132749000,6084830000000,6085117000000,6085401000000,6085434000000,6085682000000,21663000,4131000,38630000,728577000,654215000
1780791005,911797000,2794,1,U,N,6086940000000,6086888000000,6086761000000,6086749000000,6086564000000,16415000,613027000,746476000,15978000,132749000,6084830000000,6085117000000,6085401000000,6085434000000,6085682000000,102814000,4131000,38630000,728577000,654215000
1780791005,957320000,2796,1,U,N,6086940000000,6086888000000,6086761000000,6086749000000,6086564000000,16415000,613027000,746476000,15978000,132749000,6084830000000,6085117000000,6085401000000,6085434000000,6085682000000,102832000,4131000,38630000,728577000,654215000
1780791006,60556000,2798,1,U,N,6086940000000,6086888000000,6086761000000,6086749000000,6086564000000,16415000,613027000,746476000,15978000,132749000,6084830000000,6085117000000,6085401000000,6085434000000,6085682000000,102832000,4131000,38630000,728577000,654215000
1780791006,152421000,2800,1,U,N,6086940000000,6086888000000,6086761000000,6086749000000,6086564000000,16415000,613027000,746476000,15978000,132749000,6084830000000,6085117000000,6085401000000,6085434000000,6085682000000,102842000,4131000,38630000,728577000,654215000
1780791006,253095000,2802,1,U,N,6086940000000,6086888000000,6086761000000,6086749000000,6086564000000,16415000,613027000,746476000,15978000,132749000,6084830000000,6085117000000,6085401000000,6085434000000,6085682000000,102842000,4131000,38630000,728577000,654215000
1780791006,352903000,2807,1,U,N,6086940000000,6086888000000,6086761000000,6086749000000,6086564000000,16415000,613027000,746476000,15978000,132749000,6084830000000,6085117000000,6085401000000,6085434000000,6085682000000,237025000,4131000,38630000,728577000,654215000
1780791006,452533000,2810,1,U,N,6086940000000,6086888000000,6086761000000,6086749000000,6086564000000,16415000,613027000,746476000,15978000,132749000,6084830000000,6085117000000,6085401000000,6085434000000,6085682000000,273728000,4131000,38630000,728577000,654215000
1780791006,553259000,2814,1,U,N,6086940000000,6086888000000,6086761000000,6086749000000,6086564000000,16415000,613027000,746476000,15978000,132749000,6084830000000,6085117000000,6085401000000,6085434000000,6085682000000,258607000,4131000,38630000,728577000,654215000
1780791006,655118000,2816,1,U,N,6086940000000,6086888000000,6086761000000,6086749000000,6086564000000,16415000,613027000,746476000,15978000,132749000,6084830000000,6085117000000,6085401000000,6085434000000,6085682000000,258607000,4131000,38630000,728577000,654215000
1780791006,757270000,2819,1,U,N,6086940000000,6086888000000,6086761000000,6086749000000,6086564000000,16415000,613027000,746476000,15978000,132749000,6084830000000,6085117000000,6085401000000,6085434000000,6085682000000,258607000,4131000,38630000,728577000,654215000
1780791006,854406000,2821,1,U,N,6086940000000,6086888000000,6086761000000,6086749000000,6086564000000,16415000,613027000,746476000,15978000,132749000,6084830000000,6085117000000,6085401000000,6085434000000,6085682000000,258607000,4131000,38630000,728577000,654215000
1780791006,955537000,2823,1,U,N,6086940000000,6086888000000,6086761000000,6086749000000,6086564000000,16415000,613027000,746476000,15978000,132749000,6084830000000,6085117000000,6085401000000,6085434000000,6085682000000,258607000,4131000,38630000,728577000,654215000
1780791007,67467000,2825,1,U,N,6086940000000,6086888000000,6086761000000,6086749000000,6086564000000,16415000,613027000,746476000,15978000,132749000,6084830000000,6085117000000,6085401000000,6085434000000,6085682000000,258607000,4131000,38630000,728577000,654215000
1780791007,153665000,2827,1,U,N,6086940000000,6086888000000,6086761000000,6086749000000,6086564000000,16415000,613027000,746476000,15978000,132749000,6084830000000,6085117000000,6085401000000,6085434000000,6085682000000,258598000,4131000,38630000,728577000,654215000
1780791007,265614000,2829,1,U,N,6086940000000,6086888000000,6086761000000,6086749000000,6086564000000,16415000,613027000,746476000,15978000,132749000,6084830000000,6085117000000,6085401000000,6085434000000,6085682000000,136369000,4131000,38630000,728577000,654215000
1780791007,354034000,2831,1,U,N,6086940000000,6086888000000,6086761000000,6086749000000,6086564000000,16415000,613027000,746476000,15978000,132749000,6084830000000,6085117000000,6085401000000,6085434000000,6085682000000,136369000,4131000,38630000,728577000,654215000
1780791007,452686000,2833,1,U,N,6086940000000,6086888000000,6086761000000,6086749000000,6086564000000,16415000,613027000,746476000,15978000,132749000,6084830000000,6085117000000,6085401000000,6085434000000,6085682000000,136369000,4131000,38630000,728577000,654215000
1780791007,556604000,2835,1,U,N,6086940000000,6086888000000,6086761000000,6086749000000,6086564000000,16415000,613027000,746476000,15978000,132749000,6084830000000,6085117000000,6085401000000,6085434000000,6085682000000,136369000,4131000,38630000,728577000,654215000
1780791007,652240000,2837,1,U,N,6086940000000,6086888000000,6086761000000,6086749000000,6086564000000,16415000,613027000,746476000,15978000,132749000,6084830000000,6085117000000,6085401000000,6085434000000,6085682000000,136369000,4131000,38630000,728577000,654215000
1780791007,753406000,2839,1,U,N,6086940000000,6086888000000,6086761000000,6086749000000,6086564000000,16415000,613027000,746476000,15978000,132749000,6084830000000,6085117000000,6085401000000,6085434000000,6085682000000,197508000,4131000,38630000,728577000,654215000
1780791007,852766000,2842,1,U,N,6086940000000,6086888000000,6086761000000,6086749000000,6086564000000,16415000,613027000,746476000,15978000,132749000,6084830000000,6085117000000,6085401000000,6085434000000,6085682000000,197508000,4131000,38630000,728577000,654215000
1780791007,955486000,2844,1,U,N,6086940000000,6086888000000,6086761000000,6086749000000,6086564000000,16415000,613027000,746476000,15978000,132749000,6084830000000,6085117000000,6085401000000,6085434000000,6085682000000,197508000,4131000,38630000,728577000,654215000
1780791008,53377000,2846,1,U,N,6086940000000,6086888000000,6086761000000,6086749000000,6086564000000,16415000,613027000,746476000,15978000,132749000,6084830000000,6085117000000,6085401000000,6085434000000,6085682000000,197508000,4131000,38630000,728577000,654215000
1780791008,152921000,2848,1,U,N,6086940000000,6086888000000,6086761000000,6086749000000,6086564000000,16415000,613027000,746476000,15978000,132749000,6084830000000,6085117000000,6085401000000,6085434000000,6085682000000,229628000,4131000,38630000,728577000,654215000
1780791008,252690000,2850,1,U,N,6086940000000,6086888000000,6086761000000,6086749000000,6086564000000,16415000,613027000,746476000,15978000,132749000,6084830000000,6085117000000,6085401000000,6085434000000,6085682000000,229628000,4131000,38630000,728577000,654215000
1780791008,354067000,2852,1,U,N,6086940000000,6086888000000,6086761000000,6086749000000,6086564000000,16415000,613027000,746476000,15978000,132749000,6084830000000,6085117000000,6085401000000,6085434000000,6085682000000,229628000,4131000,38630000,728577000,654215000
1780791008,453854000,2854,1,U,N,6086940000000,6086888000000,6086761000000,6086749000000,6086564000000,16415000,613027000,746476000,15978000,132749000,6084830000000,6085117000000,6085401000000,6085434000000,6085682000000,252669000,4131000,38630000,728577000,654215000
1780791008,553584000,2856,1,U,N,6086940000000,6086888000000,6086761000000,6086749000000,6086564000000,16415000,613027000,746476000,15978000,132749000,6084830000000,6085117000000,6085401000000,6085434000000,6085682000000,266650000,4131000,38630000,728577000,654215000
1780791008,652207000,2861,1,U,N,6086940000000,6086888000000,6086761000000,6086749000000,6086564000000,16415000,613027000,746476000,15978000,132749000,6084830000000,6085117000000,6085401000000,6085434000000,6085682000000,266572000,4131000,38630000,728577000,654215000
1780791008,752581000,2863,1,U,N,6086940000000,6086888000000,6086761000000,6086749000000,6086564000000,16415000,613027000,746476000,15978000,132749000,6084830000000,6085117000000,6085401000000,6085434000000,6085682000000,266572000,4131000,38630000,728577000,654215000
1780791008,852591000,2865,1,U,N,6086940000000,6086888000000,6086761000000,6086749000000,6086564000000,16415000,613027000,746476000,15978000,132749000,6084830000000,6085117000000,6085401000000,6085434000000,6085682000000,266572000,4131000,38630000,728577000,654215000
1780791008,952987000,2867,1,U,N,6086940000000,6086888000000,6086761000000,6086749000000,6086564000000,16415000,613027000,746476000,15978000,132749000,6084830000000,6085117000000,6085401000000,6085434000000,6085682000000,266572000,4131000,38630000,728577000,654215000
1780791009,61621000,3027,1,U,N,6086940000000,6086888000000,6086761000000,6086749000000,6086564000000,16415000,613027000,746476000,15978000,132749000,6084424000000,6084830000000,6085117000000,6085401000000,6085434000000,41108000,266572000,4131000,38630000,728577000
1780791009,155159000,3142,1,U,N,6086940000000,6086888000000,6086761000000,6086749000000,6086564000000,16415000,613027000,746476000,15978000,132749000,6084226000000,6084424000000,6084830000000,6085117000000,6085401000000,445962000,41108000,266572000,4131000,38630000
1780791009,270021000,3173,1,U,N,6086940000000,6086888000000,6086761000000,6086749000000,6086564000000,16415000,613027000,746476000,15978000,132749000,6084201000000,6084226000000,6084424000000,6084830000000,6085117000000,416068000,445962000,41108000,266572000,4131000
1780791009,354573000,3175,1,U,N,6086940000000,6086888000000,6086761000000,6086749000000,6086564000000,16415000,613027000,746476000,15978000,132749000,6084201000000,6084226000000,6084424000000,6084830000000,6085117000000,417886000,445962000,41108000,266572000,4131000
1780791009,452396000,3177,1,U,N,6086940000000,6086888000000,6086761000000,6086749000000,6086564000000,16415000,613027000,746476000,15978000,132749000,6084201000000,6084226000000,6084424000000,6084830000000,6085117000000,411529000,445962000,41108000,266572000,4131000
1780791009,552612000,3179,1,U,N,6086940000000,6086888000000,6086761000000,6086749000000,6086564000000,16415000,613027000,746476000,15978000,132749000,6084201000000,6084226000000,6084424000000,6084830000000,6085117000000,416132000,445962000,41108000,266572000,4131000
1780791009,652164000,3181,1,U,N,6086940000000,6086888000000,6086761000000,6086749000000,6086564000000,16415000,613027000,746476000,15978000,132749000,6084201000000,6084226000000,6084424000000,6084830000000,6085117000000,416248000,445962000,41108000,266572000,4131000
1780791009,755337000,3183,1,U,N,6086940000000,6086888000000,6086761000000,6086749000000,6086564000000,16415000,613027000,746476000,15978000,132749000,6084201000000,6084226000000,6084424000000,6084830000000,6085117000000,419571000,445962000,41108000,266572000,4131000
1780791009,858793000,3185,1,U,N,6086940000000,6086888000000,6086761000000,6086749000000,6086564000000,16415000,613027000,746476000,15978000,132749000,6084201000000,6084226000000,6084424000000,6084830000000,6085117000000,419571000,445962000,41108000,266572000,4131000
1780791009,953418000,3187,1,U,N,6086940000000,6086888000000,6086761000000,6086749000000,6086564000000,16415000,613027000,746476000,15978000,132749000,6084201000000,6084226000000,6084424000000,6084830000000,6085117000000,419571000,445962000,41108000,266572000,4131000
1780791010,53453000,3190,1,U,N,6086940000000,6086888000000,6086761000000,6086749000000,6086564000000,16415000,613027000,746476000,15978000,132749000,6084201000000,6084226000000,6084424000000,6084830000000,6085117000000,416179000,445962000,41108000,266572000,4131000
1780791010,153328000,3192,1,U,N,6086940000000,6086888000000,6086761000000,6086749000000,6086564000000,16415000,613027000,746476000,15978000,132749000,6084201000000,6084226000000,6084424000000,6084830000000,6085117000000,419179000,445962000,41108000,266572000,4131000
1780791010,259655000,3194,1,U,N,6086940000000,6086888000000,6086761000000,6086749000000,6086564000000,16415000,613027000,746476000,15978000,132749000,6084201000000,6084226000000,6084424000000,6084830000000,6085117000000,419179000,445962000,41108000,266572000,4131000
1780791010,352524000,3196,1,U,N,6086940000000,6086888000000,6086761000000,6086749000000,6086564000000,16415000,613027000,746476000,15978000,132749000,6084201000000,6084226000000,6084424000000,6084830000000,6085117000000,419179000,445962000,41108000,266572000,4131000
1780791010,453330000,3198,1,U,N,6086940000000,6086888000000,6086761000000,6086749000000,6086564000000,16415000,613027000,746476000,15978000,132749000,6084201000000,6084226000000,6084424000000,6084830000000,6085117000000,419179000,445962000,41108000,266572000,4131000
1780791010,554025000,3200,1,U,N,6086940000000,6086888000000,6086761000000,6086749000000,6086564000000,16415000,613027000,746476000,15978000,132749000,6084201000000,6084226000000,6084424000000,6084830000000,6085117000000,419179000,445962000,41108000,266572000,4131000
1780791010,652826000,3203,1,U,N,6086940000000,6086888000000,6086761000000,6086749000000,6086564000000,16415000,613027000,746476000,15978000,132749000,6084201000000,6084226000000,6084424000000,6084830000000,6085117000000,419098000,445962000,41108000,266572000,4131000
1780791010,752808000,3205,1,U,N,6086940000000,6086888000000,6086761000000,6086749000000,6086564000000,16415000,613027000,746476000,15978000,132749000,6084201000000,6084226000000,6084424000000,6084830000000,6085117000000,418770000,445962000,41108000,266572000,4131000
1780791010,855354000,3207,1,U,N,6086940000000,6086888000000,6086761000000,6086749000000,6086564000000,16415000,613027000,746476000,15978000,132749000,6084201000000,6084226000000,6084424000000,6084830000000,6085117000000,418770000,445962000,41108000,266572000,4131000
1780791010,958742000,3209,1,U,N,6086940000000,6086888000000,6086761000000,6086749000000,6086564000000,16415000,613027000,746476000,15978000,132749000,6084201000000,6084226000000,6084424000000,6084830000000,6085117000000,418770000,445962000,41108000,266572000,4131000
1780791011,54618000,3211,1,U,N,6086940000000,6086888000000,6086761000000,6086749000000,6086564000000,16415000,613027000,746476000,15978000,132749000,6084201000000,6084226000000,6084424000000,6084830000000,6085117000000,418770000,445962000,41108000,266572000,4131000
1780791011,162442000,3213,1,U,N,6086940000000,6086888000000,6086761000000,6086749000000,6086564000000,16415000,613027000,746476000,15978000,132749000,6084201000000,6084226000000,6084424000000,6084830000000,6085117000000,418829000,445962000,41108000,266572000,4131000
1780791011,259777000,3215,1,U,N,6086940000000,6086888000000,6086761000000,6086749000000,6086564000000,16415000,613027000,746476000,15978000,132749000,6084201000000,6084226000000,6084424000000,6084830000000,6085117000000,415672000,445962000,41108000,266572000,4131000
1780791011,354891000,3217,1,U,N,6086940000000,6086888000000,6086761000000,6086749000000,6086564000000,16415000,613027000,746476000,15978000,132749000,6084201000000,6084226000000,6084424000000,6084830000000,6085117000000,417232000,445962000,41108000,266572000,4131000
1780791011,452617000,3219,1,U,N,6086940000000,6086888000000,6086761000000,6086749000000,6086564000000,16415000,613027000,746476000,15978000,132749000,6084201000000,6084226000000,6084424000000,6084830000000,6085117000000,417232000,445962000,41108000,266572000,4131000
1780791011,554323000,3221,1,U,N,6086940000000,6086888000000,6086761000000,6086749000000,6086564000000,16415000,613027000,746476000,15978000,132749000,6084201000000,6084226000000,6084424000000,6084830000000,6085117000000,417232000,445962000,41108000,266572000,4131000
1780791011,660674000,3223,1,U,N,6086940000000,6086888000000,6086761000000,6086749000000,6086564000000,16415000,613027000,746476000,15978000,132749000,6084201000000,6084226000000,6084424000000,6084830000000,6085117000000,417232000,445962000,41108000,266572000,4131000
1780791011,754939000,3225,1,U,N,6086940000000,6086888000000,6086761000000,6086749000000,6086564000000,16415000,613027000,746476000,15978000,132749000,6084201000000,6084226000000,6084424000000,6084830000000,6085117000000,417232000,445962000,41108000,266572000,4131000
1780791011,857173000,3227,1,U,N,6086940000000,6086888000000,6086761000000,6086749000000,6086564000000,16415000,613027000,746476000,15978000,132749000,6084201000000,6084226000000,6084424000000,6084830000000,6085117000000,417232000,445962000,41108000,266572000,4131000
1780791011,953327000,3230,1,U,N,6086940000000,6086888000000,6086761000000,6086749000000,6086564000000,16415000,613027000,746476000,15978000,132749000,6084201000000,6084226000000,6084424000000,6084830000000,6085117000000,416345000,445962000,41108000,266572000,4131000
1780791012,56702000,3233,1,U,N,6086940000000,6086888000000,6086761000000,6086749000000,6086564000000,16415000,613027000,746476000,15978000,132749000,6084201000000,6084226000000,6084424000000,6084830000000,6085117000000,416318000,445962000,41108000,266572000,4131000
1780791012,152990000,3235,1,U,N,6086940000000,6086888000000,6086761000000,6086749000000,6086564000000,16415000,613027000,746476000,15978000,132749000,6084201000000,6084226000000,6084424000000,6084830000000,6085117000000,416327000,445962000,41108000,266572000,4131000
1780791012,253038000,3237,1,U,N,6086940000000,6086888000000,6086761000000,6086749000000,6086564000000,16415000,613027000,746476000,15978000,132749000,6084201000000,6084226000000,6084424000000,6084830000000,6085117000000,416327000,445962000,41108000,266572000,4131000
1780791012,352377000,3239,1,U,N,6086940000000,6086888000000,6086761000000,6086749000000,6086564000000,16415000,613027000,746476000,15978000,132749000,6084201000000,6084226000000,6084424000000,6084830000000,6085117000000,24488000,445962000,41108000,266572000,4131000
1780791012,454542000,3241,1,U,N,6086940000000,6086888000000,6086761000000,6086749000000,6086564000000,16415000,613027000,746476000,15978000,132749000,6084201000000,6084226000000,6084424000000,6084830000000,6085117000000,24189000,445962000,41108000,266572000,4131000
1780791012,552979000,3243,1,U,N,6086940000000,6086888000000,6086761000000,6086749000000,6086564000000,16415000,613027000,746476000,15978000,132749000,6084201000000,6084226000000,6084424000000,6084830000000,6085117000000,24207000,445962000,41108000,266572000,4131000
1780791012,652621000,3245,1,U,N,6086940000000,6086888000000,6086761000000,6086749000000,6086564000000,16415000,613027000,746476000,15978000,132749000,6084201000000,6084226000000,6084424000000,6084830000000,6085117000000,24216000,445962000,41108000,266572000,4131000
1780791012,752155000,3247,1,U,N,6086940000000,6086888000000,6086761000000,6086749000000,6086564000000,16415000,613027000,746476000,15978000,132749000,6084201000000,6084226000000,6084424000000,6084830000000,6085117000000,39496000,445962000,41108000,266572000,4131000
1780791012,852483000,3249,1,U,N,6086940000000,6086888000000,6086761000000,6086749000000,6086564000000,16415000,613027000,746476000,15978000,132749000,6084201000000,6084226000000,6084424000000,6084830000000,6085117000000,39774000,445962000,41108000,266572000,4131000
1780791012,952619000,3251,1,U,N,6086940000000,6086888000000,6086761000000,6086749000000,6086564000000,16415000,613027000,746476000,15978000,132749000,6084201000000,6084226000000,6084424000000,6084830000000,6085117000000,39801000,445962000,41108000,266572000,4131000
1780791013,52447000,3253,1,U,N,6086940000000,6086888000000,6086761000000,6086749000000,6086564000000,16415000,613027000,746476000,15978000,132749000,6084201000000,6084226000000,6084424000000,6084830000000,6085117000000,145261000,445962000,41108000,266572000,4131000
1780791013,153959000,3257,1,U,N,6086940000000,6086888000000,6086761000000,6086749000000,6086564000000,16415000,613027000,746476000,15978000,132749000,6084201000000,6084226000000,6084424000000,6084830000000,6085117000000,129429000,445962000,41108000,266572000,4131000
1780791013,253031000,3259,1,U,N,6086940000000,6086888000000,6086761000000,6086749000000,6086564000000,16415000,613027000,746476000,15978000,132749000,6084201000000,6084226000000,6084424000000,6084830000000,6085117000000,136709000,445962000,41108000,266572000,4131000
1780791013,352744000,3261,1,U,N,6086940000000,6086888000000,6086761000000,6086749000000,6086564000000,16415000,613027000,746476000,15978000,132749000,6084201000000,6084226000000,6084424000000,6084830000000,6085117000000,120439000,445962000,41108000,266572000,4131000
1780791013,455177000,3263,1,U,N,6086940000000,6086888000000,6086761000000,6086749000000,6086564000000,16415000,613027000,746476000,15978000,132749000,6084201000000,6084226000000,6084424000000,6084830000000,6085117000000,128309000,445962000,41108000,266572000,4131000
1780791013,556264000,3265,1,U,N,6086940000000,6086888000000,6086761000000,6086749000000,6086564000000,16415000,613027000,746476000,15978000,132749000,6084201000000,6084226000000,6084424000000,6084830000000,6085117000000,141620000,445962000,41108000,266572000,4131000
1780791013,654414000,3267,1,U,N,6086940000000,6086888000000,6086761000000,6086749000000,6086564000000,16415000,613027000,746476000,15978000,132749000,6084201000000,6084226000000,6084424000000,6084830000000,6085117000000,141874000,445962000,41108000,266572000,4131000
1780791013,752868000,3269,1,U,N,6086940000000,6086888000000,6086761000000,6086749000000,6086564000000,16415000,613027000,746476000,15978000,132749000,6084201000000,6084226000000,6084424000000,6084830000000,6085117000000,141648000,445962000,41108000,266572000,4131000
1780791013,852812000,3271,1,U,N,6086940000000,6086888000000,6086761000000,6086749000000,6086564000000,16415000,613027000,746476000,15978000,132749000,6084201000000,6084226000000,6084424000000,6084830000000,6085117000000,141648000,445962000,41108000,266572000,4131000
1780791013,952014000,3281,1,U,N,6086940000000,6086888000000,6086761000000,6086749000000,6086564000000,16415000,613027000,746476000,15978000,132749000,6084201000000,6084226000000,6084424000000,6084830000000,6085117000000,91020000,445962000,41108000,266572000,4131000
1780791014,54504000,3283,1,U,N,6086940000000,6086888000000,6086761000000,6086749000000,6086564000000,16415000,613027000,746476000,15978000,132749000,6084201000000,6084226000000,6084424000000,6084830000000,6085117000000,118020000,445962000,41108000,266572000,4131000
1780791014,152341000,3285,1,U,N,6086940000000,6086888000000,6086761000000,6086749000000,6086564000000,16415000,613027000,746476000,15978000,132749000,6084201000000,6084226000000,6084424000000,6084830000000,6085117000000,118020000,445962000,41108000,266572000,4131000
1780791014,253000000,3287,1,U,N,6086940000000,6086888000000,6086761000000,6086749000000,6086564000000,16415000,613027000,746476000,15978000,132749000,6084201000000,6084226000000,6084424000000,6084830000000,6085117000000,118020000,445962000,41108000,266572000,4131000
1780791014,356233000,3289,1,U,N,6086940000000,6086888000000,6086761000000,6086749000000,6086564000000,16415000,613027000,746476000,15978000,132749000,6084201000000,6084226000000,6084424000000,6084830000000,6085117000000,118020000,445962000,41108000,266572000,4131000
1780791014,456948000,3291,1,U,N,6086940000000,6086888000000,6086761000000,6086749000000,6086564000000,16415000,613027000,746476000,15978000,132749000,6084201000000,6084226000000,6084424000000,6084830000000,6085117000000,141639000,445962000,41108000,266572000,4131000
1780791014,559256000,3297,1,U,N,6086940000000,6086888000000,6086761000000,6086749000000,6086564000000,16415000,613027000,746476000,15978000,132749000,6084201000000,6084226000000,6084424000000,6084830000000,6085117000000,141620000,445962000,41108000,266572000,4131000
1780791014,657015000,3299,1,U,N,6086940000000,6086888000000,6086761000000,6086749000000,6086564000000,16415000,613027000,746476000,15978000,132749000,6084201000000,6084226000000,6084424000000,6084830000000,6085117000000,141630000,445962000,41108000,266572000,4131000
1780791014,752354000,3301,1,U,N,6086940000000,6086888000000,6086761000000,6086749000000,6086564000000,16415000,613027000,746476000,15978000,132749000,6084201000000,6084226000000,6084424000000,6084830000000,6085117000000,141630000,445962000,41108000,266572000,4131000
1780791014,854972000,3303,1,U,N,6086940000000,6086888000000,6086761000000,6086749000000,6086564000000,16415000,613027000,746476000,15978000,132749000,6084201000000,6084226000000,6084424000000,6084830000000,6085117000000,141639000,445962000,41108000,266572000,4131000
1780791014,952098000,3305,1,U,N,6086940000000,6086888000000,6086761000000,6086749000000,6086564000000,16415000,613027000,746476000,15978000,132749000,6084201000000,6084226000000,6084424000000,6084830000000,6085117000000,141639000,445962000,41108000,266572000,4131000
1780791015,52352000,3307,1,U,N,6086940000000,6086888000000,6086761000000,6086749000000,6086564000000,16415000,613027000,746476000,15978000,132749000,6084201000000,6084226000000,6084424000000,6084830000000,6085117000000,141629000,445962000,41108000,266572000,4131000
1780791015,166662000,3309,1,U,N,6086940000000,6086888000000,6086761000000,6086749000000,6086564000000,16415000,613027000,746476000,15978000,132749000,6084201000000,6084226000000,6084424000000,6084830000000,6085117000000,141629000,445962000,41108000,266572000,4131000
1780791015,252477000,3320,1,U,N,6086940000000,6086888000000,6086761000000,6086749000000,6086564000000,16415000,613027000,746476000,15978000,132749000,6084201000000,6084226000000,6084424000000,6084830000000,6085117000000,90810000,445962000,41108000,266572000,4131000
1780791015,355532000,3322,1,U,N,6086940000000,6086888000000,6086761000000,6086749000000,6086564000000,16415000,613027000,746476000,15978000,132749000,6084201000000,6084226000000,6084424000000,6084830000000,6085117000000,90819000,445962000,41108000,266572000,4131000
1780791015,457970000,3324,1,U,N,6086940000000,6086888000000,6086761000000,6086749000000,6086564000000,16415000,613027000,746476000,15978000,132749000,6084201000000,6084226000000,6084424000000,6084830000000,6085117000000,42070000,445962000,41108000,266572000,4131000
1780791015,552695000,3327,1,U,N,6086940000000,6086888000000,6086761000000,6086749000000,6086564000000,16415000,613027000,746476000,15978000,132749000,6084201000000,6084226000000,6084424000000,6084830000000,6085117000000,42302000,445962000,41108000,266572000,4131000
1780791015,652973000,3329,1,U,N,6086940000000,6086888000000,6086761000000,6086749000000,6086564000000,16415000,613027000,746476000,15978000,132749000,6084201000000,6084226000000,6084424000000,6084830000000,6085117000000,50000000,445962000,41108000,266572000,4131000
1780791015,754406000,3331,1,U,N,6086940000000,6086888000000,6086761000000,6086749000000,6086564000000,16415000,613027000,746476000,15978000,132749000,6084201000000,6084226000000,6084424000000,6084830000000,6085117000000,50000000,445962000,41108000,266572000,4131000
1780791015,865623000,3333,1,U,N,6086940000000,6086888000000,6086761000000,6086749000000,6086564000000,16415000,613027000,746476000,15978000,132749000,6084201000000,6084226000000,6084424000000,6084830000000,6085117000000,50000000,445962000,41108000,266572000,4131000
1780791015,952296000,3335,1,U,N,6086940000000,6086888000000,6086761000000,6086749000000,6086564000000,16415000,613027000,746476000,15978000,132749000,6084201000000,6084226000000,6084424000000,6084830000000,6085117000000,49991000,445962000,41108000,266572000,4131000
1780791016,52677000,3337,1,U,N,6086940000000,6086888000000,6086761000000,6086749000000,6086564000000,16415000,613027000,746476000,15978000,132749000,6084201000000,6084226000000,6084424000000,6084830000000,6085117000000,49991000,445962000,41108000,266572000,4131000
1780791016,158780000,3339,1,U,N,6086940000000,6086888000000,6086761000000,6086749000000,6086564000000,16415000,613027000,746476000,15978000,132749000,6084201000000,6084226000000,6084424000000,6084830000000,6085117000000,49991000,445962000,41108000,266572000,4131000
1780791016,252801000,3341,1,U,N,6086940000000,6086888000000,6086761000000,6086749000000,6086564000000,16415000,613027000,746476000,15978000,132749000,6084201000000,6084226000000,6084424000000,6084830000000,6085117000000,49982000,445962000,41108000,266572000,4131000
1780791016,355371000,3343,1,U,N,6086940000000,6086888000000,6086761000000,6086749000000,6086564000000,16415000,613027000,746476000,15978000,132749000,6084201000000,6084226000000,6084424000000,6084830000000,6085117000000,82799000,445962000,41108000,266572000,4131000
1780791016,453007000,3345,1,U,N,6086940000000,6086888000000,6086761000000,6086749000000,6086564000000,16415000,613027000,746476000,15978000,132749000,6084201000000,6084226000000,6084424000000,6084830000000,6085117000000,82826000,445962000,41108000,266572000,4131000
1780791016,553132000,3347,1,U,N,6086940000000,6086888000000,6086761000000,6086749000000,6086564000000,16415000,613027000,746476000,15978000,132749000,6084201000000,6084226000000,6084424000000,6084830000000,6085117000000,82817000,445962000,41108000,266572000,4131000
1780791016,653036000,3349,1,U,N,6086940000000,6086888000000,6086761000000,6086749000000,6086564000000,16415000,613027000,746476000,15978000,132749000,6084201000000,6084226000000,6084424000000,6084830000000,6085117000000,82817000,445962000,41108000,266572000,4131000
1780791016,752413000,3351,1,U,N,6086940000000,6086888000000,6086761000000,6086749000000,6086564000000,16415000,613027000,746476000,15978000,132749000,6084201000000,6084226000000,6084424000000,6084830000000,6085117000000,82817000,445962000,41108000,266572000,4131000
1780791016,854027000,3354,1,U,N,6086940000000,6086888000000,6086761000000,6086749000000,6086564000000,16415000,613027000,746476000,15978000,132749000,6084201000000,6084226000000,6084424000000,6084830000000,6085117000000,228624000,445962000,41108000,266572000,4131000
1780791016,952562000,3356,1,U,N,6086940000000,6086888000000,6086761000000,6086749000000,6086564000000,16415000,613027000,746476000,15978000,132749000,6084201000000,6084226000000,6084424000000,6084830000000,6085117000000,260852000,445962000,41108000,266572000,4131000
1780791017,52226000,3358,1,U,N,6086940000000,6086888000000,6086761000000,6086749000000,6086564000000,16415000,613027000,746476000,15978000,132749000,6084201000000,6084226000000,6084424000000,6084830000000,6085117000000,260852000,445962000,41108000,266572000,4131000
1780791017,152271000,3360,1,U,N,6086940000000,6086888000000,6086761000000,6086749000000,6086564000000,16415000,613027000,746476000,15978000,132749000,6084201000000,6084226000000,6084424000000,6084830000000,6085117000000,143107000,445962000,41108000,266572000,4131000
1780791017,253358000,3362,1,U,N,6086940000000,6086888000000,6086761000000,6086749000000,6086564000000,16415000,613027000,746476000,15978000,132749000,6084201000000,6084226000000,6084424000000,6084830000000,6085117000000,142858000,445962000,41108000,266572000,4131000
1780791017,354837000,3364,1,U,N,6086940000000,6086888000000,6086761000000,6086749000000,6086564000000,16415000,613027000,746476000,15978000,132749000,6084201000000,6084226000000,6084424000000,6084830000000,6085117000000,166476000,445962000,41108000,266572000,4131000
1780791017,453543000,3366,1,U,N,6086940000000,6086888000000,6086761000000,6086749000000,6086564000000,16415000,613027000,746476000,15978000,132749000,6084201000000,6084226000000,6084424000000,6084830000000,6085117000000,166476000,445962000,41108000,266572000,4131000
1780791017,552651000,3370,1,U,N,6086940000000,6086888000000,6086761000000,6086749000000,6086564000000,16415000,613027000,746476000,15978000,132749000,6084201000000,6084226000000,6084424000000,6084830000000,6085117000000,166367000,445962000,41108000,266572000,4131000
1780791017,653220000,3372,1,U,N,6086940000000,6086888000000,6086761000000,6086749000000,6086564000000,16415000,613027000,746476000,15978000,132749000,6084201000000,6084226000000,6084424000000,6084830000000,6085117000000,156248000,445962000,41108000,266572000,4131000
1780791017,752365000,3374,1,U,N,6086940000000,6086888000000,6086761000000,6086749000000,6086564000000,16415000,613027000,746476000,15978000,132749000,6084201000000,6084226000000,6084424000000,6084830000000,6085117000000,156248000,445962000,41108000,266572000,4131000
1780791017,856890000,3377,1,U,N,6086940000000,6086888000000,6086761000000,6086749000000,6086564000000,16415000,613027000,746476000,15978000,132749000,6084201000000,6084226000000,6084424000000,6084830000000,6085117000000,156216000,445962000,41108000,266572000,4131000
1780791017,953181000,3379,1,U,N,6086940000000,6086888000000,6086761000000,6086749000000,6086564000000,16415000,613027000,746476000,15978000,132749000,6084201000000,6084226000000,6084424000000,6084830000000,6085117000000,180838000,445962000,41108000,266572000,4131000
1780791018,54452000,3381,1,U,N,6086940000000,6086888000000,6086761000000,6086749000000,6086564000000,16415000,613027000,746476000,15978000,132749000,6084201000000,6084226000000,6084424000000,6084830000000,6085117000000,166529000,445962000,41108000,266572000,4131000
1780791018,152920000,3383,1,U,N,6086940000000,6086888000000,6086761000000,6086749000000,6086564000000,16415000,613027000,746476000,15978000,132749000,6084201000000,6084226000000,6084424000000,6084830000000,6085117000000,166529000,445962000,41108000,266572000,4131000
1780791018,254668000,3385,1,U,N,6086940000000,6086888000000,6086761000000,6086749000000,6086564000000,16415000,613027000,746476000,15978000,132749000,6084201000000,6084226000000,6084424000000,6084830000000,6085117000000,166529000,445962000,41108000,266572000,4131000
1780791018,355354000,3387,1,U,N,6086940000000,6086888000000,6086761000000,6086749000000,6086564000000,16415000,613027000,746476000,15978000,132749000,6084201000000,6084226000000,6084424000000,6084830000000,6085117000000,166529000,445962000,41108000,266572000,4131000
1780791018,461894000,3389,1,U,N,6086940000000,6086888000000,6086761000000,6086749000000,6086564000000,16415000,613027000,746476000,15978000,132749000,6084201000000,6084226000000,6084424000000,6084830000000,6085117000000,156216000,445962000,41108000,266572000,4131000
1780791018,555062000,3391,1,U,N,6086940000000,6086888000000,6086761000000,6086749000000,6086564000000,16415000,613027000,746476000,15978000,132749000,6084201000000,6084226000000,6084424000000,6084830000000,6085117000000,156216000,445962000,41108000,266572000,4131000
1780791018,661364000,3393,1,U,N,6086940000000,6086888000000,6086761000000,6086749000000,6086564000000,16415000,613027000,746476000,15978000,132749000,6084201000000,6084226000000,6084424000000,6084830000000,6085117000000,156216000,445962000,41108000,266572000,4131000
1780791018,754411000,3395,1,U,N,6086940000000,6086888000000,6086761000000,6086749000000,6086564000000,16415000,613027000,746476000,15978000,132749000,6084201000000,6084226000000,6084424000000,6084830000000,6085117000000,156216000,445962000,41108000,266572000,4131000
1780791018,861189000,3397,1,U,N,6086940000000,6086888000000,6086761000000,6086749000000,6086564000000,16415000,613027000,746476000,15978000,132749000,6084201000000,6084226000000,6084424000000,6084830000000,6085117000000,156216000,445962000,41108000,266572000,4131000
1780791018,952965000,3399,1,U,N,6086940000000,6086888000000,6086761000000,6086749000000,6086564000000,16415000,613027000,746476000,15978000,132749000,6084201000000,6084226000000,6084424000000,6084830000000,6085117000000,132597000,445962000,41108000,266572000,4131000
1780791019,52921000,3401,1,U,N,6086940000000,6086888000000,6086761000000,6086749000000,6086564000000,16415000,613027000,746476000,15978000,132749000,6084201000000,6084226000000,6084424000000,6084830000000,6085117000000,156206000,445962000,41108000,266572000,4131000
1780791019,153021000,3404,1,U,N,6086940000000,6086888000000,6086761000000,6086749000000,6086564000000,16415000,613027000,746476000,15978000,132749000,6084201000000,6084226000000,6084424000000,6084830000000,6085117000000,156057000,445962000,41108000,266572000,4131000
1780791019,253027000,3406,1,U,N,6086940000000,6086888000000,6086761000000,6086749000000,6086564000000,16415000,613027000,746476000,15978000,132749000,6084201000000,6084226000000,6084424000000,6084830000000,6085117000000,156057000,445962000,41108000,266572000,4131000
1780791019,352869000,3408,1,U,N,6086940000000,6086888000000,6086761000000,6086749000000,6086564000000,16415000,613027000,746476000,15978000,132749000,6084201000000,6084226000000,6084424000000,6084830000000,6085117000000,170376000,445962000,41108000,266572000,4131000
1780791019,460624000,3410,1,U,N,6086940000000,6086888000000,6086761000000,6086749000000,6086564000000,16415000,613027000,746476000,15978000,132749000,6084201000000,6084226000000,6084424000000,6084830000000,6085117000000,170376000,445962000,41108000,266572000,4131000
1780791019,552578000,3412,1,U,N,6086940000000,6086888000000,6086761000000,6086749000000,6086564000000,16415000,613027000,746476000,15978000,132749000,6084201000000,6084226000000,6084424000000,6084830000000,6085117000000,180686000,445962000,41108000,266572000,4131000
1780791019,657282000,3414,1,U,N,6086940000000,6086888000000,6086761000000,6086749000000,6086564000000,16415000,613027000,746476000,15978000,132749000,6084201000000,6084226000000,6084424000000,6084830000000,6085117000000,284528000,445962000,41108000,266572000,4131000
1780791019,767090000,3416,1,U,N,6086940000000,6086888000000,6086761000000,6086749000000,6086564000000,16415000,613027000,746476000,15978000,132749000,6084201000000,6084226000000,6084424000000,6084830000000,6085117000000,284494000,445962000,41108000,266572000,4131000
1780791019,867594000,3418,1,U,N,6086940000000,6086888000000,6086761000000,6086749000000,6086564000000,16415000,613027000,746476000,15978000,132749000,6084201000000,6084226000000,6084424000000,6084830000000,6085117000000,284494000,445962000,41108000,266572000,4131000
1780791019,952939000,3420,1,U,N,6086940000000,6086888000000,6086761000000,6086749000000,6086564000000,16415000,613027000,746476000,15978000,132749000,6084201000000,6084226000000,6084424000000,6084830000000,6085117000000,277924000,445962000,41108000,266572000,4131000
1780791020,53001000,3422,1,U,N,6086940000000,6086888000000,6086761000000,6086749000000,6086564000000,16415000,613027000,746476000,15978000,132749000,6084201000000,6084226000000,6084424000000,6084830000000,6085117000000,277924000,445962000,41108000,266572000,4131000
1780791020,197450000,3424,1,U,N,6086940000000,6086888000000,6086761000000,6086749000000,6086564000000,16415000,613027000,746476000,15978000,132749000,6084201000000,6084226000000,6084424000000,6084830000000,6085117000000,277924000,445962000,41108000,266572000,4131000
1780791020,255756000,3427,1,U,N,6086940000000,6086888000000,6086761000000,6086749000000,6086564000000,16415000,613027000,746476000,15978000,132749000,6084201000000,6084226000000,6084424000000,6084830000000,6085117000000,274637000,445962000,41108000,266572000,4131000
1780791020,352173000,3429,1,U,N,6086940000000,6086888000000,6086761000000,6086749000000,6086564000000,16415000,613027000,746476000,15978000,132749000,6084201000000,6084226000000,6084424000000,6084830000000,6085117000000,274637000,445962000,41108000,266572000,4131000
1780791020,452637000,3431,1,U,N,6086940000000,6086888000000,6086761000000,6086749000000,6086564000000,16415000,613027000,746476000,15978000,132749000,6084201000000,6084226000000,6084424000000,6084830000000,6085117000000,274637000,445962000,41108000,266572000,4131000
1780791020,553227000,3434,1,U,N,6086940000000,6086888000000,6086761000000,6086749000000,6086564000000,16415000,613027000,746476000,15978000,132749000,6084201000000,6084226000000,6084424000000,6084830000000,6085117000000,274637000,445962000,41108000,266572000,4131000
1780791020,652397000,3436,1,U,N,6086940000000,6086888000000,6086761000000,6086749000000,6086564000000,16415000,613027000,746476000,15978000,132749000,6084201000000,6084226000000,6084424000000,6084830000000,6085117000000,274637000,445962000,41108000,266572000,4131000
1780791020,752562000,3438,1,U,N,6086940000000,6086888000000,6086761000000,6086749000000,6086564000000,16415000,613027000,746476000,15978000,132749000,6084201000000,6084226000000,6084424000000,6084830000000,6085117000000,274637000,445962000,41108000,266572000,4131000
1780791020,853863000,3440,1,U,N,6086940000000,6086888000000,6086761000000,6086749000000,6086564000000,16415000,613027000,746476000,15978000,132749000,6084201000000,6084226000000,6084424000000,6084830000000,6085117000000,274965000,445962000,41108000,266572000,4131000
1780791020,952346000,3442,1,U,N,6086940000000,6086888000000,6086761000000,6086749000000,6086564000000,16415000,613027000,746476000,15978000,132749000,6084201000000,6084226000000,6084424000000,6084830000000,6085117000000,274965000,445962000,41108000,266572000,4131000
1780791021,51937000,3444,1,U,N,6086940000000,6086888000000,6086761000000,6086749000000,6086564000000,16415000,613027000,746476000,15978000,132749000,6084201000000,6084226000000,6084424000000,6084830000000,6085117000000,274965000,445962000,41108000,266572000,4131000
1780791021,152201000,3446,1,U,N,6086940000000,6086888000000,6086761000000,6086749000000,6086564000000,16415000,613027000,746476000,15978000,132749000,6084201000000,6084226000000,6084424000000,6084830000000,6085117000000,274965000,445962000,41108000,266572000,4131000
1780791021,252751000,3448,1,U,N,6086940000000,6086888000000,6086761000000,6086749000000,6086564000000,16415000,613027000,746476000,15978000,132749000,6084201000000,6084226000000,6084424000000,6084830000000,6085117000000,274965000,445962000,41108000,266572000,4131000
1780791021,352471000,3450,1,U,N,6086940000000,6086888000000,6086761000000,6086749000000,6086564000000,16415000,613027000,746476000,15978000,132749000,6084201000000,6084226000000,6084424000000,6084830000000,6085117000000,274965000,445962000,41108000,266572000,4131000
1780791021,452208000,3452,1,U,N,6086940000000,6086888000000,6086761000000,6086749000000,6086564000000,16415000,613027000,746476000,15978000,132749000,6084201000000,6084226000000,6084424000000,6084830000000,6085117000000,274965000,445962000,41108000,266572000,4131000
1780791021,552336000,3455,1,U,N,6086940000000,6086888000000,6086761000000,6086749000000,6086564000000,16415000,613027000,746476000,15978000,132749000,6084201000000,6084226000000,6084424000000,6084830000000,6085117000000,274948000,445962000,41108000,266572000,4131000
1780791021,652522000,3457,1,U,N,6086940000000,6086888000000,6086761000000,6086749000000,6086564000000,16415000,613027000,746476000,15978000,132749000,6084201000000,6084226000000,6084424000000,6084830000000,6085117000000,274948000,445962000,41108000,266572000,4131000
1780791021,752387000,3459,1,U,N,6086940000000,6086888000000,6086761000000,6086749000000,6086564000000,16415000,613027000,746476000,15978000,132749000,6084201000000,6084226000000,6084424000000,6084830000000,6085117000000,274948000,445962000,41108000,266572000,4131000
1780791021,860833000,3461,1,U,N,6086940000000,6086888000000,6086761000000,6086749000000,6086564000000,16415000,613027000,746476000,15978000,132749000,6084201000000,6084226000000,6084424000000,6084830000000,6085117000000,274948000,445962000,41108000,266572000,4131000
1780791021,958048000,3463,1,U,N,6086940000000,6086888000000,6086761000000,6086749000000,6086564000000,16415000,613027000,746476000,15978000,132749000,6084201000000,6084226000000,6084424000000,6084830000000,6085117000000,274948000,445962000,41108000,266572000,4131000
1780791022,52568000,3465,1,U,N,6086940000000,6086888000000,6086761000000,6086749000000,6086564000000,16415000,613027000,746476000,15978000,132749000,6084201000000,6084226000000,6084424000000,6084830000000,6085117000000,274948000,445962000,41108000,266572000,4131000
1780791022,154540000,3467,1,U,N,6086940000000,6086888000000,6086761000000,6086749000000,6086564000000,16415000,613027000,746476000,15978000,132749000,6084201000000,6084226000000,6084424000000,6084830000000,6085117000000,274948000,445962000,41108000,266572000,4131000
1780791022,252272000,3469,1,U,N,6086940000000,6086888000000,6086761000000,6086749000000,6086564000000,16415000,613027000,746476000,15978000,132749000,6084201000000,6084226000000,6084424000000,6084830000000,6085117000000,274948000,445962000,41108000,266572000,4131000
1780791022,351874000,3471,1,U,N,6086940000000,6086888000000,6086761000000,6086749000000,6086564000000,16415000,613027000,746476000,15978000,132749000,6084201000000,6084226000000,6084424000000,6084830000000,6085117000000,274948000,445962000,41108000,266572000,4131000
1780791022,452240000,3473,1,U,N,6086940000000,6086888000000,6086761000000,6086749000000,6086564000000,16415000,613027000,746476000,15978000,132749000,6084201000000,6084226000000,6084424000000,6084830000000,6085117000000,274948000,445962000,41108000,266572000,4131000
1780791022,562514000,3475,1,U,N,6086940000000,6086888000000,6086761000000,6086749000000,6086564000000,16415000,613027000,746476000,15978000,132749000,6084201000000,6084226000000,6084424000000,6084830000000,6085117000000,274948000,445962000,41108000,266572000,4131000
1780791022,652854000,3477,1,U,N,6086940000000,6086888000000,6086761000000,6086749000000,6086564000000,16415000,613027000,746476000,15978000,132749000,6084201000000,6084226000000,6084424000000,6084830000000,6085117000000,274948000,445962000,41108000,266572000,4131000
1780791022,753149000,3479,1,U,N,6086940000000,6086888000000,6086761000000,6086749000000,6086564000000,16415000,613027000,746476000,15978000,132749000,6084201000000,6084226000000,6084424000000,6084830000000,6085117000000,274948000,445962000,41108000,266572000,4131000
1780791022,862683000,3481,1,U,N,6086940000000,6086888000000,6086761000000,6086749000000,6086564000000,16415000,613027000,746476000,15978000,132749000,6084201000000,6084226000000,6084424000000,6084830000000,6085117000000,274948000,445962000,41108000,266572000,4131000
1780791022,957215000,3485,1,U,N,6086940000000,6086888000000,6086761000000,6086749000000,6086564000000,16415000,613027000,746476000,15978000,132749000,6084201000000,6084226000000,6084424000000,6084830000000,6085117000000,289948000,445962000,41108000,266572000,4131000
1780791023,56708000,3558,1,U,N,6086940000000,6086888000000,6086761000000,6086749000000,6086564000000,16415000,613027000,746476000,15978000,132749000,6084001000000,6084201000000,6084226000000,6084424000000,6084830000000,349851000,289948000,445962000,41108000,266572000
1780791023,154443000,3560,1,U,N,6086940000000,6086888000000,6086761000000,6086749000000,6086564000000,16415000,613027000,746476000,15978000,132749000,6084001000000,6084201000000,6084226000000,6084424000000,6084830000000,358264000,289948000,445962000,41108000,266572000
1780791023,253140000,3562,1,U,N,6086940000000,6086888000000,6086761000000,6086749000000,6086564000000,16415000,613027000,746476000,15978000,132749000,6084001000000,6084201000000,6084226000000,6084424000000,6084830000000,358291000,289948000,445962000,41108000,266572000
1780791023,353606000,3565,1,U,N,6086940000000,6086888000000,6086761000000,6086749000000,6086564000000,16415000,613027000,746476000,15978000,132749000,6084001000000,6084201000000,6084226000000,6084424000000,6084830000000,358233000,289948000,445962000,41108000,266572000
1780791023,453424000,3567,1,U,N,6086940000000,6086888000000,6086761000000,6086749000000,6086564000000,16415000,613027000,746476000,15978000,132749000,6084001000000,6084201000000,6084226000000,6084424000000,6084830000000,358233000,289948000,445962000,41108000,266572000
1780791023,555394000,3569,1,U,N,6086940000000,6086888000000,6086761000000,6086749000000,6086564000000,16415000,613027000,746476000,15978000,132749000,6084001000000,6084201000000,6084226000000,6084424000000,6084830000000,361565000,289948000,445962000,41108000,266572000
1780791023,656313000,3571,1,U,N,6086940000000,6086888000000,6086761000000,6086749000000,6086564000000,16415000,613027000,746476000,15978000,132749000,6084001000000,6084201000000,6084226000000,6084424000000,6084830000000,361565000,289948000,445962000,41108000,266572000
1780791023,752489000,3573,1,U,N,6086940000000,6086888000000,6086761000000,6086749000000,6086564000000,16415000,613027000,746476000,15978000,132749000,6084001000000,6084201000000,6084226000000,6084424000000,6084830000000,361565000,289948000,445962000,41108000,266572000
1780791023,856773000,3575,1,U,N,6086940000000,6086888000000,6086761000000,6086749000000,6086564000000,16415000,613027000,746476000,15978000,132749000,6084001000000,6084201000000,6084226000000,6084424000000,6084830000000,361565000,289948000,445962000,41108000,266572000
1780791023,959414000,3577,1,U,N,6086940000000,6086888000000,6086761000000,6086749000000,6086564000000,16415000,613027000,746476000,15978000,132749000,6084001000000,6084201000000,6084226000000,6084424000000,6084830000000,361565000,289948000,445962000,41108000,266572000
1780791024,56611000,3579,1,U,N,6086940000000,6086888000000,6086761000000,6086749000000,6086564000000,16415000,613027000,746476000,15978000,132749000,6084001000000,6084201000000,6084226000000,6084424000000,6084830000000,361565000,289948000,445962000,41108000,266572000
1780791024,154703000,3581,1,U,N,6086940000000,6086888000000,6086761000000,6086749000000,6086564000000,16415000,613027000,746476000,15978000,132749000,6084001000000,6084201000000,6084226000000,6084424000000,6084830000000,361565000,289948000,445962000,41108000,266572000
1780791024,252532000,3583,1,U,N,6086940000000,6086888000000,6086761000000,6086749000000,6086564000000,16415000,613027000,746476000,15978000,132749000,6084001000000,6084201000000,6084226000000,6084424000000,6084830000000,357544000,289948000,445962000,41108000,266572000
1780791024,353850000,3587,1,U,N,6086940000000,6086888000000,6086761000000,6086749000000,6086564000000,16415000,613027000,746476000,15978000,132749000,6084001000000,6084201000000,6084226000000,6084424000000,6084830000000,357508000,289948000,445962000,41108000,266572000
1780791024,452046000,3589,1,U,N,6086940000000,6086888000000,6086761000000,6086749000000,6086564000000,16415000,613027000,746476000,15978000,132749000,6084001000000,6084201000000,6084226000000,6084424000000,6084830000000,357508000,289948000,445962000,41108000,266572000
1780791024,555000000,3591,1,U,N,6086940000000,6086888000000,6086761000000,6086749000000,6086564000000,16415000,613027000,746476000,15978000,132749000,6084001000000,6084201000000,6084226000000,6084424000000,6084830000000,357508000,289948000,445962000,41108000,266572000
1780791024,652718000,3593,1,U,N,6086940000000,6086888000000,6086761000000,6086749000000,6086564000000,16415000,613027000,746476000,15978000,132749000,6084001000000,6084201000000,6084226000000,6084424000000,6084830000000,357508000,289948000,445962000,41108000,266572000
1780791024,752929000,3595,1,U,N,6086940000000,6086888000000,6086761000000,6086749000000,6086564000000,16415000,613027000,746476000,15978000,132749000,6084001000000,6084201000000,6084226000000,6084424000000,6084830000000,360002000,289948000,445962000,41108000,266572000
1780791024,857808000,3597,1,U,N,6086940000000,6086888000000,6086761000000,6086749000000,6086564000000,16415000,613027000,746476000,15978000,132749000,6084001000000,6084201000000,6084226000000,6084424000000,6084830000000,360002000,289948000,445962000,41108000,266572000
1780791024,952254000,3599,1,U,N,6086940000000,6086888000000,6086761000000,6086749000000,6086564000000,16415000,613027000,746476000,15978000,132749000,6084001000000,6084201000000,6084226000000,6084424000000,6084830000000,360002000,289948000,445962000,41108000,266572000
1780791025,66504000,3601,1,U,N,6086940000000,6086888000000,6086761000000,6086749000000,6086564000000,16415000,613027000,746476000,15978000,132749000,6084001000000,6084201000000,6084226000000,6084424000000,6084830000000,360002000,289948000,445962000,41108000,266572000
1780791025,151914000,3603,1,U,N,6086940000000,6086888000000,6086761000000,6086749000000,6086564000000,16415000,613027000,746476000,15978000,132749000,6084001000000,6084201000000,6084226000000,6084424000000,6084830000000,360002000,289948000,445962000,41108000,266572000
1780791025,255813000,3605,1,U,N,6086940000000,6086888000000,6086761000000,6086749000000,6086564000000,16415000,613027000,746476000,15978000,132749000,6084001000000,6084201000000,6084226000000,6084424000000,6084830000000,360002000,289948000,445962000,41108000,266572000
1780791025,354153000,3607,1,U,N,6086940000000,6086888000000,6086761000000,6086749000000,6086564000000,16415000,613027000,746476000,15978000,132749000,6084001000000,6084201000000,6084226000000,6084424000000,6084830000000,360002000,289948000,445962000,41108000,266572000
1780791025,453509000,3609,1,U,N,6086940000000,6086888000000,6086761000000,6086749000000,6086564000000,16415000,613027000,746476000,15978000,132749000,6084001000000,6084201000000,6084226000000,6084424000000,6084830000000,360002000,289948000,445962000,41108000,266572000
1780791025,552267000,3611,1,U,N,6086940000000,6086888000000,6086761000000,6086749000000,6086564000000,16415000,613027000,746476000,15978000,132749000,6084001000000,6084201000000,6084226000000,6084424000000,6084830000000,360002000,289948000,445962000,41108000,266572000
1780791025,653226000,3614,1,U,N,6086940000000,6086888000000,6086761000000,6086749000000,6086564000000,16415000,613027000,746476000,15978000,132749000,6084001000000,6084201000000,6084226000000,6084424000000,6084830000000,359985000,289948000,445962000,41108000,266572000
1780791025,752877000,3616,1,U,N,6086940000000,6086888000000,6086761000000,6086749000000,6086564000000,16415000,613027000,746476000,15978000,132749000,6084001000000,6084201000000,6084226000000,6084424000000,6084830000000,385798000,289948000,445962000,41108000,266572000
1780791025,856300000,3618,1,U,N,6086940000000,6086888000000,6086761000000,6086749000000,6086564000000,16415000,613027000,746476000,15978000,132749000,6084001000000,6084201000000,6084226000000,6084424000000,6084830000000,406731000,289948000,445962000,41108000,266572000
1780791025,954386000,3620,1,U,N,6086940000000,6086888000000,6086761000000,6086749000000,6086564000000,16415000,613027000,746476000,15978000,132749000,6084001000000,6084201000000,6084226000000,6084424000000,6084830000000,408667000,289948000,445962000,41108000,266572000
1780791026,52490000,3622,1,U,N,6086940000000,6086888000000,6086761000000,6086749000000,6086564000000,16415000,613027000,746476000,15978000,132749000,6084001000000,6084201000000,6084226000000,6084424000000,6084830000000,409505000,289948000,445962000,41108000,266572000
1780791026,152416000,3624,1,U,N,6086940000000,6086888000000,6086761000000,6086749000000,6086564000000,16415000,613027000,746476000,15978000,132749000,6084001000000,6084201000000,6084226000000,6084424000000,6084830000000,409505000,289948000,445962000,41108000,266572000
1780791026,254188000,3690,1,U,N,6086940000000,6086888000000,6086761000000,6086749000000,6086564000000,16415000,613027000,746476000,15978000,132749000,6083801000000,6084001000000,6084201000000,6084226000000,6084424000000,427489000,409505000,289948000,445962000,41108000
1780791026,358261000,3757,1,U,N,6086940000000,6086888000000,6086761000000,6086749000000,6086564000000,16415000,613027000,746476000,15978000,132749000,6083442000000,6083801000000,6084001000000,6084201000000,6084226000000,325777000,427489000,409505000,289948000,445962000
1780791026,452252000,3760,1,U,N,6086940000000,6086888000000,6086761000000,6086749000000,6086564000000,16415000,613027000,746476000,15978000,132749000,6083442000000,6083801000000,6084001000000,6084201000000,6084226000000,326442000,427489000,409505000,289948000,445962000
1780791026,552166000,3762,1,U,N,6086940000000,6086888000000,6086761000000,6086749000000,6086564000000,16415000,613027000,746476000,15978000,132749000,6083442000000,6083801000000,6084001000000,6084201000000,6084226000000,327242000,427489000,409505000,289948000,445962000
1780791026,652627000,3765,1,U,N,6086940000000,6086888000000,6086761000000,6086749000000,6086564000000,16415000,613027000,746476000,15978000,132749000,6083442000000,6083801000000,6084001000000,6084201000000,6084226000000,329189000,427489000,409505000,289948000,445962000
1780791026,770394000,3767,1,U,N,6086940000000,6086888000000,6086761000000,6086749000000,6086564000000,16415000,613027000,746476000,15978000,132749000,6083442000000,6083801000000,6084001000000,6084201000000,6084226000000,332493000,427489000,409505000,289948000,445962000
1780791026,857391000,3769,1,U,N,6086940000000,6086888000000,6086761000000,6086749000000,6086564000000,16415000,613027000,746476000,15978000,132749000,6083442000000,6083801000000,6084001000000,6084201000000,6084226000000,391534000,427489000,409505000,289948000,445962000
1780791026,952291000,3771,1,U,N,6086940000000,6086888000000,6086761000000,6086749000000,6086564000000,16415000,613027000,746476000,15978000,132749000,6083442000000,6083801000000,6084001000000,6084201000000,6084226000000,391557000,427489000,409505000,289948000,445962000
1780791027,52425000,3773,1,U,N,6086940000000,6086888000000,6086761000000,6086749000000,6086564000000,16415000,613027000,746476000,15978000,132749000,6083442000000,6083801000000,6084001000000,6084201000000,6084226000000,391557000,427489000,409505000,289948000,445962000
1780791027,152555000,3775,1,U,N,6086940000000,6086888000000,6086761000000,6086749000000,6086564000000,16415000,613027000,746476000,15978000,132749000,6083442000000,6083801000000,6084001000000,6084201000000,6084226000000,391557000,427489000,409505000,289948000,445962000
1780791027,254476000,3777,1,U,N,6086940000000,6086888000000,6086761000000,6086749000000,6086564000000,16415000,613027000,746476000,15978000,132749000,6083442000000,6083801000000,6084001000000,6084201000000,6084226000000,394566000,427489000,409505000,289948000,445962000
1780791027,356471000,3780,1,U,N,6086940000000,6086888000000,6086761000000,6086749000000,6086564000000,16415000,613027000,746476000,15978000,132749000,6083442000000,6083801000000,6084001000000,6084201000000,6084226000000,394494000,427489000,409505000,289948000,445962000
1780791027,452044000,3782,1,U,N,6086940000000,6086888000000,6086761000000,6086749000000,6086564000000,16415000,613027000,746476000,15978000,132749000,6083442000000,6083801000000,6084001000000,6084201000000,6084226000000,394494000,427489000,409505000,289948000,445962000
1780791027,552135000,3785,1,U,N,6086940000000,6086888000000,6086761000000,6086749000000,6086564000000,16415000,613027000,746476000,15978000,132749000,6083442000000,6083801000000,6084001000000,6084201000000,6084226000000,439343000,427489000,409505000,289948000,445962000
1780791027,652576000,3787,1,U,N,6086940000000,6086888000000,6086761000000,6086749000000,6086564000000,16415000,613027000,746476000,15978000,132749000,6083442000000,6083801000000,6084001000000,6084201000000,6084226000000,439343000,427489000,409505000,289948000,445962000
1780791027,753839000,3789,1,U,N,6086940000000,6086888000000,6086761000000,6086749000000,6086564000000,16415000,613027000,746476000,15978000,132749000,6083442000000,6083801000000,6084001000000,6084201000000,6084226000000,441809000,427489000,409505000,289948000,445962000
1780791027,852262000,3792,1,U,N,6086940000000,6086888000000,6086761000000,6086749000000,6086564000000,16415000,613027000,746476000,15978000,132749000,6083442000000,6083801000000,6084001000000,6084201000000,6084226000000,438507000,427489000,409505000,289948000,445962000
1780791027,956003000,3794,1,U,N,6086940000000,6086888000000,6086761000000,6086749000000,6086564000000,16415000,613027000,746476000,15978000,132749000,6083442000000,6083801000000,6084001000000,6084201000000,6084226000000,441795000,427489000,409505000,289948000,445962000
1780791028,56077000,3796,1,U,N,6086940000000,6086888000000,6086761000000,6086749000000,6086564000000,16415000,613027000,746476000,15978000,132749000,6083442000000,6083801000000,6084001000000,6084201000000,6084226000000,441795000,427489000,409505000,289948000,445962000
1780791028,155575000,3800,1,U,N,6086940000000,6086888000000,6086761000000,6086749000000,6086564000000,16415000,613027000,746476000,15978000,132749000,6083442000000,6083801000000,6084001000000,6084201000000,6084226000000,441446000,427489000,409505000,289948000,445962000
1780791028,262850000,3802,1,U,N,6086940000000,6086888000000,6086761000000,6086749000000,6086564000000,16415000,613027000,746476000,15978000,132749000,6083442000000,6083801000000,6084001000000,6084201000000,6084226000000,441446000,427489000,409505000,289948000,445962000
1780791028,351696000,3804,1,U,N,6086940000000,6086888000000,6086761000000,6086749000000,6086564000000,16415000,613027000,746476000,15978000,132749000,6083442000000,6083801000000,6084001000000,6084201000000,6084226000000,441446000,427489000,409505000,289948000,445962000
1780791028,452696000,3809,1,U,N,6086940000000,6086888000000,6086761000000,6086749000000,6086564000000,16415000,613027000,746476000,15978000,132749000,6083442000000,6083801000000,6084001000000,6084201000000,6084226000000,441355000,427489000,409505000,289948000,445962000
1780791028,553219000,3813,1,U,N,6086940000000,6086888000000,6086761000000,6086749000000,6086564000000,16415000,613027000,746476000,15978000,132749000,6083442000000,6083801000000,6084001000000,6084201000000,6084226000000,441288000,427489000,409505000,289948000,445962000
1780791028,652682000,3816,1,U,N,6086940000000,6086888000000,6086761000000,6086749000000,6086564000000,16415000,613027000,746476000,15978000,132749000,6083442000000,6083801000000,6084001000000,6084201000000,6084226000000,441238000,427489000,409505000,289948000,445962000
1780791028,752306000,3819,1,U,N,6086940000000,6086888000000,6086761000000,6086749000000,6086564000000,16415000,613027000,746476000,15978000,132749000,6083442000000,6083801000000,6084001000000,6084201000000,6084226000000,441187000,427489000,409505000,289948000,445962000
1780791028,854129000,3822,1,U,N,6086940000000,6086888000000,6086761000000,6086749000000,6086564000000,16415000,613027000,746476000,15978000,132749000,6083442000000,6083801000000,6084001000000,6084201000000,6084226000000,441154000,427489000,409505000,289948000,445962000
1780791028,952487000,3824,1,U,N,6086940000000,6086888000000,6086761000000,6086749000000,6086564000000,16415000,613027000,746476000,15978000,132749000,6083442000000,6083801000000,6084001000000,6084201000000,6084226000000,441154000,427489000,409505000,289948000,445962000
1780791029,52567000,3826,1,U,N,6086940000000,6086888000000,6086761000000,6086749000000,6086564000000,16415000,613027000,746476000,15978000,132749000,6083442000000,6083801000000,6084001000000,6084201000000,6084226000000,441154000,427489000,409505000,289948000,445962000
1780791029,152047000,3828,1,U,N,6086940000000,6086888000000,6086761000000,6086749000000,6086564000000,16415000,613027000,746476000,15978000,132749000,6083442000000,6083801000000,6084001000000,6084201000000,6084226000000,441154000,427489000,409505000,289948000,445962000
1780791029,261635000,3830,1,U,N,6086940000000,6086888000000,6086761000000,6086749000000,6086564000000,16415000,613027000,746476000,15978000,132749000,6083442000000,6083801000000,6084001000000,6084201000000,6084226000000,441154000,427489000,409505000,289948000,445962000
1780791029,352855000,3833,1,U,N,6086940000000,6086888000000,6086761000000,6086749000000,6086564000000,16415000,613027000,746476000,15978000,132749000,6083442000000,6083801000000,6084001000000,6084201000000,6084226000000,441958000,427489000,409505000,289948000,445962000
1780791029,451841000,3837,1,U,N,6086940000000,6086888000000,6086761000000,6086749000000,6086564000000,16415000,613027000,746476000,15978000,132749000,6083442000000,6083801000000,6084001000000,6084201000000,6084226000000,441941000,427489000,409505000,289948000,445962000
1780791029,552294000,3842,1,U,N,6086940000000,6086888000000,6086761000000,6086749000000,6086564000000,16415000,613027000,746476000,15978000,132749000,6083442000000,6083801000000,6084001000000,6084201000000,6084226000000,437778000,427489000,409505000,289948000,445962000
1780791029,653298000,3844,1,U,N,6086940000000,6086888000000,6086761000000,6086749000000,6086564000000,16415000,613027000,746476000,15978000,132749000,6083442000000,6083801000000,6084001000000,6084201000000,6084226000000,437778000,427489000,409505000,289948000,445962000
1780791029,751927000,3846,1,U,N,6086940000000,6086888000000,6086761000000,6086749000000,6086564000000,16415000,613027000,746476000,15978000,132749000,6083442000000,6083801000000,6084001000000,6084201000000,6084226000000,437796000,427489000,409505000,289948000,445962000
1780791029,852761000,3848,1,U,N,6086940000000,6086888000000,6086761000000,6086749000000,6086564000000,16415000,613027000,746476000,15978000,132749000,6083442000000,6083801000000,6084001000000,6084201000000,6084226000000,437796000,427489000,409505000,289948000,445962000
1780791029,952937000,3850,1,U,N,6086940000000,6086888000000,6086761000000,6086749000000,6086564000000,16415000,613027000,746476000,15978000,132749000,6083442000000,6083801000000,6084001000000,6084201000000,6084226000000,437796000,427489000,409505000,289948000,445962000
1780791030,52239000,3853,1,U,N,6086940000000,6086888000000,6086761000000,6086749000000,6086564000000,16415000,613027000,746476000,15978000,132749000,6083442000000,6083801000000,6084001000000,6084201000000,6084226000000,437811000,427489000,409505000,289948000,445962000
1780791030,153397000,3856,1,U,N,6086940000000,6086888000000,6086761000000,6086749000000,6086564000000,16415000,613027000,746476000,15978000,132749000,6083442000000,6083801000000,6084001000000,6084201000000,6084226000000,437784000,427489000,409505000,289948000,445962000
1780791030,253224000,3858,1,U,N,6086940000000,6086888000000,6086761000000,6086749000000,6086564000000,16415000,613027000,746476000,15978000,132749000,6083442000000,6083801000000,6084001000000,6084201000000,6084226000000,437784000,427489000,409505000,289948000,445962000
1780791030,351779000,3860,1,U,N,6086940000000,6086888000000,6086761000000,6086749000000,6086564000000,16415000,613027000,746476000,15978000,132749000,6083442000000,6083801000000,6084001000000,6084201000000,6084226000000,437784000,427489000,409505000,289948000,445962000
1780791030,452632000,3862,1,U,N,6086940000000,6086888000000,6086761000000,6086749000000,6086564000000,16415000,613027000,746476000,15978000,132749000,6083442000000,6083801000000,6084001000000,6084201000000,6084226000000,437784000,427489000,409505000,289948000,445962000
1780791030,553004000,3865,1,U,N,6086940000000,6086888000000,6086761000000,6086749000000,6086564000000,16415000,613027000,746476000,15978000,132749000,6083442000000,6083801000000,6084001000000,6084201000000,6084226000000,437767000,427489000,409505000,289948000,445962000
1780791030,653806000,3868,1,U,N,6086940000000,6086888000000,6086761000000,6086749000000,6086564000000,16415000,613027000,746476000,15978000,132749000,6083442000000,6083801000000,6084001000000,6084201000000,6084226000000,437749000,427489000,409505000,289948000,445962000
1780791030,752184000,3870,1,U,N,6086940000000,6086888000000,6086761000000,6086749000000,6086564000000,16415000,613027000,746476000,15978000,132749000,6083442000000,6083801000000,6084001000000,6084201000000,6084226000000,437749000,427489000,409505000,289948000,445962000
1780791030,853731000,3872,1,U,N,6086940000000,6086888000000,6086761000000,6086749000000,6086564000000,16415000,613027000,746476000,15978000,132749000,6083442000000,6083801000000,6084001000000,6084201000000,6084226000000,437749000,427489000,409505000,289948000,445962000
1780791030,954775000,3875,1,U,N,6086940000000,6086888000000,6086761000000,6086749000000,6086564000000,16415000,613027000,746476000,15978000,132749000,6083442000000,6083801000000,6084001000000,6084201000000,6084226000000,437732000,427489000,409505000,289948000,445962000
1780791031,54121000,3877,1,U,N,6086940000000,6086888000000,6086761000000,6086749000000,6086564000000,16415000,613027000,746476000,15978000,132749000,6083442000000,6083801000000,6084001000000,6084201000000,6084226000000,437732000,427489000,409505000,289948000,445962000
1780791031,156117000,3879,1,U,N,6086940000000,6086888000000,6086761000000,6086749000000,6086564000000,16415000,613027000,746476000,15978000,132749000,6083442000000,6083801000000,6084001000000,6084201000000,6084226000000,437732000,427489000,409505000,289948000,445962000
1780791031,251769000,3881,1,U,N,6086940000000,6086888000000,6086761000000,6086749000000,6086564000000,16415000,613027000,746476000,15978000,132749000,6083442000000,6083801000000,6084001000000,6084201000000,6084226000000,453713000,427489000,409505000,289948000,445962000
1780791031,352113000,3883,1,U,N,6086940000000,6086888000000,6086761000000,6086749000000,6086564000000,16415000,613027000,746476000,15978000,132749000,6083442000000,6083801000000,6084001000000,6084201000000,6084226000000,453713000,427489000,409505000,289948000,445962000
1780791031,455850000,3885,1,U,N,6086940000000,6086888000000,6086761000000,6086749000000,6086564000000,16415000,613027000,746476000,15978000,132749000,6083442000000,6083801000000,6084001000000,6084201000000,6084226000000,453713000,427489000,409505000,289948000,445962000
1780791031,557793000,3887,1,U,N,6086940000000,6086888000000,6086761000000,6086749000000,6086564000000,16415000,613027000,746476000,15978000,132749000,6083442000000,6083801000000,6084001000000,6084201000000,6084226000000,453713000,427489000,409505000,289948000,445962000
1780791031,651602000,3889,1,U,N,6086940000000,6086888000000,6086761000000,6086749000000,6086564000000,16415000,613027000,746476000,15978000,132749000,6083442000000,6083801000000,6084001000000,6084201000000,6084226000000,453713000,427489000,409505000,289948000,445962000
1780791031,751974000,3891,1,U,N,6086940000000,6086888000000,6086761000000,6086749000000,6086564000000,16415000,613027000,746476000,15978000,132749000,6083442000000,6083801000000,6084001000000,6084201000000,6084226000000,453713000,427489000,409505000,289948000,445962000
1780791031,852310000,3893,1,U,N,6086940000000,6086888000000,6086761000000,6086749000000,6086564000000,16415000,613027000,746476000,15978000,132749000,6083442000000,6083801000000,6084001000000,6084201000000,6084226000000,453713000,427489000,409505000,289948000,445962000
1780791031,952003000,3896,1,U,N,6086940000000,6086888000000,6086761000000,6086749000000,6086564000000,16415000,613027000,746476000,15978000,132749000,6083442000000,6083801000000,6084001000000,6084201000000,6084226000000,453688000,427489000,409505000,289948000,445962000
1780791032,52591000,3898,1,U,N,6086940000000,6086888000000,6086761000000,6086749000000,6086564000000,16415000,613027000,746476000,15978000,132749000,6083442000000,6083801000000,6084001000000,6084201000000,6084226000000,453688000,427489000,409505000,289948000,445962000
1780791032,154448000,3901,1,U,N,6086940000000,6086888000000,6086761000000,6086749000000,6086564000000,16415000,613027000,746476000,15978000,132749000,6083442000000,6083801000000,6084001000000,6084201000000,6084226000000,453656000,427489000,409505000,289948000,445962000
1780791032,254632000,3904,1,U,N,6086940000000,6086888000000,6086761000000,6086749000000,6086564000000,16415000,613027000,746476000,15978000,132749000,6083442000000,6083801000000,6084001000000,6084201000000,6084226000000,453639000,427489000,409505000,289948000,445962000
1780791032,353356000,3906,1,U,N,6086940000000,6086888000000,6086761000000,6086749000000,6086564000000,16415000,613027000,746476000,15978000,132749000,6083442000000,6083801000000,6084001000000,6084201000000,6084226000000,453639000,427489000,409505000,289948000,445962000
1780791032,456443000,3908,1,U,N,6086940000000,6086888000000,6086761000000,6086749000000,6086564000000,16415000,613027000,746476000,15978000,132749000,6083442000000,6083801000000,6084001000000,6084201000000,6084226000000,453639000,427489000,409505000,289948000,445962000
1780791032,556304000,3910,1,U,N,6086940000000,6086888000000,6086761000000,6086749000000,6086564000000,16415000,613027000,746476000,15978000,132749000,6083442000000,6083801000000,6084001000000,6084201000000,6084226000000,453639000,427489000,409505000,289948000,445962000
1780791032,652156000,3912,1,U,N,6086940000000,6086888000000,6086761000000,6086749000000,6086564000000,16415000,613027000,746476000,15978000,132749000,6083442000000,6083801000000,6084001000000,6084201000000,6084226000000,453639000,427489000,409505000,289948000,445962000
1780791032,751771000,3916,1,U,N,6086940000000,6086888000000,6086761000000,6086749000000,6086564000000,16415000,613027000,746476000,15978000,132749000,6083442000000,6083801000000,6084001000000,6084201000000,6084226000000,453602000,427489000,409505000,289948000,445962000
1780791032,854980000,3918,1,U,N,6086940000000,6086888000000,6086761000000,6086749000000,6086564000000,16415000,613027000,746476000,15978000,132749000,6083442000000,6083801000000,6084001000000,6084201000000,6084226000000,453602000,427489000,409505000,289948000,445962000
1780791032,951983000,3921,1,U,N,6086940000000,6086888000000,6086761000000,6086749000000,6086564000000,16415000,613027000,746476000,15978000,132749000,6083442000000,6083801000000,6084001000000,6084201000000,6084226000000,435334000,427489000,409505000,289948000,445962000
1780791033,57663000,3923,1,U,N,6086940000000,6086888000000,6086761000000,6086749000000,6086564000000,16415000,613027000,746476000,15978000,132749000,6083442000000,6083801000000,6084001000000,6084201000000,6084226000000,435362000,427489000,409505000,289948000,445962000
1780791033,155122000,3925,1,U,N,6086940000000,6086888000000,6086761000000,6086749000000,6086564000000,16415000,613027000,746476000,15978000,132749000,6083442000000,6083801000000,6084001000000,6084201000000,6084226000000,435380000,427489000,409505000,289948000,445962000
1780791033,252492000,3927,1,U,N,6086940000000,6086888000000,6086761000000,6086749000000,6086564000000,16415000,613027000,746476000,15978000,132749000,6083442000000,6083801000000,6084001000000,6084201000000,6084226000000,435398000,427489000,409505000,289948000,445962000
1780791033,354198000,3929,1,U,N,6086940000000,6086888000000,6086761000000,6086749000000,6086564000000,16415000,613027000,746476000,15978000,132749000,6083442000000,6083801000000,6084001000000,6084201000000,6084226000000,435726000,427489000,409505000,289948000,445962000
1780791033,452062000,3932,1,U,N,6086940000000,6086888000000,6086761000000,6086749000000,6086564000000,16415000,613027000,746476000,15978000,132749000,6083442000000,6083801000000,6084001000000,6084201000000,6084226000000,434444000,427489000,409505000,289948000,445962000
1780791033,553497000,3934,1,U,N,6086940000000,6086888000000,6086761000000,6086749000000,6086564000000,16415000,613027000,746476000,15978000,132749000,6083442000000,6083801000000,6084001000000,6084201000000,6084226000000,434444000,427489000,409505000,289948000,445962000
1780791033,651326000,3936,1,U,N,6086940000000,6086888000000,6086761000000,6086749000000,6086564000000,16415000,613027000,746476000,15978000,132749000,6083442000000,6083801000000,6084001000000,6084201000000,6084226000000,434444000,427489000,409505000,289948000,445962000
1780791033,751631000,3938,1,U,N,6086940000000,6086888000000,6086761000000,6086749000000,6086564000000,16415000,613027000,746476000,15978000,132749000,6083442000000,6083801000000,6084001000000,6084201000000,6084226000000,434444000,427489000,409505000,289948000,445962000
1780791033,854452000,3940,1,U,N,6086940000000,6086888000000,6086761000000,6086749000000,6086564000000,16415000,613027000,746476000,15978000,132749000,6083442000000,6083801000000,6084001000000,6084201000000,6084226000000,434444000,427489000,409505000,289948000,445962000
1780791033,953191000,3942,1,U,N,6086940000000,6086888000000,6086761000000,6086749000000,6086564000000,16415000,613027000,746476000,15978000,132749000,6083442000000,6083801000000,6084001000000,6084201000000,6084226000000,434462000,427489000,409505000,289948000,445962000
1780791034,51990000,3944,1,U,N,6086940000000,6086888000000,6086761000000,6086749000000,6086564000000,16415000,613027000,746476000,15978000,132749000,6083442000000,6083801000000,6084001000000,6084201000000,6084226000000,434615000,427489000,409505000,289948000,445962000
1780791034,152226000,3946,1,U,N,6086940000000,6086888000000,6086761000000,6086749000000,6086564000000,16415000,613027000,746476000,15978000,132749000,6083442000000,6083801000000,6084001000000,6084201000000,6084226000000,434615000,427489000,409505000,289948000,445962000
1780791034,253072000,3948,1,U,N,6086940000000,6086888000000,6086761000000,6086749000000,6086564000000,16415000,613027000,746476000,15978000,132749000,6083442000000,6083801000000,6084001000000,6084201000000,6084226000000,434615000,427489000,409505000,289948000,445962000
1780791034,352364000,3950,1,U,N,6086940000000,6086888000000,6086761000000,6086749000000,6086564000000,16415000,613027000,746476000,15978000,132749000,6083442000000,6083801000000,6084001000000,6084201000000,6084226000000,435437000,427489000,409505000,289948000,445962000
1780791034,452213000,3952,1,U,N,6086940000000,6086888000000,6086761000000,6086749000000,6086564000000,16415000,613027000,746476000,15978000,132749000,6083442000000,6083801000000,6084001000000,6084201000000,6084226000000,435437000,427489000,409505000,289948000,445962000
1780791034,551653000,3954,1,U,N,6086940000000,6086888000000,6086761000000,6086749000000,6086564000000,16415000,613027000,746476000,15978000,132749000,6083442000000,6083801000000,6084001000000,6084201000000,6084226000000,435428000,427489000,409505000,289948000,445962000
1780791034,652547000,3956,1,U,N,6086940000000,6086888000000,6086761000000,6086749000000,6086564000000,16415000,613027000,746476000,15978000,132749000,6083442000000,6083801000000,6084001000000,6084201000000,6084226000000,435428000,427489000,409505000,289948000,445962000
1780791034,751889000,3958,1,U,N,6086940000000,6086888000000,6086761000000,6086749000000,6086564000000,16415000,613027000,746476000,15978000,132749000,6083442000000,6083801000000,6084001000000,6084201000000,6084226000000,435428000,427489000,409505000,289948000,445962000
1780791034,852126000,3960,1,U,N,6086940000000,6086888000000,6086761000000,6086749000000,6086564000000,16415000,613027000,746476000,15978000,132749000,6083442000000,6083801000000,6084001000000,6084201000000,6084226000000,435428000,427489000,409505000,289948000,445962000
1780791034,955695000,3962,1,U,N,6086940000000,6086888000000,6086761000000,6086749000000,6086564000000,16415000,613027000,746476000,15978000,132749000,6083442000000,6083801000000,6084001000000,6084201000000,6084226000000,435428000,427489000,409505000,289948000,445962000
1780791035,58523000,3964,1,U,N,6086940000000,6086888000000,6086761000000,6086749000000,6086564000000,16415000,613027000,746476000,15978000,132749000,6083442000000,6083801000000,6084001000000,6084201000000,6084226000000,435428000,427489000,409505000,289948000,445962000
1780791035,155977000,3966,1,U,N,6086940000000,6086888000000,6086761000000,6086749000000,6086564000000,16415000,613027000,746476000,15978000,132749000,6083442000000,6083801000000,6084001000000,6084201000000,6084226000000,452588000,427489000,409505000,289948000,445962000
1780791035,253420000,3968,1,U,N,6086940000000,6086888000000,6086761000000,6086749000000,6086564000000,16415000,613027000,746476000,15978000,132749000,6083442000000,6083801000000,6084001000000,6084201000000,6084226000000,452588000,427489000,409505000,289948000,445962000
1780791035,360363000,3970,1,U,N,6086940000000,6086888000000,6086761000000,6086749000000,6086564000000,16415000,613027000,746476000,15978000,132749000,6083442000000,6083801000000,6084001000000,6084201000000,6084226000000,452588000,427489000,409505000,289948000,445962000
1780791035,463130000,3972,1,U,N,6086940000000,6086888000000,6086761000000,6086749000000,6086564000000,16415000,613027000,746476000,15978000,132749000,6083442000000,6083801000000,6084001000000,6084201000000,6084226000000,452588000,427489000,409505000,289948000,445962000
1780791035,551239000,3974,1,U,N,6086940000000,6086888000000,6086761000000,6086749000000,6086564000000,16415000,613027000,746476000,15978000,132749000,6083442000000,6083801000000,6084001000000,6084201000000,6084226000000,452588000,427489000,409505000,289948000,445962000
1780791035,653466000,3977,1,U,N,6086940000000,6086888000000,6086761000000,6086749000000,6086564000000,16415000,613027000,746476000,15978000,132749000,6083442000000,6083801000000,6084001000000,6084201000000,6084226000000,452499000,427489000,409505000,289948000,445962000
1780791035,755499000,3979,1,U,N,6086940000000,6086888000000,6086761000000,6086749000000,6086564000000,16415000,613027000,746476000,15978000,132749000,6083442000000,6083801000000,6084001000000,6084201000000,6084226000000,452499000,427489000,409505000,289948000,445962000
1780791035,878648000,3982,1,U,N,6086940000000,6086888000000,6086761000000,6086749000000,6086564000000,16415000,613027000,746476000,15978000,132749000,6083442000000,6083801000000,6084001000000,6084201000000,6084226000000,452445000,427489000,409505000,289948000,445962000
1780791035,951900000,3984,1,U,N,6086940000000,6086888000000,6086761000000,6086749000000,6086564000000,16415000,613027000,746476000,15978000,132749000,6083442000000,6083801000000,6084001000000,6084201000000,6084226000000,452445000,427489000,409505000,289948000,445962000
1780791036,51405000,3988,1,U,N,6086940000000,6086888000000,6086761000000,6086749000000,6086564000000,16415000,613027000,746476000,15978000,132749000,6083442000000,6083801000000,6084001000000,6084201000000,6084226000000,452867000,427489000,409505000,289948000,445962000
1780791036,151375000,3990,1,U,N,6086940000000,6086888000000,6086761000000,6086749000000,6086564000000,16415000,613027000,746476000,15978000,132749000,6083442000000,6083801000000,6084001000000,6084201000000,6084226000000,452363000,427489000,409505000,289948000,445962000
1780791036,255946000,3992,1,U,N,6086940000000,6086888000000,6086761000000,6086749000000,6086564000000,16415000,613027000,746476000,15978000,132749000,6083442000000,6083801000000,6084001000000,6084201000000,6084226000000,452363000,427489000,409505000,289948000,445962000
1780791036,353165000,3994,1,U,N,6086940000000,6086888000000,6086761000000,6086749000000,6086564000000,16415000,613027000,746476000,15978000,132749000,6083442000000,6083801000000,6084001000000,6084201000000,6084226000000,452363000,427489000,409505000,289948000,445962000
1780791036,456856000,3996,1,U,N,6086940000000,6086888000000,6086761000000,6086749000000,6086564000000,16415000,613027000,746476000,15978000,132749000,6083442000000,6083801000000,6084001000000,6084201000000,6084226000000,452363000,427489000,409505000,289948000,445962000
1780791036,556017000,3998,1,U,N,6086940000000,6086888000000,6086761000000,6086749000000,6086564000000,16415000,613027000,746476000,15978000,132749000,6083442000000,6083801000000,6084001000000,6084201000000,6084226000000,452363000,427489000,409505000,289948000,445962000
1780791036,666293000,4119,1,U,N,6086940000000,6086888000000,6086761000000,6086749000000,6086564000000,16415000,613027000,746476000,15978000,132749000,6082930000000,6083442000000,6083801000000,6084001000000,6084201000000,72673000,452363000,427489000,409505000,289948000
1780791036,761624000,4229,1,U,N,6086940000000,6086888000000,6086761000000,6086749000000,6086564000000,16415000,613027000,746476000,15978000,132749000,6082529000000,6082930000000,6083442000000,6083801000000,6084001000000,334678000,72673000,452363000,427489000,409505000
1780791036,853219000,4233,1,U,N,6086940000000,6086888000000,6086761000000,6086749000000,6086564000000,16415000,613027000,746476000,15978000,132749000,6082529000000,6082930000000,6083442000000,6083801000000,6084001000000,404641000,72673000,452363000,427489000,409505000
1780791036,968031000,4304,1,U,N,6086940000000,6086888000000,6086761000000,6086749000000,6086564000000,16415000,613027000,746476000,15978000,132749000,6082332000000,6082529000000,6082930000000,6083442000000,6083801000000,597499000,404641000,72673000,452363000,427489000
1780791037,51372000,4355,1,U,N,6086940000000,6086888000000,6086761000000,6086749000000,6086564000000,16415000,613027000,746476000,15978000,132749000,6082064000000,6082332000000,6082529000000,6082930000000,6083442000000,837172000,597499000,404641000,72673000,452363000
1780791037,153923000,4401,1,U,N,6086940000000,6086888000000,6086761000000,6086749000000,6086564000000,16415000,613027000,746476000,15978000,132749000,6082001000000,6082064000000,6082332000000,6082529000000,6082930000000,349474000,837172000,597499000,404641000,72673000
1780791037,253802000,4403,1,U,N,6086940000000,6086888000000,6086761000000,6086749000000,6086564000000,16415000,613027000,746476000,15978000,132749000,6082001000000,6082064000000,6082332000000,6082529000000,6082930000000,619719000,837172000,597499000,404641000,72673000
1780791037,355360000,4405,1,U,N,6086940000000,6086888000000,6086761000000,6086749000000,6086564000000,16415000,613027000,746476000,15978000,132749000,6082001000000,6082064000000,6082332000000,6082529000000,6082930000000,619737000,837172000,597499000,404641000,72673000
1780791037,451892000,4408,1,U,N,6086940000000,6086888000000,6086761000000,6086749000000,6086564000000,16415000,613027000,746476000,15978000,132749000,6082001000000,6082064000000,6082332000000,6082529000000,6082930000000,677143000,837172000,597499000,404641000,72673000
1780791037,552959000,4410,1,U,N,6086940000000,6086888000000,6086761000000,6086749000000,6086564000000,16415000,613027000,746476000,15978000,132749000,6082001000000,6082064000000,6082332000000,6082529000000,6082930000000,613143000,837172000,597499000,404641000,72673000
1780791037,676968000,4412,1,U,N,6086940000000,6086888000000,6086761000000,6086749000000,6086564000000,16415000,613027000,746476000,15978000,132749000,6082001000000,6082064000000,6082332000000,6082529000000,6082930000000,616456000,837172000,597499000,404641000,72673000
1780791037,754118000,4415,1,U,N,6086940000000,6086888000000,6086761000000,6086749000000,6086564000000,16415000,613027000,746476000,15978000,132749000,6082001000000,6082064000000,6082332000000,6082529000000,6082930000000,567530000,837172000,597499000,404641000,72673000
1780791037,852771000,4418,1,U,N,6086940000000,6086888000000,6086761000000,6086749000000,6086564000000,16415000,613027000,746476000,15978000,132749000,6082001000000,6082064000000,6082332000000,6082529000000,6082930000000,567539000,837172000,597499000,404641000,72673000
1780791037,952626000,4420,1,U,N,6086940000000,6086888000000,6086761000000,6086749000000,6086564000000,16415000,613027000,746476000,15978000,132749000,6082001000000,6082064000000,6082332000000,6082529000000,6082930000000,570539000,837172000,597499000,404641000,72673000
1780791038,56854000,4422,1,U,N,6086940000000,6086888000000,6086761000000,6086749000000,6086564000000,16415000,613027000,746476000,15978000,132749000,6082001000000,6082064000000,6082332000000,6082529000000,6082930000000,570539000,837172000,597499000,404641000,72673000
1780791038,153395000,4424,1,U,N,6086940000000,6086888000000,6086761000000,6086749000000,6086564000000,16415000,613027000,746476000,15978000,132749000,6082001000000,6082064000000,6082332000000,6082529000000,6082930000000,570539000,837172000,597499000,404641000,72673000
1780791038,251595000,4426,1,U,N,6086940000000,6086888000000,6086761000000,6086749000000,6086564000000,16415000,613027000,746476000,15978000,132749000,6082001000000,6082064000000,6082332000000,6082529000000,6082930000000,570539000,837172000,597499000,404641000,72673000
1780791038,351966000,4428,1,U,N,6086940000000,6086888000000,6086761000000,6086749000000,6086564000000,16415000,613027000,746476000,15978000,132749000,6082001000000,6082064000000,6082332000000,6082529000000,6082930000000,570539000,837172000,597499000,404641000,72673000
1780791038,454071000,4430,1,U,N,6086940000000,6086888000000,6086761000000,6086749000000,6086564000000,16415000,613027000,746476000,15978000,132749000,6082001000000,6082064000000,6082332000000,6082529000000,6082930000000,570539000,837172000,597499000,404641000,72673000
1780791038,551911000,4432,1,U,N,6086940000000,6086888000000,6086761000000,6086749000000,6086564000000,16415000,613027000,746476000,15978000,132749000,6082001000000,6082064000000,6082332000000,6082529000000,6082930000000,570539000,837172000,597499000,404641000,72673000
1780791038,651772000,4434,1,U,N,6086940000000,6086888000000,6086761000000,6086749000000,6086564000000,16415000,613027000,746476000,15978000,132749000,6082001000000,6082064000000,6082332000000,6082529000000,6082930000000,570539000,837172000,597499000,404641000,72673000
1780791038,751518000,4436,1,U,N,6086940000000,6086888000000,6086761000000,6086749000000,6086564000000,16415000,613027000,746476000,15978000,132749000,6082001000000,6082064000000,6082332000000,6082529000000,6082930000000,570598000,837172000,597499000,404641000,72673000
1780791038,852282000,4438,1,U,N,6086940000000,6086888000000,6086761000000,6086749000000,6086564000000,16415000,613027000,746476000,15978000,132749000,6082001000000,6082064000000,6082332000000,6082529000000,6082930000000,570598000,837172000,597499000,404641000,72673000
1780791038,952610000,4440,1,U,N,6086940000000,6086888000000,6086761000000,6086749000000,6086564000000,16415000,613027000,746476000,15978000,132749000,6082001000000,6082064000000,6082332000000,6082529000000,6082930000000,570598000,837172000,597499000,404641000,72673000
1780791039,51621000,4443,1,U,N,6086940000000,6086888000000,6086761000000,6086749000000,6086564000000,16415000,613027000,746476000,15978000,132749000,6082001000000,6082064000000,6082332000000,6082529000000,6082930000000,570566000,837172000,597499000,404641000,72673000
1780791039,151953000,4446,1,U,N,6086940000000,6086888000000,6086761000000,6086749000000,6086564000000,16415000,613027000,746476000,15978000,132749000,6082001000000,6082064000000,6082332000000,6082529000000,6082930000000,570359000,837172000,597499000,404641000,72673000
1780791039,259457000,4450,1,U,N,6086940000000,6086888000000,6086761000000,6086749000000,6086564000000,16415000,613027000,746476000,15978000,132749000,6082001000000,6082064000000,6082332000000,6082529000000,6082930000000,570359000,837172000,597499000,404641000,72673000
1780791039,351712000,4452,1,U,N,6086940000000,6086888000000,6086761000000,6086749000000,6086564000000,16415000,613027000,746476000,15978000,132749000,6082001000000,6082064000000,6082332000000,6082529000000,6082930000000,570359000,837172000,597499000,404641000,72673000
1780791039,451615000,4454,1,U,N,6086940000000,6086888000000,6086761000000,6086749000000,6086564000000,16415000,613027000,746476000,15978000,132749000,6082001000000,6082064000000,6082332000000,6082529000000,6082930000000,570359000,837172000,597499000,404641000,72673000
1780791039,551905000,4456,1,U,N,6086940000000,6086888000000,6086761000000,6086749000000,6086564000000,16415000,613027000,746476000,15978000,132749000,6082001000000,6082064000000,6082332000000,6082529000000,6082930000000,567046000,837172000,597499000,404641000,72673000
1780791039,655431000,4458,1,U,N,6086940000000,6086888000000,6086761000000,6086749000000,6086564000000,16415000,613027000,746476000,15978000,132749000,6082001000000,6082064000000,6082332000000,6082529000000,6082930000000,567055000,837172000,597499000,404641000,72673000
1780791039,751728000,4480,1,U,N,6086940000000,6086888000000,6086761000000,6086749000000,6086564000000,16415000,613027000,746476000,15978000,132749000,6082001000000,6082064000000,6082332000000,6082529000000,6082930000000,567877000,837172000,597499000,404641000,72673000
1780791039,854401000,4482,1,U,N,6086940000000,6086888000000,6086761000000,6086749000000,6086564000000,16415000,613027000,746476000,15978000,132749000,6082001000000,6082064000000,6082332000000,6082529000000,6082930000000,567877000,837172000,597499000,404641000,72673000
1780791039,953308000,4484,1,U,N,6086940000000,6086888000000,6086761000000,6086749000000,6086564000000,16415000,613027000,746476000,15978000,132749000,6082001000000,6082064000000,6082332000000,6082529000000,6082930000000,567858000,837172000,597499000,404641000,72673000
1780791040,57094000,4487,1,U,N,6086940000000,6086888000000,6086761000000,6086749000000,6086564000000,16415000,613027000,746476000,15978000,132749000,6082001000000,6082064000000,6082332000000,6082529000000,6082930000000,567886000,837172000,597499000,404641000,72673000
1780791040,154254000,4489,1,U,N,6086940000000,6086888000000,6086761000000,6086749000000,6086564000000,16415000,613027000,746476000,15978000,132749000,6082001000000,6082064000000,6082332000000,6082529000000,6082930000000,567918000,837172000,597499000,404641000,72673000
1780791040,250909000,4492,1,U,N,6086940000000,6086888000000,6086761000000,6086749000000,6086564000000,16415000,613027000,746476000,15978000,132749000,6082001000000,6082064000000,6082332000000,6082529000000,6082930000000,567603000,837172000,597499000,404641000,72673000
1780791040,352034000,4494,1,U,N,6086940000000,6086888000000,6086761000000,6086749000000,6086564000000,16415000,613027000,746476000,15978000,132749000,6082001000000,6082064000000,6082332000000,6082529000000,6082930000000,567613000,837172000,597499000,404641000,72673000
1780791040,455341000,4497,1,U,N,6086940000000,6086888000000,6086761000000,6086749000000,6086564000000,16415000,613027000,746476000,15978000,132749000,6082001000000,6082064000000,6082332000000,6082529000000,6082930000000,567577000,837172000,597499000,404641000,72673000
1780791040,552175000,4499,1,U,N,6086940000000,6086888000000,6086761000000,6086749000000,6086564000000,16415000,613027000,746476000,15978000,132749000,6082001000000,6082064000000,6082332000000,6082529000000,6082930000000,574154000,837172000,597499000,404641000,72673000
1780791040,656796000,4502,1,U,N,6086940000000,6086888000000,6086761000000,6086749000000,6086564000000,16415000,613027000,746476000,15978000,132749000,6082001000000,6082064000000,6082332000000,6082529000000,6082930000000,574154000,837172000,597499000,404641000,72673000
1780791040,755693000,4504,1,U,N,6086940000000,6086888000000,6086761000000,6086749000000,6086564000000,16415000,613027000,746476000,15978000,132749000,6082001000000,6082064000000,6082332000000,6082529000000,6082930000000,574154000,837172000,597499000,404641000,72673000
1780791040,861722000,4507,1,U,N,6086940000000,6086888000000,6086761000000,6086749000000,6086564000000,16415000,613027000,746476000,15978000,132749000,6082001000000,6082064000000,6082332000000,6082529000000,6082930000000,574154000,837172000,597499000,404641000,72673000
1780791040,961636000,4509,1,U,N,6086940000000,6086888000000,6086761000000,6086749000000,6086564000000,16415000,613027000,746476000,15978000,132749000,6082001000000,6082064000000,6082332000000,6082529000000,6082930000000,574154000,837172000,597499000,404641000,72673000
1780791041,57563000,4511,1,U,N,6086940000000,6086888000000,6086761000000,6086749000000,6086564000000,16415000,613027000,746476000,15978000,132749000,6082001000000,6082064000000,6082332000000,6082529000000,6082930000000,574154000,837172000,597499000,404641000,72673000
1780791041,152548000,4515,1,U,N,6086940000000,6086888000000,6086761000000,6086749000000,6086564000000,16415000,613027000,746476000,15978000,132749000,6082001000000,6082064000000,6082332000000,6082529000000,6082930000000,574154000,837172000,597499000,404641000,72673000
1780791041,254620000,4518,1,U,N,6086940000000,6086888000000,6086761000000,6086749000000,6086564000000,16415000,613027000,746476000,15978000,132749000,6082001000000,6082064000000,6082332000000,6082529000000,6082930000000,574154000,837172000,597499000,404641000,72673000
1780791041,351647000,4583,1,U,N,6086940000000,6086888000000,6086761000000,6086749000000,6086564000000,16415000,613027000,746476000,15978000,132749000,6081801000000,6082001000000,6082064000000,6082332000000,6082529000000,493629000,574154000,837172000,597499000,404641000
1780791041,472053000,4585,1,U,N,6086940000000,6086888000000,6086761000000,6086749000000,6086564000000,16415000,613027000,746476000,15978000,132749000,6081801000000,6082001000000,6082064000000,6082332000000,6082529000000,553936000,574154000,837172000,597499000,404641000
1780791041,552964000,4587,1,U,N,6086940000000,6086888000000,6086761000000,6086749000000,6086564000000,16415000,613027000,746476000,15978000,132749000,6081801000000,6082001000000,6082064000000,6082332000000,6082529000000,553753000,574154000,837172000,597499000,404641000
1780791041,658113000,4590,1,U,N,6086940000000,6086888000000,6086761000000,6086749000000,6086564000000,16415000,613027000,746476000,15978000,132749000,6081801000000,6082001000000,6082064000000,6082332000000,6082529000000,613998000,574154000,837172000,597499000,404641000
1780791041,751050000,4592,1,U,N,6086940000000,6086888000000,6086761000000,6086749000000,6086564000000,16415000,613027000,746476000,15978000,132749000,6081801000000,6082001000000,6082064000000,6082332000000,6082529000000,613998000,574154000,837172000,597499000,404641000
1780791041,851400000,4595,1,U,N,6086940000000,6086888000000,6086761000000,6086749000000,6086564000000,16415000,613027000,746476000,15978000,132749000,6081801000000,6082001000000,6082064000000,6082332000000,6082529000000,613998000,574154000,837172000,597499000,404641000
1780791041,959320000,4597,1,U,N,6086940000000,6086888000000,6086761000000,6086749000000,6086564000000,16415000,613027000,746476000,15978000,132749000,6081801000000,6082001000000,6082064000000,6082332000000,6082529000000,613998000,574154000,837172000,597499000,404641000
1780791042,52586000,4599,1,U,N,6086940000000,6086888000000,6086761000000,6086749000000,6086564000000,16415000,613027000,746476000,15978000,132749000,6081801000000,6082001000000,6082064000000,6082332000000,6082529000000,614683000,574154000,837172000,597499000,404641000
1780791042,152723000,4603,1,U,N,6086940000000,6086888000000,6086761000000,6086749000000,6086564000000,16415000,613027000,746476000,15978000,132749000,6081801000000,6082001000000,6082064000000,6082332000000,6082529000000,617891000,574154000,837172000,597499000,404641000
1780791042,256176000,4605,1,U,N,6086940000000,6086888000000,6086761000000,6086749000000,6086564000000,16415000,613027000,746476000,15978000,132749000,6081801000000,6082001000000,6082064000000,6082332000000,6082529000000,617891000,574154000,837172000,597499000,404641000
1780791042,351697000,4607,1,U,N,6086940000000,6086888000000,6086761000000,6086749000000,6086564000000,16415000,613027000,746476000,15978000,132749000,6081801000000,6082001000000,6082064000000,6082332000000,6082529000000,617891000,574154000,837172000,597499000,404641000
1780791042,454473000,4611,1,U,N,6086940000000,6086888000000,6086761000000,6086749000000,6086564000000,16415000,613027000,746476000,15978000,132749000,6081801000000,6082001000000,6082064000000,6082332000000,6082529000000,601604000,574154000,837172000,597499000,404641000
1780791042,552272000,4616,1,U,N,6086940000000,6086888000000,6086761000000,6086749000000,6086564000000,16415000,613027000,746476000,15978000,132749000,6081801000000,6082001000000,6082064000000,6082332000000,6082529000000,595756000,574154000,837172000,597499000,404641000
1780791042,651505000,4618,1,U,N,6086940000000,6086888000000,6086761000000,6086749000000,6086564000000,16415000,613027000,746476000,15978000,132749000,6081801000000,6082001000000,6082064000000,6082332000000,6082529000000,595756000,574154000,837172000,597499000,404641000
1780791042,751581000,4620,1,U,N,6086940000000,6086888000000,6086761000000,6086749000000,6086564000000,16415000,613027000,746476000,15978000,132749000,6081801000000,6082001000000,6082064000000,6082332000000,6082529000000,595756000,574154000,837172000,597499000,404641000
1780791042,851504000,4622,1,U,N,6086940000000,6086888000000,6086761000000,6086749000000,6086564000000,16415000,613027000,746476000,15978000,132749000,6081801000000,6082001000000,6082064000000,6082332000000,6082529000000,595756000,574154000,837172000,597499000,404641000
1780791042,951986000,4624,1,U,N,6086940000000,6086888000000,6086761000000,6086749000000,6086564000000,16415000,613027000,746476000,15978000,132749000,6081801000000,6082001000000,6082064000000,6082332000000,6082529000000,595756000,574154000,837172000,597499000,404641000
1780791043,57873000,4628,1,U,N,6086940000000,6086888000000,6086761000000,6086749000000,6086564000000,16415000,613027000,746476000,15978000,132749000,6081801000000,6082001000000,6082064000000,6082332000000,6082529000000,595738000,574154000,837172000,597499000,404641000
1780791043,151315000,4630,1,U,N,6086940000000,6086888000000,6086761000000,6086749000000,6086564000000,16415000,613027000,746476000,15978000,132749000,6081801000000,6082001000000,6082064000000,6082332000000,6082529000000,595738000,574154000,837172000,597499000,404641000
1780791043,257645000,4632,1,U,N,6086940000000,6086888000000,6086761000000,6086749000000,6086564000000,16415000,613027000,746476000,15978000,132749000,6081801000000,6082001000000,6082064000000,6082332000000,6082529000000,595738000,574154000,837172000,597499000,404641000
1780791043,351227000,4634,1,U,N,6086940000000,6086888000000,6086761000000,6086749000000,6086564000000,16415000,613027000,746476000,15978000,132749000,6081801000000,6082001000000,6082064000000,6082332000000,6082529000000,595770000,574154000,837172000,597499000,404641000
1780791043,454477000,4666,1,U,N,6086940000000,6086888000000,6086761000000,6086749000000,6086564000000,16415000,613027000,746476000,15978000,132749000,6081801000000,6082001000000,6082064000000,6082332000000,6082529000000,549758000,574154000,837172000,597499000,404641000
1780791043,551527000,4724,1,U,N,6086940000000,6086888000000,6086761000000,6086749000000,6086564000000,16415000,613027000,746476000,15978000,132749000,6081601000000,6081801000000,6082001000000,6082064000000,6082332000000,643116000,549758000,574154000,837172000,597499000
1780791043,655927000,4804,1,U,N,6086940000000,6086888000000,6086761000000,6086749000000,6086564000000,16415000,613027000,746476000,15978000,132749000,6081509000000,6081601000000,6081801000000,6082001000000,6082064000000,421586000,643116000,549758000,574154000,837172000
1780791043,761454000,4844,1,U,N,6086940000000,6086888000000,6086761000000,6086749000000,6086564000000,16415000,613027000,746476000,15978000,132749000,6081401000000,6081509000000,6081601000000,6081801000000,6082001000000,629931000,421586000,643116000,549758000,574154000
1780791043,854171000,4847,1,U,N,6086940000000,6086888000000,6086761000000,6086749000000,6086564000000,16415000,613027000,746476000,15978000,132749000,6081401000000,6081509000000,6081601000000,6081801000000,6082001000000,697595000,421586000,643116000,549758000,574154000
1780791043,957104000,4849,1,U,N,6086940000000,6086888000000,6086761000000,6086749000000,6086564000000,16415000,613027000,746476000,15978000,132749000,6081401000000,6081509000000,6081601000000,6081801000000,6082001000000,697595000,421586000,643116000,549758000,574154000
1780791044,51813000,4851,1,U,N,6086940000000,6086888000000,6086761000000,6086749000000,6086564000000,16415000,613027000,746476000,15978000,132749000,6081401000000,6081509000000,6081601000000,6081801000000,6082001000000,700861000,421586000,643116000,549758000,574154000
1780791044,166746000,4853,1,U,N,6086940000000,6086888000000,6086761000000,6086749000000,6086564000000,16415000,613027000,746476000,15978000,132749000,6081401000000,6081509000000,6081601000000,6081801000000,6082001000000,700861000,421586000,643116000,549758000,574154000
1780791044,252977000,4855,1,U,N,6086940000000,6086888000000,6086761000000,6086749000000,6086564000000,16415000,613027000,746476000,15978000,132749000,6081401000000,6081509000000,6081601000000,6081801000000,6082001000000,700861000,421586000,643116000,549758000,574154000
1780791044,353952000,4857,1,U,N,6086940000000,6086888000000,6086761000000,6086749000000,6086564000000,16415000,613027000,746476000,15978000,132749000,6081401000000,6081509000000,6081601000000,6081801000000,6082001000000,700880000,421586000,643116000,549758000,574154000
1780791044,462544000,4916,1,U,N,6086940000000,6086888000000,6086761000000,6086749000000,6086564000000,16415000,613027000,746476000,15978000,132749000,6081201000000,6081401000000,6081509000000,6081601000000,6081801000000,442645000,700880000,421586000,643116000,549758000
1780791044,560200000,4977,1,U,N,6086940000000,6086888000000,6086761000000,6086749000000,6086564000000,16415000,613027000,746476000,15978000,132749000,6081200000000,6081201000000,6081401000000,6081509000000,6081601000000,529370000,442645000,700880000,421586000,643116000
1780791044,651880000,4980,1,U,N,6086940000000,6086888000000,6086761000000,6086749000000,6086564000000,16415000,613027000,746476000,15978000,132749000,6081200000000,6081201000000,6081401000000,6081509000000,6081601000000,531907000,442645000,700880000,421586000,643116000
